1,1,"RECEPTIONIST",SPEAKER_ABOVE_DIALOGUE,"RECEPTIONIST/Oh, hi.",0.8,NameDatabase@1cd072a9
1,1,"OLD WOMAN",SPEAKER_ABOVE_DIALOGUE,"OLD WOMAN/(apologetically)",0.7,NameDatabase@1cd072a9
1,1,"RECEPTIONIST",SPEAKER_ABOVE_DIALOGUE,"RECEPTIONIST/I think he's in a conference.",0.8,NameDatabase@1cd072a9
1,1,"OLD WOMAN",SPEAKER_ABOVE_DIALOGUE,"OLD WOMAN/Would you just try him? You never know.",0.7,NameDatabase@1cd072a9
1,1,"RECEPTIONIST",SPEAKER_ABOVE_DIALOGUE,"RECEPTIONIST/Of course. Please have a seat.",0.8,NameDatabase@1cd072a9
1,1,"RECEPTIONIST",SPEAKER_WITH_VO_OS,"RECEPTIONIST (CONT'D)/(quietly into headset)",0.8,NameDatabase@1cd072a9
1,1,"OLD WOMAN",SPEAKER_ABOVE_DIALOGUE,"OLD WOMAN/This book -- It's essential that people",0.7,NameDatabase@1cd072a9
1,1,"RECEPTIONIST",SPEAKER_ABOVE_DIALOGUE,"RECEPTIONIST/(nodding sympathetically)",0.8,NameDatabase@1cd072a9
4,4,"MARY",SPEAKER_ABOVE_DIALOGUE,"MARY/May I help you?",1.0,NameDatabase@1cd072a9
4,4,"CLEMENTINE",SPEAKER_ABOVE_DIALOGUE,"CLEMENTINE/(approaching reception area)",0.8,NameDatabase@1cd072a9
4,4,"MARY",SPEAKER_ABOVE_DIALOGUE,"MARY/Yes, please have a seat. He'll be right",1.0,NameDatabase@1cd072a9
4,4,"Mary",NAMEFINDER_ME,"walls . The receptionist , Mary , 25 , can be",1.0,NameDatabase@1cd072a9
4,4,"Clementine",NAMEFINDER_ME,". The door opens and Clementine enters . She ' s",1.0,NameDatabase@1cd072a9
4,4,"Mierzwiak",NAMEFINDER_ME,"' clock with Dr . Mierzwiak . Clementine Kruczynski . Yes",0.9199343476942892,NameDatabase@1cd072a9
5,5,"MIERZWIAK",SPEAKER_WITH_VO_OS,"MIERZWIAK (O.S.)/Yes?",0.95,NameDatabase@1cd072a9
5,5,"MARY",SPEAKER_ABOVE_DIALOGUE,"MARY/Howard, your one o'clock.",1.0,NameDatabase@1cd072a9
5,5,"MIERZWIAK",SPEAKER_ABOVE_DIALOGUE,"MIERZWIAK/(not looking up)",0.7,NameDatabase@1cd072a9
5,5,"MIERZWIAK",SPEAKER_WITH_VO_OS,"MIERZWIAK (CONT'D)/(looking up)",0.95,NameDatabase@1cd072a9
5,5,"MARY",SPEAKER_ABOVE_DIALOGUE,"MARY/(turning back)",1.0,NameDatabase@1cd072a9
5,5,"MIERZWIAK",SPEAKER_ABOVE_DIALOGUE,"MIERZWIAK/Order me a pastrami for after?",0.7,NameDatabase@1cd072a9
5,5,"MARY",SPEAKER_ABOVE_DIALOGUE,"MARY/Cole slaw, ice tea?",1.0,NameDatabase@1cd072a9
5,5,"MIERZWIAK",SPEAKER_ABOVE_DIALOGUE,"MIERZWIAK/(nodding)",0.7,NameDatabase@1cd072a9
5,5,"MARY",SPEAKER_ABOVE_DIALOGUE,"MARY/Welcome, Howard.",1.0,NameDatabase@1cd072a9
5,5,"STAN",SPEAKER_ABOVE_DIALOGUE,"STAN/Boo.",1.0,NameDatabase@1cd072a9
5,5,"MARY",SPEAKER_ABOVE_DIALOGUE,"MARY/Hi.",1.0,NameDatabase@1cd072a9
5,5,"STAN",SPEAKER_ABOVE_DIALOGUE,"STAN/Barely seen you all morning, kiddo.",1.0,NameDatabase@1cd072a9
5,5,"MARY",SPEAKER_ABOVE_DIALOGUE,"MARY/(reprimanding whisper)",1.0,NameDatabase@1cd072a9
5,5,"STAN",SPEAKER_ABOVE_DIALOGUE,"STAN/Sorry. I just --",1.0,NameDatabase@1cd072a9
5,5,"MARY",SPEAKER_ABOVE_DIALOGUE,"MARY/(somewhat guiltilly)",1.0,NameDatabase@1cd072a9
5,5,"STAN",SPEAKER_ABOVE_DIALOGUE,"STAN/I know. Anyway --",1.0,NameDatabase@1cd072a9
5,5,"MARY",SPEAKER_ABOVE_DIALOGUE,"MARY/Anyway, I've got to do my tap",1.0,NameDatabase@1cd072a9
5,5,"STAN",SPEAKER_ABOVE_DIALOGUE,"STAN/See you later, alligator.",1.0,NameDatabase@1cd072a9
5,5,"MARY",SPEAKER_ABOVE_DIALOGUE,"MARY/'kay.",1.0,NameDatabase@1cd072a9
5,5,"STAN",SPEAKER_ABOVE_DIALOGUE,"STAN/Hey, if you're ordering lunch for",1.0,NameDatabase@1cd072a9
5,5,"MARY",SPEAKER_ABOVE_DIALOGUE,"MARY/I better do this, Stan.",1.0,NameDatabase@1cd072a9
5,5,"MARY",SPEAKER_WITH_VO_OS,"MARY (CONT'D)/Ms. Kruczynski?",1.0,NameDatabase@1cd072a9
5,5,"CLEMENTINE",SPEAKER_WITH_VO_OS,"CLEMENTINE (O.S.)/Hi.",1.0,NameDatabase@1cd072a9
5,5,"MARY",SPEAKER_ABOVE_DIALOGUE,"MARY/(professionally courteous)",1.0,NameDatabase@1cd072a9
5,5,"CLEMENTINE",SPEAKER_ABOVE_DIALOGUE,"CLEMENTINE/Okay, I guess.",0.8,NameDatabase@1cd072a9
5,5,"MARY",SPEAKER_ABOVE_DIALOGUE,"MARY/(at Mierzwiak's office)",1.0,NameDatabase@1cd072a9
5,5,"MIERZWIAK",SPEAKER_ABOVE_DIALOGUE,"MIERZWIAK/Ms. Kruczynski, please come in.",0.7,NameDatabase@1cd072a9
5,5,"Mary",NAMEFINDER_ME,"closed door . Yes ? Mary opens the door , peeks",1.0,NameDatabase@1cd072a9
5,5,"Howard Mierzwiak",NAMEFINDER_ME,"door , peeks in . Howard Mierzwiak , 40 ' s ,",1.0,NameDatabase@1cd072a9
5,5,"Howard",NAMEFINDER_ME,"desk studying some papers . Howard , your one o '",1.0,NameDatabase@1cd072a9
5,5,"Mierzwiak",NAMEFINDER_ME,"' s equally clear that Mierzwiak doesn ' t have a",0.8088404687937678,NameDatabase@1cd072a9
5,5,"Cole",NAMEFINDER_ME,"a pastrami for after ? Cole slaw , ice tea ?",1.0,NameDatabase@1cd072a9
5,5,"Howard",NAMEFINDER_ME,") Thanks . Welcome , Howard . She smiles and heads",1.0,NameDatabase@1cd072a9
5,5,"Stan",NAMEFINDER_ME,"heads down the hall . Stan , 30 ' s ,",1.0,NameDatabase@1cd072a9
5,5,"Stan",NAMEFINDER_ME,"to the reception area . Stan nods . See you later",1.0,NameDatabase@1cd072a9
5,5,"Stan",NAMEFINDER_ME,"do this , Stan . Stan nods again and Mary opens",1.0,NameDatabase@1cd072a9
5,5,"Mary",NAMEFINDER_ME,". Stan nods again and Mary opens the door to the",1.0,NameDatabase@1cd072a9
5,5,"Kruczynski",NAMEFINDER_ME,"waiting room . Ms . Kruczynski ? Hi . After a",1.0,NameDatabase@1cd072a9
5,5,"Mary",NAMEFINDER_ME,"appears in the doorway . Mary leads her down the hall",1.0,NameDatabase@1cd072a9
5,5,"Kruczynski",NAMEFINDER_ME,"his desk . Ms . Kruczynski , please come in .",1.0,NameDatabase@1cd072a9
5,5,"Mary",NAMEFINDER_ME,"Clementine enters the office . Mary smiles at Mierzwiak and closes",1.0,NameDatabase@1cd072a9
6,6,"MIERZWIAK",SPEAKER_ABOVE_DIALOGUE,"MIERZWIAK/How are you today?",0.7,NameDatabase@1cd072a9
6,6,"CLEMENTINE",SPEAKER_ABOVE_DIALOGUE,"CLEMENTINE/Okay, I guess.",0.8,NameDatabase@1cd072a9
6,6,"MIERZWIAK",SPEAKER_ABOVE_DIALOGUE,"MIERZWIAK/(nodding sympathetically)",0.7,NameDatabase@1cd072a9
6,6,"CLEMENTINE",SPEAKER_ABOVE_DIALOGUE,"CLEMENTINE/I don't care.",0.8,NameDatabase@1cd072a9
6,6,"CLEMENTINE",SPEAKER_WITH_VO_OS,"CLEMENTINE (CONT'D)/Well, I've been having a bad time of it",1.0,NameDatabase@1cd072a9
6,6,"MIERZWIAK",SPEAKER_ABOVE_DIALOGUE,"MIERZWIAK/You guess he's your boyfriend? Or you",0.7,NameDatabase@1cd072a9
6,6,"CLEMENTINE",SPEAKER_ABOVE_DIALOGUE,"CLEMENTINE/What? No. I don't like the term",0.8,NameDatabase@1cd072a9
6,6,"CLEMENTINE",SPEAKER_WITH_VO_OS,"CLEMENTINE (CONT'D)/Maybe gay isn't the right word. But,",1.0,NameDatabase@1cd072a9
6,6,"MIERZWIAK",SPEAKER_ABOVE_DIALOGUE,"MIERZWIAK/I think I know. I think we can help. Why",0.7,NameDatabase@1cd072a9
6,6,"CLEMENTINE",SPEAKER_ABOVE_DIALOGUE,"CLEMENTINE/Um, well, he's a fucking tidy one --",0.8,NameDatabase@1cd072a9
7,7,"Joel",NAMEFINDER_ME,"crowded with business commuters . Joel is among them . He",1.0,NameDatabase@1cd072a9
7,7,"Joel",NAMEFINDER_ME,"up to that platform . Joel gets on and watches the",1.0,NameDatabase@1cd072a9
8,8,"JOEL",SPEAKER_ABOVE_DIALOGUE,"JOEL/Hi, Cindy. Joel. Listen, I'm not",1.0,NameDatabase@1cd072a9
8,8,"Joel",NAMEFINDER_ME,"Joel talks on a phone .",1.0,NameDatabase@1cd072a9
8,8,"Joel",NAMEFINDER_ME,". Hi , Cindy . Joel . Listen , I '",1.0,NameDatabase@1cd072a9
9,9,"JOEL",SPEAKER_ABOVE_DIALOGUE,"JOEL/January 13th, 2006. Today I skipped work",1.0,NameDatabase@1cd072a9
9,9,"Joel",NAMEFINDER_ME,"Joel wanders the windy , empty",1.0,NameDatabase@1cd072a9
9,9,"Naomi",NAMEFINDER_ME,"Nothing changes . I saw Naomi last night . We had",0.9302012967469924,NameDatabase@1cd072a9
9,9,"Joel",NAMEFINDER_ME,"out at the ocean . Joel writes . JOEL ( V",1.0,NameDatabase@1cd072a9
9,9,"Joel",NAMEFINDER_ME,"to Naomi . Later : Joel walks up near the beach",1.0,NameDatabase@1cd072a9
9,9,"Joel",NAMEFINDER_ME,"dark window . Later : Joel digs into the sand with",1.0,NameDatabase@1cd072a9
10,10,"WAITRESS",SPEAKER_ABOVE_DIALOGUE,"WAITRESS/Coffee?",0.8,NameDatabase@1cd072a9
10,10,"CLEMENTINE",SPEAKER_ABOVE_DIALOGUE,"CLEMENTINE/God, yes. You've saved my life!",0.8,NameDatabase@1cd072a9
10,10,"WAITRESS",SPEAKER_ABOVE_DIALOGUE,"WAITRESS/You know what you want yet?",0.8,NameDatabase@1cd072a9
10,10,"CLEMENTINE",SPEAKER_ABOVE_DIALOGUE,"CLEMENTINE/(laughing)",0.8,NameDatabase@1cd072a9
10,10,"CLEMENTINE",SPEAKER_WITH_VO_OS,"CLEMENTINE (CONT'D)/You got grilled cheese and tomato soup?",1.0,NameDatabase@1cd072a9
10,10,"WAITRESS",SPEAKER_ABOVE_DIALOGUE,"WAITRESS/Yeah. We're having a run on it.",0.8,NameDatabase@1cd072a9
10,10,"CLEMENTINE",SPEAKER_ABOVE_DIALOGUE,"CLEMENTINE/(calling)",0.8,NameDatabase@1cd072a9
10,10,"Joel",NAMEFINDER_ME,"off - season empty . Joel sits in a booth and",1.0,NameDatabase@1cd072a9
10,10,"Clementine",NAMEFINDER_ME,"coffee at the counter . Clementine enters , looks around ,",1.0,NameDatabase@1cd072a9
10,10,"Joel",NAMEFINDER_ME,"takes off her hood . Joel glances at her bright blue",1.0,NameDatabase@1cd072a9
10,10,"Joel",NAMEFINDER_ME,"empty booth and sits . Joel studies her discreetly . The",1.0,NameDatabase@1cd072a9
10,10,"Joel",NAMEFINDER_ME,"place . Her eyes meet Joel ' s before he is",1.0,NameDatabase@1cd072a9
10,10,"Joel",NAMEFINDER_ME,"and starts to read . Joel glances up , tries to",1.0,NameDatabase@1cd072a9
11,11,"Joel",NAMEFINDER_ME,"Joel stares out at the ocean",1.0,NameDatabase@1cd072a9
11,11,"Joel",NAMEFINDER_ME,"at it , too . Joel glances sideways at her then",1.0,NameDatabase@1cd072a9
12,12,"Clementine",NAMEFINDER_ME,"waiting for a train . Clementine enters the platform , sees",1.0,NameDatabase@1cd072a9
12,12,"Joel",NAMEFINDER_ME,"enters the platform , sees Joel , the only other person",1.0,NameDatabase@1cd072a9
12,12,"Joel",NAMEFINDER_ME,"far down the platform . Joel stares at his hands ,",1.0,NameDatabase@1cd072a9
13,13,"CLEMENTINE",SPEAKER_ABOVE_DIALOGUE,"CLEMENTINE/(calling over the rumble)",0.8,NameDatabase@1cd072a9
13,13,"JOEL",SPEAKER_ABOVE_DIALOGUE,"JOEL/I'm sorry.",1.0,NameDatabase@1cd072a9
13,13,"CLEMENTINE",SPEAKER_ABOVE_DIALOGUE,"CLEMENTINE/Why?",0.8,NameDatabase@1cd072a9
13,13,"JOEL",SPEAKER_ABOVE_DIALOGUE,"JOEL/Why what?",1.0,NameDatabase@1cd072a9
13,13,"CLEMENTINE",SPEAKER_ABOVE_DIALOGUE,"CLEMENTINE/Why are you sorry? I just said hi.",0.8,NameDatabase@1cd072a9
13,13,"JOEL",SPEAKER_ABOVE_DIALOGUE,"JOEL/No, I didn't know if you were talking to",1.0,NameDatabase@1cd072a9
13,13,"CLEMENTINE",SPEAKER_ABOVE_DIALOGUE,"CLEMENTINE/Really?",0.8,NameDatabase@1cd072a9
13,13,"JOEL",SPEAKER_ABOVE_DIALOGUE,"JOEL/(embarrassed)",1.0,NameDatabase@1cd072a9
13,13,"CLEMENTINE",SPEAKER_ABOVE_DIALOGUE,"CLEMENTINE/Aw, c'mon, live dangerously. Take the",0.8,NameDatabase@1cd072a9
13,13,"JOEL",SPEAKER_ABOVE_DIALOGUE,"JOEL/Anyway. Sorry. Hi.",1.0,NameDatabase@1cd072a9
13,13,"CLEMENTINE",SPEAKER_ABOVE_DIALOGUE,"CLEMENTINE/It's okay if I sit closer? So I don't",0.8,NameDatabase@1cd072a9
13,13,"JOEL",SPEAKER_ABOVE_DIALOGUE,"JOEL/No, I mean, I don't know. I can't really",1.0,NameDatabase@1cd072a9
13,13,"CLEMENTINE",SPEAKER_ABOVE_DIALOGUE,"CLEMENTINE/Oh. So...",0.8,NameDatabase@1cd072a9
13,13,"JOEL",SPEAKER_ABOVE_DIALOGUE,"JOEL/I mean, it's okay if you want to sit down",1.0,NameDatabase@1cd072a9
13,13,"CLEMENTINE",SPEAKER_ABOVE_DIALOGUE,"CLEMENTINE/No, I don't want to bug you if you're",0.8,NameDatabase@1cd072a9
13,13,"JOEL",SPEAKER_ABOVE_DIALOGUE,"JOEL/It's okay, really.",1.0,NameDatabase@1cd072a9
13,13,"CLEMENTINE",SPEAKER_ABOVE_DIALOGUE,"CLEMENTINE/Just, you know, to chat a little, maybe.",0.8,NameDatabase@1cd072a9
13,13,"CLEMENTINE",SPEAKER_ABOVE_DIALOGUE,"CLEMENTINE/Get out! Me too! What are the odds?",0.8,NameDatabase@1cd072a9
13,13,"JOEL",SPEAKER_ABOVE_DIALOGUE,"JOEL/The weirder part is I think actually I",1.0,NameDatabase@1cd072a9
13,13,"CLEMENTINE",SPEAKER_ABOVE_DIALOGUE,"CLEMENTINE/Ucch, really? You're kidding. God.",0.8,NameDatabase@1cd072a9
13,13,"JOEL",SPEAKER_ABOVE_DIALOGUE,"JOEL/Really? Because --",1.0,NameDatabase@1cd072a9
13,13,"CLEMENTINE",SPEAKER_ABOVE_DIALOGUE,"CLEMENTINE/Jesus, is it five years? I gotta quit",0.8,NameDatabase@1cd072a9
13,13,"JOEL",SPEAKER_ABOVE_DIALOGUE,"JOEL/-- because I go there all the time. I",1.0,NameDatabase@1cd072a9
13,13,"CLEMENTINE",SPEAKER_ABOVE_DIALOGUE,"CLEMENTINE/Well, I'm there. I hide in the back as",0.8,NameDatabase@1cd072a9
13,13,"JOEL",SPEAKER_ABOVE_DIALOGUE,"JOEL/I don't have one.",1.0,NameDatabase@1cd072a9
13,13,"CLEMENTINE",SPEAKER_ABOVE_DIALOGUE,"CLEMENTINE/I'll go on the dole. Like my daddy",0.8,NameDatabase@1cd072a9
13,13,"JOEL",SPEAKER_ABOVE_DIALOGUE,"JOEL/I noticed your hair. I guess it made an",1.0,NameDatabase@1cd072a9
13,13,"CLEMENTINE",SPEAKER_ABOVE_DIALOGUE,"CLEMENTINE/Ah, the hair.",0.8,NameDatabase@1cd072a9
13,13,"JOEL",SPEAKER_ABOVE_DIALOGUE,"JOEL/I like it.",1.0,NameDatabase@1cd072a9
13,13,"CLEMENTINE",SPEAKER_ABOVE_DIALOGUE,"CLEMENTINE/Blue ruin is cheap gin in case you were",0.8,NameDatabase@1cd072a9
13,13,"JOEL",SPEAKER_ABOVE_DIALOGUE,"JOEL/Yeah. Tom Waits says it in --",1.0,NameDatabase@1cd072a9
13,13,"CLEMENTINE",SPEAKER_ABOVE_DIALOGUE,"CLEMENTINE/Exactly! Tom Waits. Which song?",0.8,NameDatabase@1cd072a9
13,13,"JOEL",SPEAKER_ABOVE_DIALOGUE,"JOEL/I can't remember.",1.0,NameDatabase@1cd072a9
13,13,"CLEMENTINE",SPEAKER_ABOVE_DIALOGUE,"CLEMENTINE/Anyway, this company makes a whole line",0.8,NameDatabase@1cd072a9
13,13,"JOEL",SPEAKER_ABOVE_DIALOGUE,"JOEL/I don't really know how --",1.0,NameDatabase@1cd072a9
13,13,"CLEMENTINE",SPEAKER_ABOVE_DIALOGUE,"CLEMENTINE/Purple Haze, Pink Eraser.",0.8,NameDatabase@1cd072a9
13,13,"JOEL",SPEAKER_ABOVE_DIALOGUE,"JOEL/You think that could possibly be a full",1.0,NameDatabase@1cd072a9
13,13,"CLEMENTINE",SPEAKER_ABOVE_DIALOGUE,"CLEMENTINE/(pissy)",0.8,NameDatabase@1cd072a9
13,13,"JOEL",SPEAKER_ABOVE_DIALOGUE,"JOEL/I'm sure you would.",1.0,NameDatabase@1cd072a9
13,13,"CLEMENTINE",SPEAKER_ABOVE_DIALOGUE,"CLEMENTINE/My writing career! Your hair written by",0.8,NameDatabase@1cd072a9
13,13,"JOEL",SPEAKER_ABOVE_DIALOGUE,"JOEL/You sure? That doesn't sound --",1.0,NameDatabase@1cd072a9
13,13,"CLEMENTINE",SPEAKER_ABOVE_DIALOGUE,"CLEMENTINE/I think. Anyway, I've tried all their",0.8,NameDatabase@1cd072a9
13,13,"JOEL",SPEAKER_ABOVE_DIALOGUE,"JOEL/Oh, I doubt that's the case.",1.0,NameDatabase@1cd072a9
13,13,"CLEMENTINE",SPEAKER_ABOVE_DIALOGUE,"CLEMENTINE/Well, you don't know me, so... you don't",0.8,NameDatabase@1cd072a9
13,13,"JOEL",SPEAKER_ABOVE_DIALOGUE,"JOEL/Sorry. I was just trying to be nice.",1.0,NameDatabase@1cd072a9
13,13,"CLEMENTINE",SPEAKER_ABOVE_DIALOGUE,"CLEMENTINE/Yeah, I got it.",0.8,NameDatabase@1cd072a9
13,13,"CLEMENTINE",SPEAKER_WITH_VO_OS,"CLEMENTINE (CONT'D)/My name's Clementine, by the way.",1.0,NameDatabase@1cd072a9
13,13,"JOEL",SPEAKER_ABOVE_DIALOGUE,"JOEL/I'm Joel.",1.0,NameDatabase@1cd072a9
13,13,"CLEMENTINE",SPEAKER_ABOVE_DIALOGUE,"CLEMENTINE/No jokes about my name? Oh, you wouldn't",0.8,NameDatabase@1cd072a9
13,13,"JOEL",SPEAKER_ABOVE_DIALOGUE,"JOEL/I don't know any jokes about your name.",1.0,NameDatabase@1cd072a9
13,13,"CLEMENTINE",SPEAKER_ABOVE_DIALOGUE,"CLEMENTINE/Huckleberry Hound?",0.8,NameDatabase@1cd072a9
13,13,"JOEL",SPEAKER_ABOVE_DIALOGUE,"JOEL/I don't know what that means.",1.0,NameDatabase@1cd072a9
13,13,"CLEMENTINE",SPEAKER_ABOVE_DIALOGUE,"CLEMENTINE/Huckleberry Hound! What, are you nuts?",0.8,NameDatabase@1cd072a9
13,13,"JOEL",SPEAKER_ABOVE_DIALOGUE,"JOEL/I'm nut nuts.",1.0,NameDatabase@1cd072a9
13,13,"CLEMENTINE",SPEAKER_ABOVE_DIALOGUE,"CLEMENTINE/(singing)",0.8,NameDatabase@1cd072a9
13,13,"JOEL",SPEAKER_ABOVE_DIALOGUE,"JOEL/Sorry. It's a pretty name, though. It",1.0,NameDatabase@1cd072a9
13,13,"CLEMENTINE",SPEAKER_ABOVE_DIALOGUE,"CLEMENTINE/(impressed)",0.8,NameDatabase@1cd072a9
13,13,"JOEL",SPEAKER_ABOVE_DIALOGUE,"JOEL/See, I wouldn't think that about you.",1.0,NameDatabase@1cd072a9
13,13,"CLEMENTINE",SPEAKER_ABOVE_DIALOGUE,"CLEMENTINE/(pissy)",0.8,NameDatabase@1cd072a9
13,13,"JOEL",SPEAKER_ABOVE_DIALOGUE,"JOEL/Oh. I don't know. I was just... I don't",1.0,NameDatabase@1cd072a9
13,13,"CLEMENTINE",SPEAKER_ABOVE_DIALOGUE,"CLEMENTINE/Now I'm nice? Don't you know any other",0.8,NameDatabase@1cd072a9
13,13,"JOEL",SPEAKER_ABOVE_DIALOGUE,"JOEL/Well, anyway... Sorry.",1.0,NameDatabase@1cd072a9
13,13,"CLEMENTINE",SPEAKER_ABOVE_DIALOGUE,"CLEMENTINE/I just don't think ""nice"" is a",0.8,NameDatabase@1cd072a9
13,13,"CLEMENTINE",SPEAKER_ABOVE_DIALOGUE,"CLEMENTINE/What is nice, anyway? I mean, besides an",0.8,NameDatabase@1cd072a9
13,13,"CLEMENTINE",SPEAKER_WITH_VO_OS,"CLEMENTINE (CONT'D)/It doesn't reveal anything. Nice is",1.0,NameDatabase@1cd072a9
13,13,"CLEMENTINE",SPEAKER_WITH_VO_OS,"CLEMENTINE (CONT'D)/And life is more interesting than that.",1.0,NameDatabase@1cd072a9
13,13,"CLEMENTINE",SPEAKER_WITH_VO_OS,"CLEMENTINE (CONT'D)/I don't need nice. I don't need myself",1.0,NameDatabase@1cd072a9
13,13,"JOEL",SPEAKER_ABOVE_DIALOGUE,"JOEL/Okay.",1.0,NameDatabase@1cd072a9
13,13,"CLEMENTINE",SPEAKER_ABOVE_DIALOGUE,"CLEMENTINE/Shit. Shit. I know it's here. Hold on.",0.8,NameDatabase@1cd072a9
13,13,"CLEMENTINE",SPEAKER_WITH_VO_OS,"CLEMENTINE (CONT'D)/Damn it. DAMN IT!",1.0,NameDatabase@1cd072a9
13,13,"CLEMENTINE",SPEAKER_ABOVE_DIALOGUE,"CLEMENTINE/Joel? It's Joel, right?",0.8,NameDatabase@1cd072a9
13,13,"JOEL",SPEAKER_ABOVE_DIALOGUE,"JOEL/Yes?",1.0,NameDatabase@1cd072a9
13,13,"CLEMENTINE",SPEAKER_ABOVE_DIALOGUE,"CLEMENTINE/I'm sorry I... yelled at you. Was it",0.8,NameDatabase@1cd072a9
13,13,"JOEL",SPEAKER_ABOVE_DIALOGUE,"JOEL/That's okay.",1.0,NameDatabase@1cd072a9
13,13,"CLEMENTINE",SPEAKER_ABOVE_DIALOGUE,"CLEMENTINE/(stares out window)",0.8,NameDatabase@1cd072a9
13,13,"JOEL",SPEAKER_ABOVE_DIALOGUE,"JOEL/It's no problem. Anyway, I have some",1.0,NameDatabase@1cd072a9
13,13,"CLEMENTINE",SPEAKER_ABOVE_DIALOGUE,"CLEMENTINE/Oh, okay. Well, sure, I'll just...",0.8,NameDatabase@1cd072a9
13,13,"JOEL",SPEAKER_ABOVE_DIALOGUE,"JOEL/(pulling journal from",1.0,NameDatabase@1cd072a9
13,13,"CLEMENTINE",SPEAKER_ABOVE_DIALOGUE,"CLEMENTINE/(heading toward other end of",0.8,NameDatabase@1cd072a9
13,13,"Clementine",NAMEFINDER_ME,"door between cars opens and Clementine enters . Joel looks up",1.0,NameDatabase@1cd072a9
13,13,"Joel",NAMEFINDER_ME,"opens and Clementine enters . Joel looks up . Clementine is",1.0,NameDatabase@1cd072a9
13,13,"Clementine",NAMEFINDER_ME,". Joel looks up . Clementine is not looking at him",0.9903139508210322,NameDatabase@1cd072a9
13,13,"Joel",NAMEFINDER_ME,"end of the car . Joel looks out the window .",1.0,NameDatabase@1cd072a9
13,13,"Joel",NAMEFINDER_ME,"the rumble ) Hi ! Joel looks over . I '",1.0,NameDatabase@1cd072a9
13,13,"Aw",NAMEFINDER_ME,"t want to assume . Aw , c ' mon ,",0.983802458438068,NameDatabase@1cd072a9
13,13,"Joel",NAMEFINDER_ME,"way down the aisle towards Joel . It ' s okay",1.0,NameDatabase@1cd072a9
13,13,"Ah",NAMEFINDER_ME,"sure I recognized you . Ah , the hair . (",1.0,NameDatabase@1cd072a9
13,13,"Tom Waits",NAMEFINDER_ME,"were wondering . Yeah . Tom Waits says it in -- Exactly",1.0,NameDatabase@1cd072a9
13,13,"Tom Waits",NAMEFINDER_ME,"it in -- Exactly ! Tom Waits . Which song ? I",1.0,NameDatabase@1cd072a9
13,13,"Green Revolution",NAMEFINDER_ME,"Menace , Yellow Fever , Green Revolution . That ' d be",1.0,NameDatabase@1cd072a9
13,13,"Pink Eraser",NAMEFINDER_ME,"how -- Purple Haze , Pink Eraser . You think that could",1.0,NameDatabase@1cd072a9
13,13,"Tom Waits",NAMEFINDER_ME,"by ( thought ) The Tom Waits album is Rain Dogs .",1.0,NameDatabase@1cd072a9
13,13,"Joel",NAMEFINDER_ME,"the car . Tickets . Joel hands the conductor his ticket",1.0,NameDatabase@1cd072a9
13,13,"Nice",NAMEFINDER_ME,"' t reveal anything . Nice is pandering . Cowardly .",0.8482124933003847,NameDatabase@1cd072a9
13,13,"Joel",NAMEFINDER_ME,"here . The conductor and Joel watch as she gets more",1.0,NameDatabase@1cd072a9
13,13,"Joel",NAMEFINDER_ME,"and sifts frantically through . Joel sees the book she was",1.0,NameDatabase@1cd072a9
13,13,"Stephen Dixon",NAMEFINDER_ME,"' s The Play by Stephen Dixon . Damn it . DAMN",1.0,NameDatabase@1cd072a9
13,13,"Clementine",NAMEFINDER_ME,"into the next car . Clementine shoves stuff back into her",0.9043187361229745,NameDatabase@1cd072a9
13,13,"Joel",NAMEFINDER_ME,", and downs it . Joel is watching all of this",1.0,NameDatabase@1cd072a9
13,13,"Joel",NAMEFINDER_ME,"The train pulls out . Joel ? It ' s Joel",1.0,NameDatabase@1cd072a9
13,13,"Joel",NAMEFINDER_ME,"Joel ? It ' s Joel , right ? Yes ?",1.0,NameDatabase@1cd072a9
13,13,"Clementine",NAMEFINDER_ME,"color - naming job . Clementine sits and stares out the",0.9208962963901347,NameDatabase@1cd072a9
14,14,"Clementine",NAMEFINDER_ME,"in the car now . Clementine has inched a few seats",1.0,NameDatabase@1cd072a9
15,15,"Joel",NAMEFINDER_ME,"train is pretty crowded . Joel stares out the window .",1.0,NameDatabase@1cd072a9
15,15,"Clementine",NAMEFINDER_ME,"stares out the window . Clementine sits closer still to Joel",1.0,NameDatabase@1cd072a9
17,17,"JOEL",SPEAKER_ABOVE_DIALOGUE,"JOEL/Hi. I could give you a ride if you need.",1.0,NameDatabase@1cd072a9
17,17,"CLEMENTINE",SPEAKER_ABOVE_DIALOGUE,"CLEMENTINE/No, that's okay. Thanks, though.",0.8,NameDatabase@1cd072a9
17,17,"JOEL",SPEAKER_ABOVE_DIALOGUE,"JOEL/You're sure? It's cold.",1.0,NameDatabase@1cd072a9
17,17,"CLEMENTINE",SPEAKER_ABOVE_DIALOGUE,"CLEMENTINE/I don't want to take you out of your way.",0.8,NameDatabase@1cd072a9
17,17,"JOEL",SPEAKER_ABOVE_DIALOGUE,"JOEL/It's okay.",1.0,NameDatabase@1cd072a9
17,17,"CLEMENTINE",SPEAKER_ABOVE_DIALOGUE,"CLEMENTINE/Yeah?",0.8,NameDatabase@1cd072a9
17,17,"JOEL",SPEAKER_ABOVE_DIALOGUE,"JOEL/Where do you live?",1.0,NameDatabase@1cd072a9
17,17,"CLEMENTINE",SPEAKER_ABOVE_DIALOGUE,"CLEMENTINE/You're not a stalker or anything, right?",0.8,NameDatabase@1cd072a9
17,17,"JOEL",SPEAKER_ABOVE_DIALOGUE,"JOEL/Well, I probably wouldn't say if I were,",1.0,NameDatabase@1cd072a9
17,17,"CLEMENTINE",SPEAKER_ABOVE_DIALOGUE,"CLEMENTINE/You can't be too careful. I've been",0.8,NameDatabase@1cd072a9
17,17,"JOEL",SPEAKER_ABOVE_DIALOGUE,"JOEL/I'm not a stalker.",1.0,NameDatabase@1cd072a9
17,17,"CLEMENTINE",SPEAKER_ABOVE_DIALOGUE,"CLEMENTINE/(beat)",0.8,NameDatabase@1cd072a9
17,17,"JOEL",SPEAKER_ABOVE_DIALOGUE,"JOEL/Yeah.",1.0,NameDatabase@1cd072a9
17,17,"CLEMENTINE",SPEAKER_ABOVE_DIALOGUE,"CLEMENTINE/Wilmont. Near the high school.",0.8,NameDatabase@1cd072a9
17,17,"CLEMENTINE",SPEAKER_WITH_VO_OS,"CLEMENTINE (CONT'D)/Look, I'm very sorry I came off sort of",1.0,NameDatabase@1cd072a9
17,17,"JOEL",SPEAKER_ABOVE_DIALOGUE,"JOEL/It's okay. I didn't think you were.",1.0,NameDatabase@1cd072a9
17,17,"CLEMENTINE",SPEAKER_ABOVE_DIALOGUE,"CLEMENTINE/So you like bookstores, huh?",0.8,NameDatabase@1cd072a9
17,17,"JOEL",SPEAKER_ABOVE_DIALOGUE,"JOEL/I like to read.",1.0,NameDatabase@1cd072a9
17,17,"CLEMENTINE",SPEAKER_ABOVE_DIALOGUE,"CLEMENTINE/Me too. It is Rain Dogs, by the way.",0.8,NameDatabase@1cd072a9
17,17,"JOEL",SPEAKER_ABOVE_DIALOGUE,"JOEL/Yeah? I can't remember that album very",1.0,NameDatabase@1cd072a9
17,17,"CLEMENTINE",SPEAKER_ABOVE_DIALOGUE,"CLEMENTINE/The song's 9th and Hennepin. I spent",0.8,NameDatabase@1cd072a9
17,17,"JOEL",SPEAKER_ABOVE_DIALOGUE,"JOEL/Sort of, um...",1.0,NameDatabase@1cd072a9
17,17,"CLEMENTINE",SPEAKER_ABOVE_DIALOGUE,"CLEMENTINE/Remember? ""And you take on the dreams of",0.8,NameDatabase@1cd072a9
17,17,"JOEL",SPEAKER_ABOVE_DIALOGUE,"JOEL/What?",1.0,NameDatabase@1cd072a9
17,17,"CLEMENTINE",SPEAKER_ABOVE_DIALOGUE,"CLEMENTINE/I'm just a bit of a wreck. ""I sleep in",0.8,NameDatabase@1cd072a9
17,17,"CLEMENTINE",SPEAKER_WITH_VO_OS,"CLEMENTINE (CONT'D)/Thanks very much. That was very nice of",1.0,NameDatabase@1cd072a9
17,17,"JOEL",SPEAKER_ABOVE_DIALOGUE,"JOEL/Well, I wouldn't want to be --",1.0,NameDatabase@1cd072a9
17,17,"CLEMENTINE",SPEAKER_ABOVE_DIALOGUE,"CLEMENTINE/Oh, geez, I'm full of shit. I already",0.8,NameDatabase@1cd072a9
17,17,"JOEL",SPEAKER_ABOVE_DIALOGUE,"JOEL/Take care.",1.0,NameDatabase@1cd072a9
17,17,"CLEMENTINE",SPEAKER_ABOVE_DIALOGUE,"CLEMENTINE/(turning back)",0.8,NameDatabase@1cd072a9
17,17,"JOEL",SPEAKER_ABOVE_DIALOGUE,"JOEL/Um --",1.0,NameDatabase@1cd072a9
17,17,"CLEMENTINE",SPEAKER_ABOVE_DIALOGUE,"CLEMENTINE/Never mind. Sorry, that was stupid. I'm",0.8,NameDatabase@1cd072a9
17,17,"Clementine",NAMEFINDER_ME,"Anyway . See Ya . Clementine opens the car door .",1.0,NameDatabase@1cd072a9
18,18,"CLEMENTINE",SPEAKER_ABOVE_DIALOGUE,"CLEMENTINE/Thanks. I like it, too. Been here about",0.8,NameDatabase@1cd072a9
18,18,"CLEMENTINE",SPEAKER_WITH_VO_OS,"CLEMENTINE (CONT'D)/Two blue ruins...",1.0,NameDatabase@1cd072a9
18,18,"CLEMENTINE",SPEAKER_WITH_VO_OS,"CLEMENTINE (CONT'D)/You like that?",1.0,NameDatabase@1cd072a9
18,18,"JOEL",SPEAKER_ABOVE_DIALOGUE,"JOEL/Very much.",1.0,NameDatabase@1cd072a9
18,18,"CLEMENTINE",SPEAKER_ABOVE_DIALOGUE,"CLEMENTINE/This... someone gave that to me, just",0.8,NameDatabase@1cd072a9
18,18,"JOEL",SPEAKER_ABOVE_DIALOGUE,"JOEL/Thanks. That was good, that crow sound.",1.0,NameDatabase@1cd072a9
18,18,"CLEMENTINE",SPEAKER_ABOVE_DIALOGUE,"CLEMENTINE/Do you believe in that stuff?",0.8,NameDatabase@1cd072a9
18,18,"JOEL",SPEAKER_ABOVE_DIALOGUE,"JOEL/I don't know.",1.0,NameDatabase@1cd072a9
18,18,"CLEMENTINE",SPEAKER_ABOVE_DIALOGUE,"CLEMENTINE/Me neither. Oh, there's an inscription",0.8,NameDatabase@1cd072a9
18,18,"JOEL",SPEAKER_ABOVE_DIALOGUE,"JOEL/Frost?",1.0,NameDatabase@1cd072a9
18,18,"CLEMENTINE",SPEAKER_ABOVE_DIALOGUE,"CLEMENTINE/(impressed)",0.8,NameDatabase@1cd072a9
18,18,"JOEL",SPEAKER_ABOVE_DIALOGUE,"JOEL/It's pretty.",1.0,NameDatabase@1cd072a9
18,18,"CLEMENTINE",SPEAKER_ABOVE_DIALOGUE,"CLEMENTINE/I miss grade school. I don't know why",0.8,NameDatabase@1cd072a9
18,18,"JOEL",SPEAKER_ABOVE_DIALOGUE,"JOEL/Cheers.",1.0,NameDatabase@1cd072a9
18,18,"CLEMENTINE",SPEAKER_ABOVE_DIALOGUE,"CLEMENTINE/God, that feels so fucking good. Take",0.8,NameDatabase@1cd072a9
18,18,"JOEL",SPEAKER_ABOVE_DIALOGUE,"JOEL/I'm fine.",1.0,NameDatabase@1cd072a9
18,18,"CLEMENTINE",SPEAKER_ABOVE_DIALOGUE,"CLEMENTINE/Yeah? Well, have a seat, anyway.",0.8,NameDatabase@1cd072a9
18,18,"CLEMENTINE",SPEAKER_WITH_VO_OS,"CLEMENTINE (CONT'D)/Ready for another?",1.0,NameDatabase@1cd072a9
18,18,"JOEL",SPEAKER_ABOVE_DIALOGUE,"JOEL/No, I'm okay for now.",1.0,NameDatabase@1cd072a9
18,18,"CLEMENTINE",SPEAKER_ABOVE_DIALOGUE,"CLEMENTINE/Well, I'm ready. Put some music on.",0.8,NameDatabase@1cd072a9
18,18,"JOEL",SPEAKER_ABOVE_DIALOGUE,"JOEL/What do you want to hear?",1.0,NameDatabase@1cd072a9
18,18,"CLEMENTINE",SPEAKER_WITH_VO_OS,"CLEMENTINE (O.S.)/You pick it.",1.0,NameDatabase@1cd072a9
18,18,"JOEL",SPEAKER_ABOVE_DIALOGUE,"JOEL/You just say. I'm not really --",1.0,NameDatabase@1cd072a9
18,18,"CLEMENTINE",SPEAKER_WITH_VO_OS,"CLEMENTINE (O.S.)/I don't know! I can't see them from",1.0,NameDatabase@1cd072a9
18,18,"CLEMENTINE",SPEAKER_WITH_VO_OS,"CLEMENTINE (CONT'D)/Oh, excellent choice.",1.0,NameDatabase@1cd072a9
18,18,"CLEMENTINE",SPEAKER_WITH_VO_OS,"CLEMENTINE (CONT'D)/Mmmmmmm. Way to go, Joel. You pick",1.0,NameDatabase@1cd072a9
18,18,"JOEL",SPEAKER_ABOVE_DIALOGUE,"JOEL/Well, I should probably get going.",1.0,NameDatabase@1cd072a9
18,18,"CLEMENTINE",SPEAKER_ABOVE_DIALOGUE,"CLEMENTINE/No, stay. Just for a little while.",0.8,NameDatabase@1cd072a9
18,18,"JOEL",SPEAKER_ABOVE_DIALOGUE,"JOEL/No. I --",1.0,NameDatabase@1cd072a9
18,18,"CLEMENTINE",SPEAKER_ABOVE_DIALOGUE,"CLEMENTINE/I know a man who needs a refill.",0.8,NameDatabase@1cd072a9
18,18,"JOEL",SPEAKER_ABOVE_DIALOGUE,"JOEL/Thanks.",1.0,NameDatabase@1cd072a9
18,18,"CLEMENTINE",SPEAKER_ABOVE_DIALOGUE,"CLEMENTINE/Drink up, young man. It'll make the",0.8,NameDatabase@1cd072a9
18,18,"CLEMENTINE",SPEAKER_WITH_VO_OS,"CLEMENTINE (CONT'D)/I'm just kidding. C'mon.",1.0,NameDatabase@1cd072a9
18,18,"CLEMENTINE",SPEAKER_WITH_VO_OS,"CLEMENTINE (CONT'D)/Y'know, I'm sort of psychic.",1.0,NameDatabase@1cd072a9
18,18,"JOEL",SPEAKER_ABOVE_DIALOGUE,"JOEL/Yeah?",1.0,NameDatabase@1cd072a9
18,18,"CLEMENTINE",SPEAKER_ABOVE_DIALOGUE,"CLEMENTINE/Well, I go to a psychic and she's always",0.8,NameDatabase@1cd072a9
18,18,"JOEL",SPEAKER_ABOVE_DIALOGUE,"JOEL/I don't know.",1.0,NameDatabase@1cd072a9
18,18,"CLEMENTINE",SPEAKER_ABOVE_DIALOGUE,"CLEMENTINE/Me neither. But sometimes I have",0.8,NameDatabase@1cd072a9
18,18,"JOEL",SPEAKER_ABOVE_DIALOGUE,"JOEL/Yeah, I don't know. It's hard to know.",1.0,NameDatabase@1cd072a9
18,18,"CLEMENTINE",SPEAKER_ABOVE_DIALOGUE,"CLEMENTINE/Exactly. Exactly! That's exactly my",0.8,NameDatabase@1cd072a9
18,18,"JOEL",SPEAKER_ABOVE_DIALOGUE,"JOEL/Yeah, I guess.",1.0,NameDatabase@1cd072a9
18,18,"CLEMENTINE",SPEAKER_ABOVE_DIALOGUE,"CLEMENTINE/(dreamy beat)",0.8,NameDatabase@1cd072a9
18,18,"CLEMENTINE",SPEAKER_WITH_VO_OS,"CLEMENTINE (CONT'D)/It's helpful to think there's some order",1.0,NameDatabase@1cd072a9
18,18,"JOEL",SPEAKER_ABOVE_DIALOGUE,"JOEL/Sorry. My life isn't that interesting.",1.0,NameDatabase@1cd072a9
18,18,"CLEMENTINE",SPEAKER_ABOVE_DIALOGUE,"CLEMENTINE/Oh.",0.8,NameDatabase@1cd072a9
18,18,"JOEL",SPEAKER_ABOVE_DIALOGUE,"JOEL/I think about that.",1.0,NameDatabase@1cd072a9
18,18,"CLEMENTINE",SPEAKER_ABOVE_DIALOGUE,"CLEMENTINE/You're really nice. I'm sorry I yelled",0.8,NameDatabase@1cd072a9
18,18,"JOEL",SPEAKER_ABOVE_DIALOGUE,"JOEL/I do have a tendency to use that word too",1.0,NameDatabase@1cd072a9
18,18,"CLEMENTINE",SPEAKER_ABOVE_DIALOGUE,"CLEMENTINE/I like you. That's the thing about my",0.8,NameDatabase@1cd072a9
18,18,"JOEL",SPEAKER_ABOVE_DIALOGUE,"JOEL/Thanks.",1.0,NameDatabase@1cd072a9
18,18,"CLEMENTINE",SPEAKER_ABOVE_DIALOGUE,"CLEMENTINE/And, anyway, you sell yourself short. I",0.8,NameDatabase@1cd072a9
18,18,"JOEL",SPEAKER_ABOVE_DIALOGUE,"JOEL/Yeah.",1.0,NameDatabase@1cd072a9
18,18,"CLEMENTINE",SPEAKER_ABOVE_DIALOGUE,"CLEMENTINE/(ala Paul Simon)",0.8,NameDatabase@1cd072a9
18,18,"JOEL",SPEAKER_ABOVE_DIALOGUE,"JOEL/Yeah. I think so. It's hard to --",1.0,NameDatabase@1cd072a9
18,18,"CLEMENTINE",SPEAKER_ABOVE_DIALOGUE,"CLEMENTINE/Like I wanted to talk to you. I didn't",0.8,NameDatabase@1cd072a9
18,18,"JOEL",SPEAKER_ABOVE_DIALOGUE,"JOEL/Yeah.",1.0,NameDatabase@1cd072a9
18,18,"CLEMENTINE",SPEAKER_ABOVE_DIALOGUE,"CLEMENTINE/You're very nice. God, I have to stop",0.8,NameDatabase@1cd072a9
18,18,"JOEL",SPEAKER_ABOVE_DIALOGUE,"JOEL/No.",1.0,NameDatabase@1cd072a9
18,18,"CLEMENTINE",SPEAKER_ABOVE_DIALOGUE,"CLEMENTINE/I'm nervous. You don't need to be",0.8,NameDatabase@1cd072a9
18,18,"JOEL",SPEAKER_ABOVE_DIALOGUE,"JOEL/No, not at all.",1.0,NameDatabase@1cd072a9
18,18,"CLEMENTINE",SPEAKER_ABOVE_DIALOGUE,"CLEMENTINE/I don't either. I used to. But I'm",0.8,NameDatabase@1cd072a9
18,18,"CLEMENTINE",SPEAKER_WITH_VO_OS,"CLEMENTINE (CONT'D)/With all the wrinkles and scars and the",1.0,NameDatabase@1cd072a9
18,18,"CLEMENTINE",SPEAKER_WITH_VO_OS,"CLEMENTINE (CONT'D)/(off his reaction)",1.0,NameDatabase@1cd072a9
18,18,"JOEL",SPEAKER_ABOVE_DIALOGUE,"JOEL/Oh, yeah.",1.0,NameDatabase@1cd072a9
18,18,"CLEMENTINE",SPEAKER_ABOVE_DIALOGUE,"CLEMENTINE/That made me cry. But, anyway, we went",0.8,NameDatabase@1cd072a9
18,18,"JOEL",SPEAKER_ABOVE_DIALOGUE,"JOEL/That's scary sounding.",1.0,NameDatabase@1cd072a9
18,18,"CLEMENTINE",SPEAKER_ABOVE_DIALOGUE,"CLEMENTINE/Exactly! I used to do it in college and",0.8,NameDatabase@1cd072a9
18,18,"JOEL",SPEAKER_ABOVE_DIALOGUE,"JOEL/I think so.",1.0,NameDatabase@1cd072a9
18,18,"CLEMENTINE",SPEAKER_ABOVE_DIALOGUE,"CLEMENTINE/I don't believe in that soulmate crap",0.8,NameDatabase@1cd072a9
18,18,"JOEL",SPEAKER_ABOVE_DIALOGUE,"JOEL/Okay.",1.0,NameDatabase@1cd072a9
18,18,"CLEMENTINE",SPEAKER_ABOVE_DIALOGUE,"CLEMENTINE/Yeah? Oh, great!",0.8,NameDatabase@1cd072a9
18,18,"CLEMENTINE",SPEAKER_WITH_VO_OS,"CLEMENTINE (CONT'D)/I'll pack a picnic -- a night picnic --",1.0,NameDatabase@1cd072a9
18,18,"JOEL",SPEAKER_ABOVE_DIALOGUE,"JOEL/(shy)",1.0,NameDatabase@1cd072a9
18,18,"CLEMENTINE",SPEAKER_ABOVE_DIALOGUE,"CLEMENTINE/(pause)",0.8,NameDatabase@1cd072a9
18,18,"JOEL",SPEAKER_ABOVE_DIALOGUE,"JOEL/I have to get up early in the morning",1.0,NameDatabase@1cd072a9
18,18,"CLEMENTINE",SPEAKER_ABOVE_DIALOGUE,"CLEMENTINE/(beat)",0.8,NameDatabase@1cd072a9
18,18,"CLEMENTINE",SPEAKER_WITH_VO_OS,"CLEMENTINE (CONT'D)/I would like you to call me. Would you",1.0,NameDatabase@1cd072a9
18,18,"JOEL",SPEAKER_ABOVE_DIALOGUE,"JOEL/Yes.",1.0,NameDatabase@1cd072a9
18,18,"JOEL",SPEAKER_WITH_VO_OS,"JOEL (CONT'D)/I don't think your personality comes out",1.0,NameDatabase@1cd072a9
18,18,"JOEL",SPEAKER_WITH_VO_OS,"JOEL (CONT'D)/(shyly formal)",1.0,NameDatabase@1cd072a9
18,18,"CLEMENTINE",SPEAKER_ABOVE_DIALOGUE,"CLEMENTINE/You'll call me, right?",0.8,NameDatabase@1cd072a9
18,18,"JOEL",SPEAKER_ABOVE_DIALOGUE,"JOEL/Yeah.",1.0,NameDatabase@1cd072a9
18,18,"CLEMENTINE",SPEAKER_ABOVE_DIALOGUE,"CLEMENTINE/When?",0.8,NameDatabase@1cd072a9
18,18,"JOEL",SPEAKER_ABOVE_DIALOGUE,"JOEL/Tomorrow?",1.0,NameDatabase@1cd072a9
18,18,"CLEMENTINE",SPEAKER_ABOVE_DIALOGUE,"CLEMENTINE/Tonight. Just to test out the phone",0.8,NameDatabase@1cd072a9
18,18,"JOEL",SPEAKER_ABOVE_DIALOGUE,"JOEL/Okay.",1.0,NameDatabase@1cd072a9
18,18,"Clementine",NAMEFINDER_ME,"books on her shelves . Clementine is in the kitchen .",1.0,NameDatabase@1cd072a9
18,18,"Joel",NAMEFINDER_ME,". Two blue ruins ... Joel is looking at a framed",1.0,NameDatabase@1cd072a9
18,18,"Frost",NAMEFINDER_ME,"a day I rued . Frost ? ( impressed ) Yeah",1.0,NameDatabase@1cd072a9
18,18,"Robert Frost",NAMEFINDER_ME,"not , like , a Robert Frost lover by any stretch .",1.0,NameDatabase@1cd072a9
18,18,"Clementine",NAMEFINDER_ME,". They click glasses . Clementine giggles and takes a big",1.0,NameDatabase@1cd072a9
18,18,"Joel",NAMEFINDER_ME,"gulp of her drink . Joel sips . She plops down",1.0,NameDatabase@1cd072a9
18,18,"Clementine",NAMEFINDER_ME,"chair across the room . Clementine finishes her drink . Ready",1.0,NameDatabase@1cd072a9
18,18,"Joel",NAMEFINDER_ME,"Just pick something good . Joel studies the unfamiliar CD '",1.0,NameDatabase@1cd072a9
18,18,"Brian Eno",NAMEFINDER_ME,"Bang On a Can performing Brian Eno ' s Music for Airports",1.0,NameDatabase@1cd072a9
18,18,"Clementine",NAMEFINDER_ME,"and haunting and slow . Clementine falls back onto the couch",1.0,NameDatabase@1cd072a9
18,18,"Joel",NAMEFINDER_ME,"a refill . She grabs Joel ' s drink from his",1.0,NameDatabase@1cd072a9
18,18,"Mary",NAMEFINDER_ME,". Oh , Jesus , Mary , and Joseph , maybe",1.0,NameDatabase@1cd072a9
18,18,"Joseph",NAMEFINDER_ME,"Jesus , Mary , and Joseph , maybe I don '",1.0,NameDatabase@1cd072a9
18,18,"Joel",NAMEFINDER_ME,", closes her eyes . Joel watches her , looks at",1.0,NameDatabase@1cd072a9
18,18,"Clementine",NAMEFINDER_ME,"down at his drink . Clementine starts to cry again .",1.0,NameDatabase@1cd072a9
18,18,"Paul Simon",NAMEFINDER_ME,"? Yeah . ( ala Paul Simon ) What ' s the",1.0,NameDatabase@1cd072a9
18,18,"Joel",NAMEFINDER_ME,"' s the goal , Joel ? ( laughs ) My",1.0,NameDatabase@1cd072a9
18,18,"Joel",NAMEFINDER_ME,"laughs ) My goal , Joel , is to just let",1.0,NameDatabase@1cd072a9
18,18,"Patrick",NAMEFINDER_ME,"again , so I got Patrick and we drove all night",1.0,NameDatabase@1cd072a9
18,18,"Stephen Dixon",NAMEFINDER_ME,"same writers . This writer Stephen Dixon he turned me on to",1.0,NameDatabase@1cd072a9
18,18,"Clementine",NAMEFINDER_ME,"puts on his overcoat . Clementine heads to the phone table",0.9783995376394212,NameDatabase@1cd072a9
21,21,"JOEL",SPEAKER_ABOVE_DIALOGUE,"JOEL/It was snowing.",1.0,NameDatabase@1cd072a9
21,21,"JOEL",SPEAKER_ABOVE_DIALOGUE,"JOEL/The driver waved. So casual, friendly.",1.0,NameDatabase@1cd072a9
21,21,"JOEL",SPEAKER_ABOVE_DIALOGUE,"JOEL/I might be making a mistake.",1.0,NameDatabase@1cd072a9
21,21,"JOEL",SPEAKER_ABOVE_DIALOGUE,"JOEL/Fuck you, Clementine.",1.0,NameDatabase@1cd072a9
21,21,"JOEL",SPEAKER_WITH_VO_OS,"JOEL (CONT'D)/Pink.",1.0,NameDatabase@1cd072a9
21,21,"JOEL",SPEAKER_WITH_VO_OS,"JOEL (CONT'D)/We're sorry, the number you have",1.0,NameDatabase@1cd072a9
21,21,"RECORDED VOICE",SPEAKER_ABOVE_DIALOGUE,"RECORDED VOICE/We're sorry, the number you have dialed",0.7,NameDatabase@1cd072a9
21,21,"JOEL",SPEAKER_WITH_VO_OS,"JOEL (CONT'D)/Bye.",1.0,NameDatabase@1cd072a9
21,21,"JOEL",SPEAKER_WITH_VO_OS,"JOEL (CONT'D)/It's them.",1.0,NameDatabase@1cd072a9
21,21,"JOEL",SPEAKER_WITH_VO_OS,"JOEL (CONT'D)/Fuck.",1.0,NameDatabase@1cd072a9
21,21,"Joel",NAMEFINDER_ME,"Joel enters , dumps his overcoat",1.0,NameDatabase@1cd072a9
21,21,"Joel",NAMEFINDER_ME,"glow of a cigarette . Joel squints to see inside the",1.0,NameDatabase@1cd072a9
21,21,"Joel",NAMEFINDER_ME,"a joke to them . Joel pulls away from the window",1.0,NameDatabase@1cd072a9
21,21,"Even Joel",NAMEFINDER_ME,"surroundings become slightly vague . Even Joel ' s persona and voice",1.0,NameDatabase@1cd072a9
21,21,"Joel",NAMEFINDER_ME,"emotional intensity becoming diffused . Joel does not seem aware of",1.0,NameDatabase@1cd072a9
21,21,"Pink",NAMEFINDER_ME,"initials stamped on it . Pink . ( beat ) There",1.0,NameDatabase@1cd072a9
22,22,"JOEL",SPEAKER_ABOVE_DIALOGUE,"JOEL/I should maybe talk to you.",1.0,NameDatabase@1cd072a9
22,22,"JOEL",SPEAKER_ABOVE_DIALOGUE,"JOEL/I love you and if you knew that... if I",1.0,NameDatabase@1cd072a9
22,22,"JOEL",SPEAKER_ABOVE_DIALOGUE,"JOEL/Clementine.",1.0,NameDatabase@1cd072a9
22,22,"PATRICK",SPEAKER_ABOVE_DIALOGUE,"PATRICK/I just thought I'd say hi. I was in the",1.0,NameDatabase@1cd072a9
22,22,"CLEMENTINE",SPEAKER_ABOVE_DIALOGUE,"CLEMENTINE/You were not.",0.8,NameDatabase@1cd072a9
22,22,"PATRICK",SPEAKER_ABOVE_DIALOGUE,"PATRICK/I was not.",1.0,NameDatabase@1cd072a9
22,22,"CLEMENTINE",SPEAKER_ABOVE_DIALOGUE,"CLEMENTINE/Come over after I'm done here?",0.8,NameDatabase@1cd072a9
22,22,"PATRICK",SPEAKER_ABOVE_DIALOGUE,"PATRICK/I can't. I want to, but I have to study.",1.0,NameDatabase@1cd072a9
22,22,"CLEMENTINE",SPEAKER_ABOVE_DIALOGUE,"CLEMENTINE/You rat.",0.8,NameDatabase@1cd072a9
22,22,"PATRICK",SPEAKER_ABOVE_DIALOGUE,"PATRICK/I really want to, but tonight's",1.0,NameDatabase@1cd072a9
22,22,"JOEL",SPEAKER_ABOVE_DIALOGUE,"JOEL/How could she have done this to me? How",1.0,NameDatabase@1cd072a9
22,22,"CLEMENTINE",SPEAKER_ABOVE_DIALOGUE,"CLEMENTINE/(to Patrick)",0.8,NameDatabase@1cd072a9
22,22,"PATRICK",SPEAKER_ABOVE_DIALOGUE,"PATRICK/It's so cool. You're by far the most",1.0,NameDatabase@1cd072a9
22,22,"CLEMENTINE",SPEAKER_ABOVE_DIALOGUE,"CLEMENTINE/In the room?",0.8,NameDatabase@1cd072a9
22,22,"PATRICK",SPEAKER_ABOVE_DIALOGUE,"PATRICK/In the world.",1.0,NameDatabase@1cd072a9
22,22,"JOEL",SPEAKER_ABOVE_DIALOGUE,"JOEL/What's happening here?",1.0,NameDatabase@1cd072a9
22,22,"Joel",NAMEFINDER_ME,", visually and emotionally . Joel is in the midst of",1.0,NameDatabase@1cd072a9
22,22,"Joel",NAMEFINDER_ME,"maybe talk to her . Joel rises and heads toward Clementine",1.0,NameDatabase@1cd072a9
22,22,"Joel",NAMEFINDER_ME,"again and ... Right before Joel gets there , Patrick ,",1.0,NameDatabase@1cd072a9
22,22,"Patrick",NAMEFINDER_ME,"before Joel gets there , Patrick , a skinny young man",1.0,NameDatabase@1cd072a9
22,22,"Joel",NAMEFINDER_ME,"young man approaches Clementine . Joel stops , watches . The",1.0,NameDatabase@1cd072a9
22,22,"Patrick",NAMEFINDER_ME,"giggles , stands and pokes Patrick playfully in the ribs .",1.0,NameDatabase@1cd072a9
22,22,"Joel",NAMEFINDER_ME,". I was not . Joel is mesmerized by their familiarity",1.0,NameDatabase@1cd072a9
22,22,"Patrick",NAMEFINDER_ME,"dry out . Clementine and Patrick continue their flirtation but it",1.0,NameDatabase@1cd072a9
22,22,"Patrick",NAMEFINDER_ME,"to anyone ? ( to Patrick ) You didn ' t",1.0,NameDatabase@1cd072a9
23,23,"JOEL",SPEAKER_ABOVE_DIALOGUE,"JOEL/Gotta get home. How could she do this to",1.0,NameDatabase@1cd072a9
23,23,"JOEL",SPEAKER_ABOVE_DIALOGUE,"JOEL/Them.",1.0,NameDatabase@1cd072a9
25,25,"MARY",SPEAKER_ABOVE_DIALOGUE,"MARY/Hello again, Mr. Barish. Good, you've",1.0,NameDatabase@1cd072a9
25,25,"Mary",NAMEFINDER_ME,"are red from crying . Mary , the receptionist , pokes",1.0,NameDatabase@1cd072a9
25,25,"Barish",NAMEFINDER_ME,"Hello again , Mr . Barish . Good , you '",1.0,NameDatabase@1cd072a9
26,26,"MARY",SPEAKER_ABOVE_DIALOGUE,"MARY/(not looking back)",1.0,NameDatabase@1cd072a9
26,26,"Mary",NAMEFINDER_ME,"walks with his bags behind Mary . ( not looking back",1.0,NameDatabase@1cd072a9
27,27,"MIERZWIAK",SPEAKER_ABOVE_DIALOGUE,"MIERZWIAK/Ah, Mr. Barish. This is Stan. He'll be",0.7,NameDatabase@1cd072a9
27,27,"STAN",SPEAKER_ABOVE_DIALOGUE,"STAN/Mr. Barish.",1.0,NameDatabase@1cd072a9
27,27,"JOEL",SPEAKER_ABOVE_DIALOGUE,"JOEL/How exactly is this going to work",1.0,NameDatabase@1cd072a9
27,27,"MIERZWIAK",SPEAKER_ABOVE_DIALOGUE,"MIERZWIAK/We'll start with your most recent",0.7,NameDatabase@1cd072a9
27,27,"JOEL",SPEAKER_ABOVE_DIALOGUE,"JOEL/Is there any sort of risk of brain",1.0,NameDatabase@1cd072a9
27,27,"MIERZWIAK",SPEAKER_ABOVE_DIALOGUE,"MIERZWIAK/Well, technically, the procedure itself",0.7,NameDatabase@1cd072a9
27,27,"JOEL",SPEAKER_ABOVE_DIALOGUE,"JOEL/It's happening now! I'm already in my",1.0,NameDatabase@1cd072a9
27,27,"MIERZWIAK",SPEAKER_ABOVE_DIALOGUE,"MIERZWIAK/Yes, I suppose you are.",0.7,NameDatabase@1cd072a9
27,27,"STAN",SPEAKER_ABOVE_DIALOGUE,"STAN/We use the articles you brought to create",1.0,NameDatabase@1cd072a9
27,27,"JOEL",SPEAKER_ABOVE_DIALOGUE,"JOEL/But you're tracing and erasing now. It's",1.0,NameDatabase@1cd072a9
27,27,"STAN",SPEAKER_ABOVE_DIALOGUE,"STAN/Very good.",1.0,NameDatabase@1cd072a9
27,27,"MIERZWIAK",SPEAKER_ABOVE_DIALOGUE,"MIERZWIAK/We'll dispose of these mementos when",0.7,NameDatabase@1cd072a9
27,27,"STAN",SPEAKER_ABOVE_DIALOGUE,"STAN/Good. We're getting healthy read-outs.",1.0,NameDatabase@1cd072a9
27,27,"STAN'S VOICE",SPEAKER_ABOVE_DIALOGUE,"STAN'S VOICE/Patrick, do me a favor --",0.7,NameDatabase@1cd072a9
27,27,"Joel",NAMEFINDER_ME,"Joel enters . Mierzwiak stands there",1.0,NameDatabase@1cd072a9
27,27,"Stan",NAMEFINDER_ME,". Mierzwiak stands there with Stan in his lab coat .",1.0,NameDatabase@1cd072a9
27,27,"Ah",NAMEFINDER_ME,"in his lab coat . Ah , Mr . Barish .",1.0,NameDatabase@1cd072a9
27,27,"Barish",NAMEFINDER_ME,". Ah , Mr . Barish . This is Stan .",1.0,NameDatabase@1cd072a9
27,27,"Stan",NAMEFINDER_ME,". Barish . This is Stan . He ' ll be",1.0,NameDatabase@1cd072a9
27,27,"Stan",NAMEFINDER_ME,"of your procedure tonight . Stan nods professionally . Mr .",1.0,NameDatabase@1cd072a9
27,27,"Barish",NAMEFINDER_ME,"nods professionally . Mr . Barish . How exactly is this",1.0,NameDatabase@1cd072a9
27,27,"Joel",NAMEFINDER_ME,"some work to do . Joel is sitting in a chair",1.0,NameDatabase@1cd072a9
27,27,"Stan",NAMEFINDER_ME,"some electronic machinery monitored by Stan . Mierzwiak watches from the",1.0,NameDatabase@1cd072a9
27,27,"Stan",NAMEFINDER_ME,"home in my bed . Stan pulls a snow globe from",1.0,NameDatabase@1cd072a9
27,27,"Stan",NAMEFINDER_ME,"reaction . Very good . Stan pulls out a potato dressed",1.0,NameDatabase@1cd072a9
27,27,"Joel",NAMEFINDER_ME,"as a Vegas showgirl . Joel studies it . The machines",1.0,NameDatabase@1cd072a9
27,27,"Stan",NAMEFINDER_ME,"presence in your home . Stan pulls out a coffee mug",1.0,NameDatabase@1cd072a9
27,27,"Stan",NAMEFINDER_ME,"outs . The room , Stan , and Mierzwiak are now",1.0,NameDatabase@1cd072a9
27,27,"Patrick",NAMEFINDER_ME,"now vague and wispy . Patrick , do me a favor",1.0,NameDatabase@1cd072a9
27,27,"Joel",NAMEFINDER_ME,"do me a favor -- Joel is watching Stan . Stan",1.0,NameDatabase@1cd072a9
27,27,"Stan",NAMEFINDER_ME,"favor -- Joel is watching Stan . Stan is not speaking",1.0,NameDatabase@1cd072a9
27,27,"Stan",NAMEFINDER_ME,"Joel is watching Stan . Stan is not speaking , yet",1.0,NameDatabase@1cd072a9
27,27,"Stan",NAMEFINDER_ME,". Joel looks up . Stan ' s voice seems to",1.0,NameDatabase@1cd072a9
27,27,"STAN'S VOICE",PERSON_NOUN,"STAN'S VOICE (CONT'D)",0.7,null
28,28,"PATRICK",SPEAKER_ABOVE_DIALOGUE,"PATRICK/The voltage looks fine.",1.0,NameDatabase@1cd072a9
28,28,"STAN",SPEAKER_ABOVE_DIALOGUE,"STAN/Then check the connections.",1.0,NameDatabase@1cd072a9
28,28,"PATRICK",SPEAKER_ABOVE_DIALOGUE,"PATRICK/Does that help?",1.0,NameDatabase@1cd072a9
28,28,"STAN",SPEAKER_ABOVE_DIALOGUE,"STAN/Yeah, that looks better. Thanks.",1.0,NameDatabase@1cd072a9
28,28,"Stan",NAMEFINDER_ME,"The machines are operated by Stan , now in grubby street",1.0,NameDatabase@1cd072a9
28,28,"Patrick",NAMEFINDER_ME,"a shave , and by Patrick , dressed similarly . The",1.0,NameDatabase@1cd072a9
28,28,"Stan",NAMEFINDER_ME,"Joel ' s brain . Stan presses buttons and operates a",1.0,NameDatabase@1cd072a9
28,28,"Patrick",NAMEFINDER_ME,"aiming for the lines . Patrick ( who we saw earlier",1.0,NameDatabase@1cd072a9
28,28,"Patrick",NAMEFINDER_ME,"Then check the connections . Patrick fiddles with some jacks .",1.0,NameDatabase@1cd072a9
29,29,"MIERZWIAK",SPEAKER_ABOVE_DIALOGUE,"MIERZWIAK/Ah, your journal. This will be",0.7,NameDatabase@1cd072a9
29,29,"STAN",SPEAKER_ABOVE_DIALOGUE,"STAN/(reading)",1.0,NameDatabase@1cd072a9
29,29,"STAN'S VOICE",SPEAKER_ABOVE_DIALOGUE,"STAN'S VOICE/I think we got this one. Let's push on.",0.7,NameDatabase@1cd072a9
29,29,"Stan",NAMEFINDER_ME,"characters ' affects flat . Stan pulls out a pile of",1.0,NameDatabase@1cd072a9
29,29,"Ah",NAMEFINDER_ME,"pages . Mierzwiak smiles . Ah , your journal . This",1.0,NameDatabase@1cd072a9
29,29,"Stan",NAMEFINDER_ME,"a shell of itself as Stan rattles on . I think",1.0,NameDatabase@1cd072a9
30,30,"Naomi",NAMEFINDER_ME,". I stayed home . Naomi worked on her dissertation .",1.0,NameDatabase@1cd072a9
31,31,"Joel",NAMEFINDER_ME,"door reads Lacuna Ltd . Joel enters .",1.0,NameDatabase@1cd072a9
32,32,"MARY",SPEAKER_ABOVE_DIALOGUE,"MARY/May I help you?",1.0,NameDatabase@1cd072a9
32,32,"JOEL",SPEAKER_ABOVE_DIALOGUE,"JOEL/My name is Joel Barish. I have an",1.0,NameDatabase@1cd072a9
32,32,"MARY",SPEAKER_ABOVE_DIALOGUE,"MARY/Please have a seat. Dr. Mierzwiak will",1.0,NameDatabase@1cd072a9
32,32,"Joel",NAMEFINDER_ME,"Joel enters the Lacuna waiting room",1.0,NameDatabase@1cd072a9
32,32,"Mary",NAMEFINDER_ME,"the Lacuna waiting room . Mary sits in the reception area",1.0,NameDatabase@1cd072a9
32,32,"Joel Barish",NAMEFINDER_ME,"you ? My name is Joel Barish . I have an appointment",1.0,NameDatabase@1cd072a9
32,32,"Mierzwiak",NAMEFINDER_ME,"a seat . Dr . Mierzwiak will be right with you",1.0,NameDatabase@1cd072a9
33,33,"MARY",SPEAKER_ABOVE_DIALOGUE,"MARY/(without turning)",1.0,NameDatabase@1cd072a9
33,33,"JOEL",SPEAKER_ABOVE_DIALOGUE,"JOEL/Not great.",1.0,NameDatabase@1cd072a9
33,33,"MARY",SPEAKER_ABOVE_DIALOGUE,"MARY/(at Mierzwiak's office)",1.0,NameDatabase@1cd072a9
33,33,"Mary",NAMEFINDER_ME,"Mary leads Joel down the hall",1.0,NameDatabase@1cd072a9
33,33,"Joel",NAMEFINDER_ME,") Here we are . Joel glimpses Mary smiling coquettishly at",1.0,NameDatabase@1cd072a9
33,33,"Mary",NAMEFINDER_ME,"we are . Joel glimpses Mary smiling coquettishly at Mierzwiak .",1.0,NameDatabase@1cd072a9
34,34,"MIERZWIAK",SPEAKER_ABOVE_DIALOGUE,"MIERZWIAK/I'm sorry you saw one of our notification",0.7,NameDatabase@1cd072a9
34,34,"JOEL",SPEAKER_ABOVE_DIALOGUE,"JOEL/Well... I did.",1.0,NameDatabase@1cd072a9
34,34,"MIERZWIAK",SPEAKER_ABOVE_DIALOGUE,"MIERZWIAK/We can help you through this. Why don't",0.7,NameDatabase@1cd072a9
34,34,"JOEL",SPEAKER_ABOVE_DIALOGUE,"JOEL/(thinks, then:)",1.0,NameDatabase@1cd072a9
34,34,"PATRICK'S VOICE",SPEAKER_ABOVE_DIALOGUE,"PATRICK'S VOICE/It's kind of a dump, don't you think?",0.7,NameDatabase@1cd072a9
34,34,"Joel",NAMEFINDER_ME,"Joel and Mierzwiak are in the",1.0,NameDatabase@1cd072a9
34,34,"Joel",NAMEFINDER_ME,"in the sitting area . Joel looks at the tape recorder",1.0,NameDatabase@1cd072a9
34,34,"Joel",NAMEFINDER_ME,"' t you think ? Joel looks up , trying to",1.0,NameDatabase@1cd072a9
35,35,"STAN",SPEAKER_ABOVE_DIALOGUE,"STAN/(uninterested)",1.0,NameDatabase@1cd072a9
35,35,"PATRICK",SPEAKER_ABOVE_DIALOGUE,"PATRICK/Not a dump, then, but kind of plain.",1.0,NameDatabase@1cd072a9
35,35,"STAN",SPEAKER_ABOVE_DIALOGUE,"STAN/Patrick, let's just get through this. We",1.0,NameDatabase@1cd072a9
35,35,"PATRICK",SPEAKER_ABOVE_DIALOGUE,"PATRICK/Yeah.",1.0,NameDatabase@1cd072a9
35,35,"PATRICK",SPEAKER_WITH_VO_OS,"PATRICK (CONT'D)/So who do you think is better-looking, me",1.0,NameDatabase@1cd072a9
35,35,"Patrick",NAMEFINDER_ME,"Patrick is checking out the apartment",1.0,NameDatabase@1cd072a9
35,35,"Stan",NAMEFINDER_ME,"checking out the apartment . Stan monitors the equipment . (",1.0,NameDatabase@1cd072a9
35,35,"Patrick",NAMEFINDER_ME,"t know . Stuffy . Patrick , let ' s just",1.0,NameDatabase@1cd072a9
35,35,"Patrick",NAMEFINDER_ME,"of us . Yeah . Patrick returns to the bedside ,",1.0,NameDatabase@1cd072a9
35,35,"Stan",NAMEFINDER_ME,"me or this guy ? Stan glances sideways at Patrick .",1.0,NameDatabase@1cd072a9
35,35,"Patrick",NAMEFINDER_ME,"? Stan glances sideways at Patrick .",1.0,NameDatabase@1cd072a9
36,36,"MIERZWIAK",SPEAKER_ABOVE_DIALOGUE,"MIERZWIAK/So we'll need you to go home and bring in",0.7,NameDatabase@1cd072a9
37,37,"JOEL",SPEAKER_ABOVE_DIALOGUE,"JOEL/So then she just stops calling.",1.0,NameDatabase@1cd072a9
37,37,"JOEL",SPEAKER_ABOVE_DIALOGUE,"JOEL/Any messages, Carmen?",1.0,NameDatabase@1cd072a9
37,37,"JOEL",SPEAKER_WITH_VO_OS,"JOEL (CONT'D)/Any messages for me, Carmen.",1.0,NameDatabase@1cd072a9
37,37,"CARMEN",SPEAKER_ABOVE_DIALOGUE,"CARMEN/Nothing, Joel.",1.0,NameDatabase@1cd072a9
37,37,"PHONE MACHINE VOICE",SPEAKER_ABOVE_DIALOGUE,"PHONE MACHINE VOICE/You have no messages.",0.7,NameDatabase@1cd072a9
37,37,"Carmen",NAMEFINDER_ME,"was . Any messages , Carmen ? Carmen the receptionist shakes",1.0,NameDatabase@1cd072a9
37,37,"Joel",NAMEFINDER_ME,"being honest with her . Joel is at his office desk",1.0,NameDatabase@1cd072a9
38,38,"Joel",NAMEFINDER_ME,"Joel enters , checks his phone",1.0,NameDatabase@1cd072a9
39,39,"JOEL",SPEAKER_ABOVE_DIALOGUE,"JOEL/Sorry, Carmen. Any messages?",1.0,NameDatabase@1cd072a9
39,39,"Joel",NAMEFINDER_ME,"Joel gets off the elevator ,",1.0,NameDatabase@1cd072a9
39,39,"Carmen",NAMEFINDER_ME,"off the elevator , approaches Carmen , who is in conversation",1.0,NameDatabase@1cd072a9
39,39,"Carmen",NAMEFINDER_ME,"Carmen . Any messages ? Carmen shakes her head "" no",1.0,NameDatabase@1cd072a9
40,40,"RECORDED VOICE",SPEAKER_ABOVE_DIALOGUE,"RECORDED VOICE/The number you have dialed has been",0.7,NameDatabase@1cd072a9
40,40,"Joel",NAMEFINDER_ME,"Joel checks his machine : zero",1.0,NameDatabase@1cd072a9
40,40,"Joel",NAMEFINDER_ME,"dialed has been disconnected . Joel ' s eyes bug .",1.0,NameDatabase@1cd072a9
40,40,"VOICE",PERSON_NOUN,"VOICE-OVER (CONT'D)",0.7,null
41,41,"JOEL",SPEAKER_ABOVE_DIALOGUE,"JOEL/Why would she do that?",1.0,NameDatabase@1cd072a9
41,41,"VAGUE RECORDED VOICE",SPEAKER_ABOVE_DIALOGUE,"VAGUE RECORDED VOICE/-- If you think you have reached this",1.0,NameDatabase@1cd072a9
41,41,"CARRIE",SPEAKER_ABOVE_DIALOGUE,"CARRIE/I don't know, honey. It's horrible.",1.0,NameDatabase@1cd072a9
41,41,"JOEL",SPEAKER_ABOVE_DIALOGUE,"JOEL/She's punishing me for being honest. I",1.0,NameDatabase@1cd072a9
41,41,"ROB",SPEAKER_ABOVE_DIALOGUE,"ROB/I don't think you should go there, Joel.",1.0,NameDatabase@1cd072a9
41,41,"JOEL",SPEAKER_ABOVE_DIALOGUE,"JOEL/Yeah, I don't want to seem desperate.",1.0,NameDatabase@1cd072a9
41,41,"CARRIE",SPEAKER_ABOVE_DIALOGUE,"CARRIE/Maybe you need to look at this as a sign",1.0,NameDatabase@1cd072a9
41,41,"JOEL",SPEAKER_ABOVE_DIALOGUE,"JOEL/I don't know. I'm so... I can't believe",1.0,NameDatabase@1cd072a9
41,41,"ROB",SPEAKER_ABOVE_DIALOGUE,"ROB/Joel, look, the thing is --",1.0,NameDatabase@1cd072a9
41,41,"CARRIE",SPEAKER_ABOVE_DIALOGUE,"CARRIE/(agitated, interrupting)",1.0,NameDatabase@1cd072a9
41,41,"CARRIE",SPEAKER_WITH_VO_OS,"CARRIE (CONT'D)/You weren't supposed to see that.",1.0,NameDatabase@1cd072a9
41,41,"JOEL",SPEAKER_ABOVE_DIALOGUE,"JOEL/They can't erase memories. It's a joke.",1.0,NameDatabase@1cd072a9
41,41,"CARRIE",SPEAKER_ABOVE_DIALOGUE,"CARRIE/Sweetie, we called the company.",1.0,NameDatabase@1cd072a9
41,41,"Joel",NAMEFINDER_ME,"Joel sits across Rob and Carrie",1.0,NameDatabase@1cd072a9
41,41,"Joel",NAMEFINDER_ME,"you should go there , Joel . Yeah , I don",1.0,NameDatabase@1cd072a9
41,41,"Joel",NAMEFINDER_ME,"be so goddamn immature ! Joel , look , the thing",1.0,NameDatabase@1cd072a9
41,41,"Joel",NAMEFINDER_ME,"( agitated , interrupting ) Joel , honey ... We have",1.0,NameDatabase@1cd072a9
41,41,"Joel",NAMEFINDER_ME,"? Just a second . Joel nods , confused , as",1.0,NameDatabase@1cd072a9
41,41,"Rob",NAMEFINDER_ME,"nods , confused , as Rob and Carrie leave the room",1.0,NameDatabase@1cd072a9
41,41,"Joel",NAMEFINDER_ME,"the door behind them . Joel hears a hushed argument ensue",1.0,NameDatabase@1cd072a9
41,41,"Joel Barish",NAMEFINDER_ME,": Clementine Kruczynski has had Joel Barish erased from her memory .",1.0,NameDatabase@1cd072a9
41,41,"Joel",NAMEFINDER_ME,"we called the company . Joel just stands there . Close",1.0,NameDatabase@1cd072a9
42,42,"CARRIE'S VOICE",SPEAKER_ABOVE_DIALOGUE,"CARRIE'S VOICE/You can't tell her, Joel. They explained",0.7,NameDatabase@1cd072a9
42,42,"Joel",NAMEFINDER_ME,"Joel is on the phone pacing",1.0,NameDatabase@1cd072a9
42,42,"Joel",NAMEFINDER_ME,"' t tell her , Joel . They explained that .",1.0,NameDatabase@1cd072a9
43,43,"CARRIE'S VOICE",SPEAKER_ABOVE_DIALOGUE,"CARRIE'S VOICE/Think about it: to be told you lived an",0.7,NameDatabase@1cd072a9
43,43,"JOEL'S VOICE",SPEAKER_ABOVE_DIALOGUE,"JOEL'S VOICE/But what am I supposed to do?",0.7,NameDatabase@1cd072a9
43,43,"CARRIE'S VOICE",SPEAKER_ABOVE_DIALOGUE,"CARRIE'S VOICE/Move on, sweetie.",0.7,NameDatabase@1cd072a9
43,43,"JOEL'S VOICE",SPEAKER_ABOVE_DIALOGUE,"JOEL'S VOICE/How can I? How can I move on when I know",0.7,NameDatabase@1cd072a9
46,46,"MARY",SPEAKER_ABOVE_DIALOGUE,"MARY/(dead monotone)",1.0,NameDatabase@1cd072a9
46,46,"STAN'S VOICE",SPEAKER_ABOVE_DIALOGUE,"STAN'S VOICE/So, Mary's coming over tonight.",0.7,NameDatabase@1cd072a9
46,46,"Mary",NAMEFINDER_ME,"his bedroom . So , Mary ' s coming over tonight",1.0,NameDatabase@1cd072a9
47,47,"PATRICK",SPEAKER_ABOVE_DIALOGUE,"PATRICK/Yeah?",1.0,NameDatabase@1cd072a9
47,47,"STAN",SPEAKER_ABOVE_DIALOGUE,"STAN/Just wanted to let you know.",1.0,NameDatabase@1cd072a9
47,47,"PATRICK",SPEAKER_ABOVE_DIALOGUE,"PATRICK/I like Mary. I like when she comes to",1.0,NameDatabase@1cd072a9
47,47,"STAN",SPEAKER_ABOVE_DIALOGUE,"STAN/She likes you okay.",1.0,NameDatabase@1cd072a9
47,47,"PATRICK",SPEAKER_ABOVE_DIALOGUE,"PATRICK/I wonder if I should invite my girlfriend",1.0,NameDatabase@1cd072a9
47,47,"STAN",SPEAKER_ABOVE_DIALOGUE,"STAN/You can if you want.",1.0,NameDatabase@1cd072a9
47,47,"PATRICK",SPEAKER_ABOVE_DIALOGUE,"PATRICK/Did I tell you I have a new girlfriend?",1.0,NameDatabase@1cd072a9
47,47,"STAN",SPEAKER_ABOVE_DIALOGUE,"STAN/(re: memory on monitor)",1.0,NameDatabase@1cd072a9
47,47,"PATRICK",SPEAKER_ABOVE_DIALOGUE,"PATRICK/The thing is ... my situation is a little",1.0,NameDatabase@1cd072a9
47,47,"STAN",SPEAKER_ABOVE_DIALOGUE,"STAN/Patrick, we need to focus.",1.0,NameDatabase@1cd072a9
47,47,"Stan",NAMEFINDER_ME,"Stan works the joystick . Patrick",1.0,NameDatabase@1cd072a9
47,47,"Patrick",NAMEFINDER_ME,"Stan works the joystick . Patrick sits on the bed with",1.0,NameDatabase@1cd072a9
47,47,"Mary",NAMEFINDER_ME,"you know . I like Mary . I like when she",1.0,NameDatabase@1cd072a9
47,47,"Patrick",NAMEFINDER_ME,". My girlfriend situation . Patrick , we need to focus",1.0,NameDatabase@1cd072a9
47,47,"Stan",NAMEFINDER_ME,"we need to focus . Stan aims the joystick .",1.0,NameDatabase@1cd072a9
48,48,"CLEMENTINE",SPEAKER_ABOVE_DIALOGUE,"CLEMENTINE/Yo ho ho!",0.8,NameDatabase@1cd072a9
48,48,"JOEL",SPEAKER_ABOVE_DIALOGUE,"JOEL/It's three.",1.0,NameDatabase@1cd072a9
48,48,"CLEMENTINE",SPEAKER_WITH_VO_OS,"CLEMENTINE (CONT'D)/Anyhoo, sweetie, I done a bad thing. I",1.0,NameDatabase@1cd072a9
48,48,"JOEL",SPEAKER_ABOVE_DIALOGUE,"JOEL/I can't believe you wrecked my car.",1.0,NameDatabase@1cd072a9
48,48,"JOEL",SPEAKER_ABOVE_DIALOGUE,"JOEL/You're driving drunk. It's pathetic.",1.0,NameDatabase@1cd072a9
48,48,"CLEMENTINE",SPEAKER_ABOVE_DIALOGUE,"CLEMENTINE/...a little. I was a little tipsy.",0.8,NameDatabase@1cd072a9
48,48,"JOEL",SPEAKER_ABOVE_DIALOGUE,"JOEL/Well it is pathetic. And fucking",1.0,NameDatabase@1cd072a9
48,48,"JOEL",SPEAKER_WITH_VO_OS,"JOEL (CONT'D)/I don't know, maybe you did kill",1.0,NameDatabase@1cd072a9
48,48,"CLEMENTINE",SPEAKER_ABOVE_DIALOGUE,"CLEMENTINE/Oh Christ I didn't kill anybody. It's",0.8,NameDatabase@1cd072a9
48,48,"JOEL",SPEAKER_WITH_VO_OS,"JOEL (CONT'D)/And what are you like? A wino?",1.0,NameDatabase@1cd072a9
48,48,"CLEMENTINE",SPEAKER_ABOVE_DIALOGUE,"CLEMENTINE/A wino? Jesus, Are you from the fifties?",0.8,NameDatabase@1cd072a9
48,48,"JOEL",SPEAKER_ABOVE_DIALOGUE,"JOEL/No, see, Clem, I assume you fucked",1.0,NameDatabase@1cd072a9
48,48,"JOEL",SPEAKER_WITH_VO_OS,"JOEL (CONT'D)/I'm sorry. Okay. I didn't mean that. I",1.0,NameDatabase@1cd072a9
48,48,"Joel",NAMEFINDER_ME,"Joel distractedly reads a book ,",1.0,NameDatabase@1cd072a9
48,48,"Joel",NAMEFINDER_ME,"strewn about the apartment . Joel is immediately sorry he said",1.0,NameDatabase@1cd072a9
50,50,"JOEL",SPEAKER_ABOVE_DIALOGUE,"JOEL/Let me drive you home.",1.0,NameDatabase@1cd072a9
50,50,"CLEMENTINE",SPEAKER_ABOVE_DIALOGUE,"CLEMENTINE/(without turning)",0.8,NameDatabase@1cd072a9
50,50,"JOEL",SPEAKER_ABOVE_DIALOGUE,"JOEL/Look at it out here. It's falling apart.",1.0,NameDatabase@1cd072a9
50,50,"JOEL",SPEAKER_WITH_VO_OS,"JOEL (CONT'D)/You did it to me. I can't believe you",1.0,NameDatabase@1cd072a9
51,51,"PATRICK'S VOICE",SPEAKER_ABOVE_DIALOGUE,"PATRICK'S VOICE/See, remember that girl? The one we did",0.7,NameDatabase@1cd072a9
51,51,"STAN'S VOICE",SPEAKER_ABOVE_DIALOGUE,"STAN'S VOICE/Yeah, that's this guy's girlfriend. Was.",0.7,NameDatabase@1cd072a9
51,51,"Joel",NAMEFINDER_ME,"is obscured in darkness . Joel wanders it . In the",1.0,NameDatabase@1cd072a9
52,52,"PATRICK",SPEAKER_ABOVE_DIALOGUE,"PATRICK/I gotta tell you something. I kind of",1.0,NameDatabase@1cd072a9
52,52,"STAN",SPEAKER_ABOVE_DIALOGUE,"STAN/She was unconscious, Patrick.",1.0,NameDatabase@1cd072a9
52,52,"PATRICK",SPEAKER_ABOVE_DIALOGUE,"PATRICK/She was beautiful. So sweet and funky",1.0,NameDatabase@1cd072a9
52,52,"STAN",SPEAKER_ABOVE_DIALOGUE,"STAN/Jesus, Patrick!",1.0,NameDatabase@1cd072a9
52,52,"Stan",NAMEFINDER_ME,"Stan watches the screen . Patrick",1.0,NameDatabase@1cd072a9
52,52,"Patrick",NAMEFINDER_ME,"Stan watches the screen . Patrick paces , fidgets , looks",1.0,NameDatabase@1cd072a9
52,52,"Patrick",NAMEFINDER_ME,". She was unconscious , Patrick . She was beautiful .",1.0,NameDatabase@1cd072a9
52,52,"Patrick",NAMEFINDER_ME,"is what . Jesus , Patrick !",1.0,NameDatabase@1cd072a9
53,53,"PATRICK'S VOICE",SPEAKER_ABOVE_DIALOGUE,"PATRICK'S VOICE/I know. It's not like... I mean, they",0.7,NameDatabase@1cd072a9
53,53,"STAN'S VOICE",SPEAKER_ABOVE_DIALOGUE,"STAN'S VOICE/Look, just don't tell me this stuff. I",0.7,NameDatabase@1cd072a9
53,53,"PATRICK'S VOICE",SPEAKER_ABOVE_DIALOGUE,"PATRICK'S VOICE/Yeah, okay.",0.7,NameDatabase@1cd072a9
53,53,"STAN'S VOICE",SPEAKER_ABOVE_DIALOGUE,"STAN'S VOICE/We have work to do.",0.7,NameDatabase@1cd072a9
53,53,"Patrick",NAMEFINDER_ME,"vague street Joel listens to Patrick and Stan . I know",1.0,NameDatabase@1cd072a9
53,53,"Stan",NAMEFINDER_ME,"Joel listens to Patrick and Stan . I know . It",1.0,NameDatabase@1cd072a9
54,54,"PATRICK'S VOICE",SPEAKER_ABOVE_DIALOGUE,"PATRICK'S VOICE/Okay, but there's more.",0.7,NameDatabase@1cd072a9
54,54,"STAN'S VOICE",SPEAKER_ABOVE_DIALOGUE,"STAN'S VOICE/Patrick... do you know how unethical...",0.7,NameDatabase@1cd072a9
54,54,"JOEL",SPEAKER_ABOVE_DIALOGUE,"JOEL/That must be the guy I saw you with.",1.0,NameDatabase@1cd072a9
54,54,"Patrick",NAMEFINDER_ME,"ahead at the TV . Patrick ... do you know how",1.0,NameDatabase@1cd072a9
54,54,"PATRICK'S VOICE",PERSON_NOUN,"PATRICK'S VOICE (CONT'D)",0.7,null
55,55,"CLEMENTINE",SPEAKER_ABOVE_DIALOGUE,"CLEMENTINE/How can you watch this crap?",0.8,NameDatabase@1cd072a9
55,55,"JOEL",SPEAKER_ABOVE_DIALOGUE,"JOEL/Where are you going?",1.0,NameDatabase@1cd072a9
55,55,"CLEMENTINE",SPEAKER_ABOVE_DIALOGUE,"CLEMENTINE/I'm fucking crawling out of my skin.",0.8,NameDatabase@1cd072a9
56,56,"JOEL",SPEAKER_ABOVE_DIALOGUE,"JOEL/Oh shit. I remember this.",1.0,NameDatabase@1cd072a9
56,56,"CLEMENTINE",SPEAKER_ABOVE_DIALOGUE,"CLEMENTINE/(pissy)",0.8,NameDatabase@1cd072a9
56,56,"JOEL",SPEAKER_ABOVE_DIALOGUE,"JOEL/Let's talk about it later.",1.0,NameDatabase@1cd072a9
56,56,"CLEMENTINE",SPEAKER_ABOVE_DIALOGUE,"CLEMENTINE/No. I want to have a baby. I have to",0.8,NameDatabase@1cd072a9
56,56,"JOEL",SPEAKER_ABOVE_DIALOGUE,"JOEL/I don't think we're ready.",1.0,NameDatabase@1cd072a9
56,56,"CLEMENTINE",SPEAKER_ABOVE_DIALOGUE,"CLEMENTINE/You're not ready.",0.8,NameDatabase@1cd072a9
56,56,"JOEL",SPEAKER_ABOVE_DIALOGUE,"JOEL/Clementine, do you really think you could",1.0,NameDatabase@1cd072a9
56,56,"CLEMENTINE",SPEAKER_ABOVE_DIALOGUE,"CLEMENTINE/What?!",0.8,NameDatabase@1cd072a9
56,56,"JOEL",SPEAKER_ABOVE_DIALOGUE,"JOEL/(mumbly)",1.0,NameDatabase@1cd072a9
56,56,"CLEMENTINE",SPEAKER_ABOVE_DIALOGUE,"CLEMENTINE/Joel, We're fucking gonna talk about it!",0.8,NameDatabase@1cd072a9
56,56,"CLEMENTINE",SPEAKER_WITH_VO_OS,"CLEMENTINE (CONT'D)/You can't fucking say something like that",1.0,NameDatabase@1cd072a9
56,56,"JOEL",SPEAKER_ABOVE_DIALOGUE,"JOEL/Clem, I'm sorry. I shouldn't have --",1.0,NameDatabase@1cd072a9
56,56,"CLEMENTINE",SPEAKER_ABOVE_DIALOGUE,"CLEMENTINE/(screaming now)",0.8,NameDatabase@1cd072a9
56,56,"JOEL",SPEAKER_ABOVE_DIALOGUE,"JOEL/Oh, thank God. It's going.",1.0,NameDatabase@1cd072a9
56,56,"CLEMENTINE",SPEAKER_ABOVE_DIALOGUE,"CLEMENTINE/It's you! It's you who can't commit to",0.8,NameDatabase@1cd072a9
56,56,"JOEL",SPEAKER_ABOVE_DIALOGUE,"JOEL/It's going, Clementine. All the crap and",1.0,NameDatabase@1cd072a9
56,56,"CLEMENTINE",SPEAKER_ABOVE_DIALOGUE,"CLEMENTINE/I'm glad.",0.8,NameDatabase@1cd072a9
56,56,"JOEL",SPEAKER_ABOVE_DIALOGUE,"JOEL/Me, too.",1.0,NameDatabase@1cd072a9
56,56,"Joel",NAMEFINDER_ME,"talk about this here . Joel , We ' re fucking",1.0,NameDatabase@1cd072a9
57,57,"JOEL",SPEAKER_ABOVE_DIALOGUE,"JOEL/So, um --",1.0,NameDatabase@1cd072a9
57,57,"CLEMENTINE",SPEAKER_ABOVE_DIALOGUE,"CLEMENTINE/(swiveling head toward him)",0.8,NameDatabase@1cd072a9
57,57,"CLEMENTINE",SPEAKER_WITH_VO_OS,"CLEMENTINE (CONT'D)/Thanky! Thanky!",1.0,NameDatabase@1cd072a9
57,57,"CLEMENTINE",SPEAKER_WITH_VO_OS,"CLEMENTINE (CONT'D)/Joel, this is Mark. He likes my boobs.",1.0,NameDatabase@1cd072a9
57,57,"MARK",SPEAKER_ABOVE_DIALOGUE,"MARK/I didn't know she was with someone, man.",1.0,NameDatabase@1cd072a9
57,57,"CLEMENTINE",SPEAKER_ABOVE_DIALOGUE,"CLEMENTINE/S'okay, Mark. Joel doesn't like my",0.8,NameDatabase@1cd072a9
57,57,"JOEL",SPEAKER_ABOVE_DIALOGUE,"JOEL/You're drunk.",1.0,NameDatabase@1cd072a9
57,57,"CLEMENTINE",SPEAKER_ABOVE_DIALOGUE,"CLEMENTINE/You're a whiz kid. So perceptive, so --",0.8,NameDatabase@1cd072a9
57,57,"Joel",NAMEFINDER_ME,"s noisy and crowded . Joel and Clementine sit at a",1.0,NameDatabase@1cd072a9
57,57,"Joel",NAMEFINDER_ME,"me another , Joely ? Joel sighs , stands , and",1.0,NameDatabase@1cd072a9
57,57,"Joel",NAMEFINDER_ME,". Thanky ! Thanky ! Joel is at the bar ,",1.0,NameDatabase@1cd072a9
57,57,"Joel",NAMEFINDER_ME,"bartender ' s attention . Joel is paying the bartender .",1.0,NameDatabase@1cd072a9
57,57,"Joel",NAMEFINDER_ME,"looks from her conversation . Joel , this is Mark .",1.0,NameDatabase@1cd072a9
57,57,"Mark",NAMEFINDER_ME,"scene starts to fade . Mark rises . I didn '",1.0,NameDatabase@1cd072a9
57,57,"Mark",NAMEFINDER_ME,". S ' okay , Mark . Joel doesn ' t",1.0,NameDatabase@1cd072a9
58,58,"MARY",SPEAKER_ABOVE_DIALOGUE,"MARY/(coolly)",1.0,NameDatabase@1cd072a9
58,58,"PATRICK",SPEAKER_ABOVE_DIALOGUE,"PATRICK/Hi, Mary. How's it going?",1.0,NameDatabase@1cd072a9
58,58,"STAN",SPEAKER_ABOVE_DIALOGUE,"STAN/Hey, you.",1.0,NameDatabase@1cd072a9
58,58,"MARY",SPEAKER_ABOVE_DIALOGUE,"MARY/It's freezing out.",1.0,NameDatabase@1cd072a9
58,58,"STAN",SPEAKER_ABOVE_DIALOGUE,"STAN/You found us okay?",1.0,NameDatabase@1cd072a9
58,58,"MARY",SPEAKER_ABOVE_DIALOGUE,"MARY/Yeah.",1.0,NameDatabase@1cd072a9
58,58,"STAN",SPEAKER_ABOVE_DIALOGUE,"STAN/We haven't checked.",1.0,NameDatabase@1cd072a9
58,58,"MARY",SPEAKER_ABOVE_DIALOGUE,"MARY/Well, allow me to do the honors. It's",1.0,NameDatabase@1cd072a9
58,58,"PATRICK",SPEAKER_ABOVE_DIALOGUE,"PATRICK/Mary hates me. I've never been popular",1.0,NameDatabase@1cd072a9
58,58,"STAN",SPEAKER_ABOVE_DIALOGUE,"STAN/Maybe if you stopped stealing their",1.0,NameDatabase@1cd072a9
58,58,"PATRICK",SPEAKER_ABOVE_DIALOGUE,"PATRICK/(guilty beat)",1.0,NameDatabase@1cd072a9
58,58,"MARY",SPEAKER_ABOVE_DIALOGUE,"MARY/Hey, hey.",1.0,NameDatabase@1cd072a9
58,58,"MARY",SPEAKER_WITH_VO_OS,"MARY (CONT'D)/Oh, Patrick, you didn't want any, did",1.0,NameDatabase@1cd072a9
58,58,"PATRICK",SPEAKER_ABOVE_DIALOGUE,"PATRICK/Nah, I don't know.",1.0,NameDatabase@1cd072a9
58,58,"MARY",SPEAKER_ABOVE_DIALOGUE,"MARY/Blessed are the forgetful, for they get",1.0,NameDatabase@1cd072a9
58,58,"MARY",SPEAKER_WITH_VO_OS,"MARY (CONT'D)/Nietzsche. Beyond Good and Evil. Found",1.0,NameDatabase@1cd072a9
58,58,"STAN",SPEAKER_ABOVE_DIALOGUE,"STAN/That's a good one.",1.0,NameDatabase@1cd072a9
58,58,"MARY",SPEAKER_ABOVE_DIALOGUE,"MARY/Yeah, I can't wait to tell Howard! It",1.0,NameDatabase@1cd072a9
58,58,"STAN",SPEAKER_ABOVE_DIALOGUE,"STAN/(a little sulky)",1.0,NameDatabase@1cd072a9
58,58,"PATRICK",SPEAKER_ABOVE_DIALOGUE,"PATRICK/What's your bartlett's?",1.0,NameDatabase@1cd072a9
58,58,"STAN",SPEAKER_ABOVE_DIALOGUE,"STAN/It's a quote book.",1.0,NameDatabase@1cd072a9
58,58,"MARY",SPEAKER_ABOVE_DIALOGUE,"MARY/I love quotes. So did Winston Churchill.",1.0,NameDatabase@1cd072a9
58,58,"PATRICK",SPEAKER_ABOVE_DIALOGUE,"PATRICK/(trying to engage)",1.0,NameDatabase@1cd072a9
58,58,"MARY",SPEAKER_ABOVE_DIALOGUE,"MARY/""The quotations when engraved upon the",1.0,NameDatabase@1cd072a9
58,58,"PATRICK",SPEAKER_ABOVE_DIALOGUE,"PATRICK/Very cool. Trippy.",1.0,NameDatabase@1cd072a9
58,58,"MARY",SPEAKER_ABOVE_DIALOGUE,"MARY/I like to read what smart people say. So",1.0,NameDatabase@1cd072a9
58,58,"STAN",SPEAKER_ABOVE_DIALOGUE,"STAN/Yup.",1.0,NameDatabase@1cd072a9
58,58,"MARY",SPEAKER_ABOVE_DIALOGUE,"MARY/Don't you think Howard's like that?",1.0,NameDatabase@1cd072a9
58,58,"STAN",SPEAKER_ABOVE_DIALOGUE,"STAN/(beat)",1.0,NameDatabase@1cd072a9
58,58,"PATRICK",SPEAKER_ABOVE_DIALOGUE,"PATRICK/Definitely!",1.0,NameDatabase@1cd072a9
58,58,"MARY",SPEAKER_ABOVE_DIALOGUE,"MARY/I think he'll be in Bartlett's one day.",1.0,NameDatabase@1cd072a9
58,58,"PATRICK",SPEAKER_ABOVE_DIALOGUE,"PATRICK/Definitely.",1.0,NameDatabase@1cd072a9
58,58,"Patrick",NAMEFINDER_ME,"Patrick opens the door . Mary",1.0,NameDatabase@1cd072a9
58,58,"Mary",NAMEFINDER_ME,"Patrick opens the door . Mary stands there in a winter",1.0,NameDatabase@1cd072a9
58,58,"Patrick",NAMEFINDER_ME,") Oh , hey , Patrick . Hi , Mary .",1.0,NameDatabase@1cd072a9
58,58,"Mary",NAMEFINDER_ME,", Patrick . Hi , Mary . How ' s it",1.0,NameDatabase@1cd072a9
58,58,"Stan",NAMEFINDER_ME,". Hey , you . Stan and Mary kiss . She",1.0,NameDatabase@1cd072a9
58,58,"Mary",NAMEFINDER_ME,", you . Stan and Mary kiss . She looks down",1.0,NameDatabase@1cd072a9
58,58,"Stan",NAMEFINDER_ME,"heads into the kitchen . Stan turns back to monitor the",1.0,NameDatabase@1cd072a9
58,58,"Mary",NAMEFINDER_ME,"the slivers of light . Mary hates me . I '",1.0,NameDatabase@1cd072a9
58,58,"Stan",NAMEFINDER_ME,"There ' s more , Stan -- Stan looks over at",1.0,NameDatabase@1cd072a9
58,58,"Stan",NAMEFINDER_ME,"s more , Stan -- Stan looks over at Patrick .",1.0,NameDatabase@1cd072a9
58,58,"Mary",NAMEFINDER_ME,"looks over at Patrick . Mary returns with a bottle of",1.0,NameDatabase@1cd072a9
58,58,"Patrick",NAMEFINDER_ME,"the whiskey . Oh , Patrick , you didn ' t",1.0,NameDatabase@1cd072a9
58,58,"Mary",NAMEFINDER_ME,"don ' t know . Mary hands a glass to Stan",1.0,NameDatabase@1cd072a9
58,58,"Mary",NAMEFINDER_ME,"even of their blunders . Mary and Stan click glasses .",1.0,NameDatabase@1cd072a9
58,58,"Stan",NAMEFINDER_ME,"their blunders . Mary and Stan click glasses . Nietzsche .",1.0,NameDatabase@1cd072a9
58,58,"Winston Churchill",NAMEFINDER_ME,"love quotes . So did Winston Churchill . He actually has a",1.0,NameDatabase@1cd072a9
58,58,"Howard",NAMEFINDER_ME,"Don ' t you think Howard ' s like that ?",1.0,NameDatabase@1cd072a9
58,58,"Stan",NAMEFINDER_ME,"' s one day . Stan focuses on the monitor .",1.0,NameDatabase@1cd072a9
58,58,"Mary",NAMEFINDER_ME,"focuses on the monitor . Mary pours herself another drink .",1.0,NameDatabase@1cd072a9
59,59,"CLEMENTINE",SPEAKER_ABOVE_DIALOGUE,"CLEMENTINE/You don't tell me things, Joel. I'm an",0.8,NameDatabase@1cd072a9
59,59,"JOEL",SPEAKER_ABOVE_DIALOGUE,"JOEL/No, it isn't that.",1.0,NameDatabase@1cd072a9
59,59,"CLEMENTINE",SPEAKER_ABOVE_DIALOGUE,"CLEMENTINE/I want to know you.",0.8,NameDatabase@1cd072a9
59,59,"JOEL",SPEAKER_ABOVE_DIALOGUE,"JOEL/I just don't have anything very",1.0,NameDatabase@1cd072a9
59,59,"CLEMENTINE",SPEAKER_ABOVE_DIALOGUE,"CLEMENTINE/Joel, you're a liar.",0.8,NameDatabase@1cd072a9
59,59,"Joel",NAMEFINDER_ME,"It ' s dark . Joel and Clementine are in bed",1.0,NameDatabase@1cd072a9
59,59,"Joel",NAMEFINDER_ME,"interesting about my life . Joel , you ' re a",1.0,NameDatabase@1cd072a9
60,60,"JOEL",SPEAKER_ABOVE_DIALOGUE,"JOEL/How's the chicken?",1.0,NameDatabase@1cd072a9
60,60,"CLEMENTINE",SPEAKER_ABOVE_DIALOGUE,"CLEMENTINE/Good.",0.8,NameDatabase@1cd072a9
60,60,"CLEMENTINE",SPEAKER_WITH_VO_OS,"CLEMENTINE (CONT'D)/More?",1.0,NameDatabase@1cd072a9
60,60,"JOEL",SPEAKER_ABOVE_DIALOGUE,"JOEL/No. Thanks.",1.0,NameDatabase@1cd072a9
60,60,"CLEMENTINE",SPEAKER_ABOVE_DIALOGUE,"CLEMENTINE/How's the fish?",0.8,NameDatabase@1cd072a9
60,60,"JOEL",SPEAKER_ABOVE_DIALOGUE,"JOEL/It's good.",1.0,NameDatabase@1cd072a9
60,60,"PATRICK'S VOICE",SPEAKER_ABOVE_DIALOGUE,"PATRICK'S VOICE/Hi, Clementine! -- Why, what's wrong? --",0.7,NameDatabase@1cd072a9
61,61,"PATRICK",SPEAKER_ABOVE_DIALOGUE,"PATRICK/Hold on. Let me ask my friend.",1.0,NameDatabase@1cd072a9
61,61,"STAN",SPEAKER_ABOVE_DIALOGUE,"STAN/Patrick, we're in the middle of --",1.0,NameDatabase@1cd072a9
61,61,"PATRICK",SPEAKER_ABOVE_DIALOGUE,"PATRICK/She's right in the neighborhood. She's",1.0,NameDatabase@1cd072a9
61,61,"MARY",SPEAKER_ABOVE_DIALOGUE,"MARY/Let him go, Stan. I can help.",1.0,NameDatabase@1cd072a9
61,61,"STAN",SPEAKER_ABOVE_DIALOGUE,"STAN/(sighing, to Patrick)",1.0,NameDatabase@1cd072a9
61,61,"PATRICK",SPEAKER_ABOVE_DIALOGUE,"PATRICK/(quietly)",1.0,NameDatabase@1cd072a9
61,61,"Patrick",NAMEFINDER_ME,"Patrick is on the phone next",1.0,NameDatabase@1cd072a9
61,61,"Stan",NAMEFINDER_ME,"Joel ' s bed . Stan watches the lights on the",1.0,NameDatabase@1cd072a9
61,61,"Stan",NAMEFINDER_ME,". ( covering mouthpiece ) Stan , can I leave for",1.0,NameDatabase@1cd072a9
61,61,"Patrick",NAMEFINDER_ME,"My girlfriend is very -- Patrick , we ' re in",1.0,NameDatabase@1cd072a9
61,61,"Mary",NAMEFINDER_ME,"She ' s upset . Mary is in the kitchen .",1.0,NameDatabase@1cd072a9
61,61,"Stan",NAMEFINDER_ME,". Let him go , Stan . I can help .",1.0,NameDatabase@1cd072a9
61,61,"Patrick",NAMEFINDER_ME,". ( sighing , to Patrick ) Go . ( quietly",1.0,NameDatabase@1cd072a9
61,61,"Mary",NAMEFINDER_ME,"Go . ( quietly ) Mary hates me . ( into",1.0,NameDatabase@1cd072a9
62,62,"CLEMENTINE",SPEAKER_ABOVE_DIALOGUE,"CLEMENTINE/Joely...",0.8,NameDatabase@1cd072a9
62,62,"JOEL",SPEAKER_ABOVE_DIALOGUE,"JOEL/Yeah, Tangerine?",1.0,NameDatabase@1cd072a9
62,62,"CLEMENTINE",SPEAKER_ABOVE_DIALOGUE,"CLEMENTINE/Do you know The Velveteen Rabbit?",0.8,NameDatabase@1cd072a9
62,62,"JOEL",SPEAKER_ABOVE_DIALOGUE,"JOEL/No.",1.0,NameDatabase@1cd072a9
62,62,"CLEMENTINE",SPEAKER_ABOVE_DIALOGUE,"CLEMENTINE/It's my favorite book. Since I was a",0.8,NameDatabase@1cd072a9
62,62,"JOEL",SPEAKER_ABOVE_DIALOGUE,"JOEL/(screaming)",1.0,NameDatabase@1cd072a9
62,62,"JOEL",SPEAKER_WITH_VO_OS,"JOEL (CONT'D)/Please! Please! I've changed my mind!",1.0,NameDatabase@1cd072a9
62,62,"Joel",NAMEFINDER_ME,"Candles are lit . Joel and Clementine are under a",1.0,NameDatabase@1cd072a9
62,62,"Joel",NAMEFINDER_ME,"She ' s weeping . Joel is stroking her hair .",1.0,NameDatabase@1cd072a9
62,62,"Joel",NAMEFINDER_ME,"love to , even though Joel is completely beside himself .",1.0,NameDatabase@1cd072a9
63,63,"MARY",SPEAKER_ABOVE_DIALOGUE,"MARY/It's amazing, isn't it? Such a gift",1.0,NameDatabase@1cd072a9
63,63,"STAN",SPEAKER_ABOVE_DIALOGUE,"STAN/(a sigh)",1.0,NameDatabase@1cd072a9
63,63,"MARY",SPEAKER_ABOVE_DIALOGUE,"MARY/To let people begin again. It's",1.0,NameDatabase@1cd072a9
63,63,"STAN",SPEAKER_ABOVE_DIALOGUE,"STAN/You love him, don't you?",1.0,NameDatabase@1cd072a9
63,63,"MARY",SPEAKER_ABOVE_DIALOGUE,"MARY/No.",1.0,NameDatabase@1cd072a9
63,63,"Joel",NAMEFINDER_ME,"Joel is unconscious on the bed",1.0,NameDatabase@1cd072a9
63,63,"Mary",NAMEFINDER_ME,"bed , completely still . Mary and Stan watch the monitor",1.0,NameDatabase@1cd072a9
63,63,"Stan",NAMEFINDER_ME,"completely still . Mary and Stan watch the monitor and smoke",1.0,NameDatabase@1cd072a9
63,63,"Howard",NAMEFINDER_ME,"it ? Such a gift Howard gave the world . (",1.0,NameDatabase@1cd072a9
63,63,"Mary",NAMEFINDER_ME,"don ' t you ? Mary seems surprised , taken aback",1.0,NameDatabase@1cd072a9
63,63,"Howard",NAMEFINDER_ME,"( beat ) Besides , Howard ' s married , Stan",1.0,NameDatabase@1cd072a9
63,63,"Stan",NAMEFINDER_ME,"Howard ' s married , Stan . He ' s a",1.0,NameDatabase@1cd072a9
63,63,"Stan",NAMEFINDER_ME,"all he believes in . Stan takes another drag on the",1.0,NameDatabase@1cd072a9
63,63,"Mary",NAMEFINDER_ME,"joint , passes it to Mary .",1.0,NameDatabase@1cd072a9
64,64,"Patrick",NAMEFINDER_ME,"Patrick , bundled up and carrying",1.0,NameDatabase@1cd072a9
65,65,"PATRICK",SPEAKER_ABOVE_DIALOGUE,"PATRICK/Oh, baby, what's going on?",1.0,NameDatabase@1cd072a9
65,65,"CLEMENTINE",SPEAKER_ABOVE_DIALOGUE,"CLEMENTINE/I don't know. I'm lost. I'm scared. I",0.8,NameDatabase@1cd072a9
65,65,"PATRICK",SPEAKER_ABOVE_DIALOGUE,"PATRICK/Oh, Tangerine.",1.0,NameDatabase@1cd072a9
65,65,"CLEMENTINE",SPEAKER_ABOVE_DIALOGUE,"CLEMENTINE/Nothing makes any sense. Nothing makes",0.8,NameDatabase@1cd072a9
65,65,"CLEMENTINE",SPEAKER_WITH_VO_OS,"CLEMENTINE (CONT'D)/Come up to Boston with me?",1.0,NameDatabase@1cd072a9
65,65,"PATRICK",SPEAKER_ABOVE_DIALOGUE,"PATRICK/Sure. We'll go next weekend and --",1.0,NameDatabase@1cd072a9
65,65,"CLEMENTINE",SPEAKER_ABOVE_DIALOGUE,"CLEMENTINE/Now. Now! I have to go now. I have to",0.8,NameDatabase@1cd072a9
65,65,"PATRICK",SPEAKER_ABOVE_DIALOGUE,"PATRICK/Um, okay. I'll call my study partner.",1.0,NameDatabase@1cd072a9
65,65,"CLEMENTINE",SPEAKER_ABOVE_DIALOGUE,"CLEMENTINE/Yay! It'll be great! I'll get my shit.",0.8,NameDatabase@1cd072a9
65,65,"JOEL'S VOICE",SPEAKER_ABOVE_DIALOGUE,"JOEL'S VOICE/Hi, it's Joel. Please leave a message",0.7,NameDatabase@1cd072a9
65,65,"PATRICK",SPEAKER_ABOVE_DIALOGUE,"PATRICK/(whisper)",1.0,NameDatabase@1cd072a9
65,65,"STAN'S VOICE",SPEAKER_ABOVE_DIALOGUE,"STAN'S VOICE/Hey, where are you?",0.7,NameDatabase@1cd072a9
65,65,"PATRICK",SPEAKER_ABOVE_DIALOGUE,"PATRICK/I got into a situation with the old lady.",1.0,NameDatabase@1cd072a9
65,65,"Patrick",NAMEFINDER_ME,"watches out the window as Patrick nears . She ' s",1.0,NameDatabase@1cd072a9
65,65,"Patrick",NAMEFINDER_ME,"the embrace and looks at Patrick . Come up to Boston",1.0,NameDatabase@1cd072a9
65,65,"Patrick",NAMEFINDER_ME,"runs into the bedroom . Patrick is at the phone and",1.0,NameDatabase@1cd072a9
65,65,"Joel",NAMEFINDER_ME,"he doesn ' t know Joel ' s number . After",1.0,NameDatabase@1cd072a9
65,65,"Stan",NAMEFINDER_ME,"Beep . ( whisper ) Stan , it ' s Patrick",1.0,NameDatabase@1cd072a9
65,65,"Patrick",NAMEFINDER_ME,"Stan , it ' s Patrick . Pick up . Hey",1.0,NameDatabase@1cd072a9
66,66,"STAN",SPEAKER_ABOVE_DIALOGUE,"STAN/I can handle it. He's pretty much on",1.0,NameDatabase@1cd072a9
66,66,"Stan",NAMEFINDER_ME,"Stan is on the phone .",1.0,NameDatabase@1cd072a9
66,66,"Mary",NAMEFINDER_ME,"s really stoned and watches Mary , stoned herself , dancing",1.0,NameDatabase@1cd072a9
67,67,"PATRICK",SPEAKER_ABOVE_DIALOGUE,"PATRICK/Thanks, Stan. I owe you.",1.0,NameDatabase@1cd072a9
67,67,"CLEMENTINE'S VOICE",SPEAKER_ABOVE_DIALOGUE,"CLEMENTINE'S VOICE/I took Joel to walk on Charles River with",0.7,NameDatabase@1cd072a9
67,67,"Stan",NAMEFINDER_ME,"Thanks , Stan . I owe you .",1.0,NameDatabase@1cd072a9
67,67,"Patrick",NAMEFINDER_ME,". I owe you . Patrick hangs up , rifles quickly",1.0,NameDatabase@1cd072a9
67,67,"Joel",NAMEFINDER_ME,"so beautiful and charming . Joel was nervous about stepping onto",1.0,NameDatabase@1cd072a9
68,68,"JOEL",SPEAKER_ABOVE_DIALOGUE,"JOEL/...die right now, Clem. I'm just...",1.0,NameDatabase@1cd072a9
68,68,"JOEL",SPEAKER_WITH_VO_OS,"JOEL (CONT'D)/Clem, no! This can't keep happening.",1.0,NameDatabase@1cd072a9
68,68,"MIERZWIAK",SPEAKER_ABOVE_DIALOGUE,"MIERZWIAK/We can help you through this. Why don't",0.7,NameDatabase@1cd072a9
68,68,"JOEL",SPEAKER_ABOVE_DIALOGUE,"JOEL/You have to stop this!",1.0,NameDatabase@1cd072a9
68,68,"MIERZWIAK",SPEAKER_ABOVE_DIALOGUE,"MIERZWIAK/What? What do you mean?",0.7,NameDatabase@1cd072a9
68,68,"JOEL",SPEAKER_ABOVE_DIALOGUE,"JOEL/I'm trapped in my head and everything I",1.0,NameDatabase@1cd072a9
68,68,"MIERZWIAK",SPEAKER_ABOVE_DIALOGUE,"MIERZWIAK/Yes, but... I'm just something you're",0.7,NameDatabase@1cd072a9
68,68,"Joel",NAMEFINDER_ME,"Joel and Clementine lie together holding",1.0,NameDatabase@1cd072a9
68,68,"Joel",NAMEFINDER_ME,"scene is being erased . Joel is panicked . Clem ,",1.0,NameDatabase@1cd072a9
68,68,"Joel",NAMEFINDER_ME,"! Please ! Crazily , Joel runs off , passing through",1.0,NameDatabase@1cd072a9
68,68,"Joel",NAMEFINDER_ME,"soup together in bed , Joel watching her sleep , them",1.0,NameDatabase@1cd072a9
69,69,"CLEMENTINE'S VOICE",SPEAKER_ABOVE_DIALOGUE,"CLEMENTINE'S VOICE/... and we made love right on the ice.",0.7,NameDatabase@1cd072a9
69,69,"CLEMENTINE",SPEAKER_ABOVE_DIALOGUE,"CLEMENTINE/I'm so excited. Yay!",0.8,NameDatabase@1cd072a9
69,69,"PATRICK",SPEAKER_ABOVE_DIALOGUE,"PATRICK/I'm excited, too. Oh, and I wanted to",1.0,NameDatabase@1cd072a9
69,69,"PATRICK",SPEAKER_WITH_VO_OS,"PATRICK (CONT'D)/I didn't have a chance to wrap it.",1.0,NameDatabase@1cd072a9
69,69,"CLEMENTINE",SPEAKER_ABOVE_DIALOGUE,"CLEMENTINE/It's gorgeous.",0.8,NameDatabase@1cd072a9
69,69,"Patrick",NAMEFINDER_ME,"Patrick reads the journal . ...",1.0,NameDatabase@1cd072a9
69,69,"Clementine",NAMEFINDER_ME,"! It was wonderful . Clementine enters , dressed for the",1.0,NameDatabase@1cd072a9
69,69,"Patrick",NAMEFINDER_ME,"dressed for the cold . Patrick puts the notebook away .",1.0,NameDatabase@1cd072a9
69,69,"Patrick",NAMEFINDER_ME,"a little ... thing . Patrick pulls the bracelet from his",1.0,NameDatabase@1cd072a9
70,70,"Stan",NAMEFINDER_ME,"Stan and Mary have sex on",1.0,NameDatabase@1cd072a9
70,70,"Mary",NAMEFINDER_ME,"Stan and Mary have sex on the floor",1.0,NameDatabase@1cd072a9
71,71,"CLEMENTINE",SPEAKER_ABOVE_DIALOGUE,"CLEMENTINE/Such a beautiful view.",0.8,NameDatabase@1cd072a9
71,71,"JOEL",SPEAKER_ABOVE_DIALOGUE,"JOEL/(looking at her)",1.0,NameDatabase@1cd072a9
71,71,"CLEMENTINE",SPEAKER_ABOVE_DIALOGUE,"CLEMENTINE/Oh?",0.8,NameDatabase@1cd072a9
71,71,"JOEL",SPEAKER_ABOVE_DIALOGUE,"JOEL/I hired them to. We're in my brain. But",1.0,NameDatabase@1cd072a9
71,71,"CLEMENTINE",SPEAKER_ABOVE_DIALOGUE,"CLEMENTINE/Wow. Um, well... can't you just force",0.8,NameDatabase@1cd072a9
71,71,"JOEL",SPEAKER_ABOVE_DIALOGUE,"JOEL/I don't know.",1.0,NameDatabase@1cd072a9
71,71,"JOEL",SPEAKER_WITH_VO_OS,"JOEL (CONT'D)/Aaargh! It's horrible! I'm trapped!",1.0,NameDatabase@1cd072a9
72,72,"JOEL",SPEAKER_ABOVE_DIALOGUE,"JOEL/I loved you on this day. I love this",1.0,NameDatabase@1cd072a9
72,72,"CLEMENTINE",SPEAKER_ABOVE_DIALOGUE,"CLEMENTINE/What if you hide me?",0.8,NameDatabase@1cd072a9
72,72,"JOEL",SPEAKER_ABOVE_DIALOGUE,"JOEL/What do you mean?",1.0,NameDatabase@1cd072a9
72,72,"CLEMENTINE",SPEAKER_ABOVE_DIALOGUE,"CLEMENTINE/(formulating)",0.8,NameDatabase@1cd072a9
72,72,"JOEL",SPEAKER_ABOVE_DIALOGUE,"JOEL/Where? Where? Where?",1.0,NameDatabase@1cd072a9
72,72,"Joel",NAMEFINDER_ME,"' s raining out . Joel is reading , slouched in",1.0,NameDatabase@1cd072a9
72,72,"Joel",NAMEFINDER_ME,"are beginning to dissolve . Joel grabs Clementine ' s hand",1.0,NameDatabase@1cd072a9
73,73,"CLEMENTINE",SPEAKER_ABOVE_DIALOGUE,"CLEMENTINE/Jesus. What's this?",0.8,NameDatabase@1cd072a9
73,73,"JOEL",SPEAKER_ABOVE_DIALOGUE,"JOEL/I must be about two.",1.0,NameDatabase@1cd072a9
73,73,"JOEL",SPEAKER_WITH_VO_OS,"JOEL (CONT'D)/(crying still)",1.0,NameDatabase@1cd072a9
73,73,"CLEMENTINE",SPEAKER_ABOVE_DIALOGUE,"CLEMENTINE/I'm right here.",0.8,NameDatabase@1cd072a9
73,73,"JOEL",SPEAKER_ABOVE_DIALOGUE,"JOEL/I'm scared. I want my mommy. I don't",1.0,NameDatabase@1cd072a9
73,73,"CLEMENTINE",SPEAKER_ABOVE_DIALOGUE,"CLEMENTINE/Joel, Joely, look... it's not fading.",0.8,NameDatabase@1cd072a9
73,73,"Joel",NAMEFINDER_ME,"is dated and vague . Joel and Clementine are in an",1.0,NameDatabase@1cd072a9
73,73,"Joel",NAMEFINDER_ME,"re adults but small . Joel wears footsie pajamas with some",1.0,NameDatabase@1cd072a9
73,73,"Joel",NAMEFINDER_ME,"What ' s this ? Joel looks around at the kitchen",1.0,NameDatabase@1cd072a9
73,73,"Joel",NAMEFINDER_ME,"we ' re hidden . Joel sucks in some snot .",1.0,NameDatabase@1cd072a9
73,73,"Joel",NAMEFINDER_ME,"room is not decaying . Joel smiles .",1.0,NameDatabase@1cd072a9
74,74,"STAN",SPEAKER_ABOVE_DIALOGUE,"STAN/It's stopped.",1.0,NameDatabase@1cd072a9
74,74,"MARY",SPEAKER_ABOVE_DIALOGUE,"MARY/What?",1.0,NameDatabase@1cd072a9
74,74,"STAN",SPEAKER_ABOVE_DIALOGUE,"STAN/Listen, it's not erasing.",1.0,NameDatabase@1cd072a9
74,74,"STAN",SPEAKER_WITH_VO_OS,"STAN (CONT'D)/It's not erasing. He's off the screen.",1.0,NameDatabase@1cd072a9
74,74,"MARY",SPEAKER_ABOVE_DIALOGUE,"MARY/Where?",1.0,NameDatabase@1cd072a9
74,74,"STAN",SPEAKER_ABOVE_DIALOGUE,"STAN/I don't know. He's not on the map.",1.0,NameDatabase@1cd072a9
74,74,"STAN",SPEAKER_WITH_VO_OS,"STAN (CONT'D)/I don't know what to do! I don't know",1.0,NameDatabase@1cd072a9
74,74,"MARY",SPEAKER_ABOVE_DIALOGUE,"MARY/Well, what should we do?",1.0,NameDatabase@1cd072a9
74,74,"STAN",SPEAKER_ABOVE_DIALOGUE,"STAN/I don't know! I just said that!",1.0,NameDatabase@1cd072a9
74,74,"MARY",SPEAKER_ABOVE_DIALOGUE,"MARY/Sor-ry",1.0,NameDatabase@1cd072a9
74,74,"STAN",SPEAKER_ABOVE_DIALOGUE,"STAN/Shit!",1.0,NameDatabase@1cd072a9
74,74,"MARY",SPEAKER_ABOVE_DIALOGUE,"MARY/(definitely)",1.0,NameDatabase@1cd072a9
74,74,"STAN",SPEAKER_ABOVE_DIALOGUE,"STAN/No way. I can handle this.",1.0,NameDatabase@1cd072a9
74,74,"MARY",SPEAKER_ABOVE_DIALOGUE,"MARY/This guy's only half cooked. There's no",1.0,NameDatabase@1cd072a9
74,74,"STAN",SPEAKER_ABOVE_DIALOGUE,"STAN/(without making eye contact)",1.0,NameDatabase@1cd072a9
74,74,"STAN",SPEAKER_WITH_VO_OS,"STAN (CONT'D)/Hello, Howard?",1.0,NameDatabase@1cd072a9
74,74,"Stan",NAMEFINDER_ME,"Stan and Mary lie on the",1.0,NameDatabase@1cd072a9
74,74,"Mary",NAMEFINDER_ME,"Stan and Mary lie on the floor ,",1.0,NameDatabase@1cd072a9
74,74,"Stan",NAMEFINDER_ME,"minds wandering after sex . Stan suddenly perks up . He",1.0,NameDatabase@1cd072a9
74,74,"Listen",NAMEFINDER_ME,"s stopped . What ? Listen , it ' s not",0.7085549225147713,NameDatabase@1cd072a9
74,74,"Stan",NAMEFINDER_ME,"not on the map . Stan tries to break through his",1.0,NameDatabase@1cd072a9
74,74,"Mary",NAMEFINDER_ME,"jerks the joystick spastically . Mary , also naked , gets",1.0,NameDatabase@1cd072a9
74,74,"Howard",NAMEFINDER_ME,"definitely ) We should call Howard . Stan turns and looks",1.0,NameDatabase@1cd072a9
74,74,"Stan",NAMEFINDER_ME,"We should call Howard . Stan turns and looks at her",1.0,NameDatabase@1cd072a9
74,74,"Stan",NAMEFINDER_ME,"time to fuck around , Stan . Stan tries to think",1.0,NameDatabase@1cd072a9
74,74,"Stan",NAMEFINDER_ME,"fuck around , Stan . Stan tries to think . He",1.0,NameDatabase@1cd072a9
74,74,"Mary",NAMEFINDER_ME,"think . He paces . Mary watches him . Finally :",1.0,NameDatabase@1cd072a9
74,74,"Howard",NAMEFINDER_ME,", waits . Hello , Howard ?",1.0,NameDatabase@1cd072a9
75,75,"MIERZWIAK",SPEAKER_ABOVE_DIALOGUE,"MIERZWIAK/Stan? What's going on?",0.7,NameDatabase@1cd072a9
75,75,"STAN'S VOICE",SPEAKER_ABOVE_DIALOGUE,"STAN'S VOICE/The guy we're doing? He's disappeared",0.7,NameDatabase@1cd072a9
75,75,"MIERZWIAK",SPEAKER_ABOVE_DIALOGUE,"MIERZWIAK/Okay, what happened right before he",0.7,NameDatabase@1cd072a9
75,75,"STAN'S VOICE",SPEAKER_ABOVE_DIALOGUE,"STAN'S VOICE/I was away from the monitor for a second.",0.7,NameDatabase@1cd072a9
75,75,"MIERZWIAK",SPEAKER_ABOVE_DIALOGUE,"MIERZWIAK/Well, where was Patrick?",0.7,NameDatabase@1cd072a9
75,75,"STAN'S VOICE",SPEAKER_ABOVE_DIALOGUE,"STAN'S VOICE/He went home sick.",0.7,NameDatabase@1cd072a9
75,75,"MIERZWIAK",SPEAKER_ABOVE_DIALOGUE,"MIERZWIAK/Jesus. All right, what's the address.",0.7,NameDatabase@1cd072a9
75,75,"STAN'S VOICE",SPEAKER_ABOVE_DIALOGUE,"STAN'S VOICE/1062 Sherman Drive. Apartment 1E,",0.7,NameDatabase@1cd072a9
75,75,"Stan",NAMEFINDER_ME,"eyes open , listening . Stan ? What ' s going",1.0,NameDatabase@1cd072a9
75,75,"Patrick",NAMEFINDER_ME,". Well , where was Patrick ? He went home sick",1.0,NameDatabase@1cd072a9
76,76,"MARY",SPEAKER_ABOVE_DIALOGUE,"MARY/He's coming?",1.0,NameDatabase@1cd072a9
76,76,"STAN",SPEAKER_ABOVE_DIALOGUE,"STAN/You better go.",1.0,NameDatabase@1cd072a9
76,76,"MARY",SPEAKER_ABOVE_DIALOGUE,"MARY/Hell no.",1.0,NameDatabase@1cd072a9
76,76,"MARY",SPEAKER_WITH_VO_OS,"MARY (CONT'D)/Shit, I'm so stoned. I don't want him to",1.0,NameDatabase@1cd072a9
76,76,"Stan",NAMEFINDER_ME,"Stan hangs up the phone ,",1.0,NameDatabase@1cd072a9
76,76,"Mary",NAMEFINDER_ME,". Stop being stoned , Mary ! She hurries into the",1.0,NameDatabase@1cd072a9
76,76,"Mary",NAMEFINDER_ME,"like shit ! God ! Mary slams the bathroom door .",1.0,NameDatabase@1cd072a9
76,76,"Stan",NAMEFINDER_ME,"slams the bathroom door . Stan puts his head in his",1.0,NameDatabase@1cd072a9
77,77,"JOEL",SPEAKER_ABOVE_DIALOGUE,"JOEL/I really want her to pick me up. It's",1.0,NameDatabase@1cd072a9
77,77,"CLEMENTINE",SPEAKER_ABOVE_DIALOGUE,"CLEMENTINE/You know, we're okay. They're not",0.8,NameDatabase@1cd072a9
77,77,"JOEL",SPEAKER_ABOVE_DIALOGUE,"JOEL/I loved you so much this day. On my bed",1.0,NameDatabase@1cd072a9
77,77,"CLEMENTINE",SPEAKER_ABOVE_DIALOGUE,"CLEMENTINE/You remember what happened next?",0.8,NameDatabase@1cd072a9
77,77,"JOEL",SPEAKER_ABOVE_DIALOGUE,"JOEL/I came over to the bed and you smelled so",1.0,NameDatabase@1cd072a9
77,77,"CLEMENTINE",SPEAKER_ABOVE_DIALOGUE,"CLEMENTINE/-- another rainy day. Whatever shall we",0.8,NameDatabase@1cd072a9
77,77,"JOEL",SPEAKER_ABOVE_DIALOGUE,"JOEL/There's this guy!",1.0,NameDatabase@1cd072a9
77,77,"CLEMENTINE",SPEAKER_ABOVE_DIALOGUE,"CLEMENTINE/What?",0.8,NameDatabase@1cd072a9
77,77,"JOEL",SPEAKER_ABOVE_DIALOGUE,"JOEL/There's this guy. I heard him talking in",1.0,NameDatabase@1cd072a9
77,77,"CLEMENTINE",SPEAKER_ABOVE_DIALOGUE,"CLEMENTINE/Really? Is he cute?",0.8,NameDatabase@1cd072a9
77,77,"JOEL",SPEAKER_ABOVE_DIALOGUE,"JOEL/He stole a pair of your panties while you",1.0,NameDatabase@1cd072a9
77,77,"CLEMENTINE",SPEAKER_ABOVE_DIALOGUE,"CLEMENTINE/Gross! You must remember to tell me this",0.8,NameDatabase@1cd072a9
77,77,"Joel",NAMEFINDER_ME,"Joel and Clementine are in the",1.0,NameDatabase@1cd072a9
77,77,"Joel",NAMEFINDER_ME,"are in the playpen . Joel ' s oversized mother reaches",1.0,NameDatabase@1cd072a9
77,77,"Joel",NAMEFINDER_ME,"begin to make love . Joel ' s mother hurries around",1.0,NameDatabase@1cd072a9
77,77,"Joel",NAMEFINDER_ME,"hurries around the kitchen . Joel stops , looks at Clementine",1.0,NameDatabase@1cd072a9
77,77,"Gross",NAMEFINDER_ME,"you were being erased ! Gross ! You must remember to",1.0,NameDatabase@1cd072a9
78,78,"CLEMENTINE",SPEAKER_ABOVE_DIALOGUE,"CLEMENTINE/What's wrong with me?",0.8,NameDatabase@1cd072a9
78,78,"PATRICK",SPEAKER_ABOVE_DIALOGUE,"PATRICK/Nothing is wrong with you. You're the",1.0,NameDatabase@1cd072a9
78,78,"Patrick",NAMEFINDER_ME,"' s crying and holding Patrick ' s hand . What",1.0,NameDatabase@1cd072a9
79,79,"MARY",SPEAKER_ABOVE_DIALOGUE,"MARY/There he is. Oh my God. Oh my God. Do",1.0,NameDatabase@1cd072a9
79,79,"MARY",SPEAKER_WITH_VO_OS,"MARY (CONT'D)/I'm still stoned. Are you? Crap.",1.0,NameDatabase@1cd072a9
79,79,"MARY",SPEAKER_WITH_VO_OS,"MARY (CONT'D)/(to Joel)",1.0,NameDatabase@1cd072a9
79,79,"MIERZWIAK",SPEAKER_ABOVE_DIALOGUE,"MIERZWIAK/Mary. What are you doing here?",0.7,NameDatabase@1cd072a9
79,79,"STAN",SPEAKER_ABOVE_DIALOGUE,"STAN/She came to help, Howard.",1.0,NameDatabase@1cd072a9
79,79,"MARY",SPEAKER_ABOVE_DIALOGUE,"MARY/I wanted to learn as much about the",1.0,NameDatabase@1cd072a9
79,79,"MIERZWIAK",SPEAKER_ABOVE_DIALOGUE,"MIERZWIAK/Let's get to the bottom of this. Shall",0.7,NameDatabase@1cd072a9
79,79,"MIERZWIAK",SPEAKER_WITH_VO_OS,"MIERZWIAK (CONT'D)/Odd.",0.95,NameDatabase@1cd072a9
79,79,"STAN",SPEAKER_ABOVE_DIALOGUE,"STAN/I tried that already.",1.0,NameDatabase@1cd072a9
79,79,"MIERZWIAK",SPEAKER_ABOVE_DIALOGUE,"MIERZWIAK/Did you try going through C-Gate?",0.7,NameDatabase@1cd072a9
79,79,"STAN",SPEAKER_ABOVE_DIALOGUE,"STAN/Yeah. Of course.",1.0,NameDatabase@1cd072a9
79,79,"MIERZWIAK",SPEAKER_ABOVE_DIALOGUE,"MIERZWIAK/I'm going to do a Spectrum search",0.7,NameDatabase@1cd072a9
79,79,"MIERZWIAK",SPEAKER_WITH_VO_OS,"MIERZWIAK (CONT'D)/Okay, here it is. I don't know why it's",0.95,NameDatabase@1cd072a9
79,79,"Stan",NAMEFINDER_ME,"Stan works on trying to get",1.0,NameDatabase@1cd072a9
79,79,"Mary",NAMEFINDER_ME,"professional but still stoned . Mary is pacing nervously to and",1.0,NameDatabase@1cd072a9
79,79,"Mary",NAMEFINDER_ME,". The doorbell buzzes . Mary lunges for the door ,",1.0,NameDatabase@1cd072a9
79,79,"Mary",NAMEFINDER_ME,"bag , looks surprised . Mary . What are you doing",1.0,NameDatabase@1cd072a9
79,79,"Howard",NAMEFINDER_ME,"She came to help , Howard . I wanted to learn",1.0,NameDatabase@1cd072a9
79,79,"Howard",NAMEFINDER_ME,"the procedure as possible , Howard . I think it '",1.0,NameDatabase@1cd072a9
79,79,"Mary",NAMEFINDER_ME,"know . Mierzwiak looks from Mary to Stan , nods ,",1.0,NameDatabase@1cd072a9
79,79,"Stan",NAMEFINDER_ME,"Mierzwiak looks from Mary to Stan , nods , and enters",1.0,NameDatabase@1cd072a9
79,79,"Mary",NAMEFINDER_ME,"nods , and enters . Mary closes the door . Mierzwiak",1.0,NameDatabase@1cd072a9
79,79,"Mary",NAMEFINDER_ME,"He fiddles some more . Mary looks on , fascinated .",1.0,NameDatabase@1cd072a9
80,80,"JOEL",SPEAKER_ABOVE_DIALOGUE,"JOEL/(to Clementine)",1.0,NameDatabase@1cd072a9
80,80,"CLEMENTINE",SPEAKER_ABOVE_DIALOGUE,"CLEMENTINE/(giggling)",0.8,NameDatabase@1cd072a9
80,80,"Hound",NAMEFINDER_ME,"s mother , his Huckleberry Hound doll , the details of",0.6850429688437235,NameDatabase@1cd072a9
80,80,"Joel",NAMEFINDER_ME,"the kitchen , Clementine . Joel is thrown into :",1.0,NameDatabase@1cd072a9
81,81,"Joel",NAMEFINDER_ME,"obscured by a fence . Joel and Clementine drink wine .",1.0,NameDatabase@1cd072a9
82,82,"MIERZWIAK",SPEAKER_ABOVE_DIALOGUE,"MIERZWIAK/Okay, we're back in.",0.7,NameDatabase@1cd072a9
82,82,"MARY",SPEAKER_ABOVE_DIALOGUE,"MARY/That was beautiful to watch, Howard.",1.0,NameDatabase@1cd072a9
82,82,"MIERZWIAK",SPEAKER_ABOVE_DIALOGUE,"MIERZWIAK/Well, thank you, Mary.",0.7,NameDatabase@1cd072a9
82,82,"STAN",SPEAKER_ABOVE_DIALOGUE,"STAN/(sighing)",1.0,NameDatabase@1cd072a9
82,82,"MIERZWIAK",SPEAKER_ABOVE_DIALOGUE,"MIERZWIAK/Yeah, probably a good idea.",0.7,NameDatabase@1cd072a9
82,82,"Howard",NAMEFINDER_ME,"was beautiful to watch , Howard . Like a surgeon or",1.0,NameDatabase@1cd072a9
82,82,"Mary",NAMEFINDER_ME,"Well , thank you , Mary . ( sighing ) You",1.0,NameDatabase@1cd072a9
82,82,"Howard",NAMEFINDER_ME,"You get some sleep , Howard . I ' ll take",1.0,NameDatabase@1cd072a9
83,83,"CLEMENTINE",SPEAKER_ABOVE_DIALOGUE,"CLEMENTINE/But can't you see... I love you, Antoine.",0.8,NameDatabase@1cd072a9
83,83,"JOEL",SPEAKER_ABOVE_DIALOGUE,"JOEL/Don't call me Antoine. My name is Wally.",1.0,NameDatabase@1cd072a9
83,83,"CLEMENTINE",SPEAKER_ABOVE_DIALOGUE,"CLEMENTINE/Yes, but I can't love a man named Wally.",0.8,NameDatabase@1cd072a9
83,83,"JOEL",SPEAKER_ABOVE_DIALOGUE,"JOEL/They found us before. The plan didn't",1.0,NameDatabase@1cd072a9
83,83,"CLEMENTINE",SPEAKER_ABOVE_DIALOGUE,"CLEMENTINE/(mouthing to woman on screen)",0.8,NameDatabase@1cd072a9
83,83,"Joel",NAMEFINDER_ME,"Clementine and Joel laugh as they try to",1.0,NameDatabase@1cd072a9
83,83,"Joel",NAMEFINDER_ME,"scene starts to fade . Joel remembers their previous plan .",1.0,NameDatabase@1cd072a9
83,83,"Joel",NAMEFINDER_ME,"deeper ? Somewhere buried ? Joel grabs her . They run",1.0,NameDatabase@1cd072a9
84,84,"STAN",SPEAKER_ABOVE_DIALOGUE,"STAN/Howard, they've disappeared again.",1.0,NameDatabase@1cd072a9
84,84,"MIERZWIAK",SPEAKER_ABOVE_DIALOGUE,"MIERZWIAK/Oh dear.",0.7,NameDatabase@1cd072a9
84,84,"MARY",SPEAKER_ABOVE_DIALOGUE,"MARY/I'm so sorry, Howard, you must be tired.",1.0,NameDatabase@1cd072a9
84,84,"Stan",NAMEFINDER_ME,"Stan is back at the controls",1.0,NameDatabase@1cd072a9
84,84,"Mary",NAMEFINDER_ME,"s at the door with Mary . Howard , they '",1.0,NameDatabase@1cd072a9
84,84,"Howard",NAMEFINDER_ME,"the door with Mary . Howard , they ' ve disappeared",1.0,NameDatabase@1cd072a9
84,84,"Howard",NAMEFINDER_ME,"' m so sorry , Howard , you must be tired",1.0,NameDatabase@1cd072a9
85,85,"CLEMENTINE",SPEAKER_ABOVE_DIALOGUE,"CLEMENTINE/Look at you, cutey! What are we doing?",0.8,NameDatabase@1cd072a9
85,85,"JOEL",SPEAKER_ABOVE_DIALOGUE,"JOEL/This kid, Joe Early, is going to beat the",1.0,NameDatabase@1cd072a9
85,85,"CLEMENTINE",SPEAKER_WITH_VO_OS,"CLEMENTINE (CONT'D)/Poor Joel.",1.0,NameDatabase@1cd072a9
85,85,"JOE EARLY",SPEAKER_ABOVE_DIALOGUE,"JOE EARLY/Hi, Jill.",1.0,NameDatabase@1cd072a9
85,85,"JOEL",SPEAKER_ABOVE_DIALOGUE,"JOEL/He calls me Jill. Everyone calls me Jill",1.0,NameDatabase@1cd072a9
85,85,"JOEL",SPEAKER_ABOVE_DIALOGUE,"JOEL/Just shut up, Joe. I'm going home.",1.0,NameDatabase@1cd072a9
85,85,"JOE EARLY",SPEAKER_ABOVE_DIALOGUE,"JOE EARLY/I don't think so. We're fighting.",1.0,NameDatabase@1cd072a9
85,85,"JOEL",SPEAKER_ABOVE_DIALOGUE,"JOEL/I don't want to fight you.",1.0,NameDatabase@1cd072a9
85,85,"JOE EARLY",SPEAKER_ABOVE_DIALOGUE,"JOE EARLY/C'mon, Jill. Get up, faggot. C'mon.",1.0,NameDatabase@1cd072a9
85,85,"JOEL",SPEAKER_ABOVE_DIALOGUE,"JOEL/I'm too scared to even throw a punch.",1.0,NameDatabase@1cd072a9
85,85,"Joel",NAMEFINDER_ME,"Joel , now the size of",1.0,NameDatabase@1cd072a9
85,85,"Joe Early",NAMEFINDER_ME,"doing ? This kid , Joe Early , is going to beat",1.0,NameDatabase@1cd072a9
85,85,"Joel",NAMEFINDER_ME,"toward the bike rack . Joel ' s is the only",1.0,NameDatabase@1cd072a9
85,85,"Joe Early",NAMEFINDER_ME,", including giant , fat Joe Early come around the corner .",1.0,NameDatabase@1cd072a9
85,85,"Joe Early",NAMEFINDER_ME,"fight , fight ... "" Joe Early throws a wild punch that",1.0,NameDatabase@1cd072a9
85,85,"Joel",NAMEFINDER_ME,"a wild punch that hits Joel in the side . joel",1.0,NameDatabase@1cd072a9
85,85,"Joel",NAMEFINDER_ME,". C ' mon . Joel doesn ' t say anything",1.0,NameDatabase@1cd072a9
86,86,"MIERZWIAK",SPEAKER_ABOVE_DIALOGUE,"MIERZWIAK/We got him back. Stan, I think I'm just",0.7,NameDatabase@1cd072a9
86,86,"Stan",NAMEFINDER_ME,"We got him back . Stan , I think I '",1.0,NameDatabase@1cd072a9
87,87,"CLEMENTINE",SPEAKER_ABOVE_DIALOGUE,"CLEMENTINE/Our house! Our house!",0.8,NameDatabase@1cd072a9
87,87,"JOEL",SPEAKER_ABOVE_DIALOGUE,"JOEL/Clem, c'mon, we've got to hide you.",1.0,NameDatabase@1cd072a9
87,87,"Joel",NAMEFINDER_ME,"It ' s cold . Joel and Clementine walk , all",1.0,NameDatabase@1cd072a9
87,87,"Joel",NAMEFINDER_ME,"The scene is decaying . Joel chases after her . Clem",1.0,NameDatabase@1cd072a9
88,88,"CLEMENTINE",SPEAKER_ABOVE_DIALOGUE,"CLEMENTINE/(mock offended)",0.8,NameDatabase@1cd072a9
88,88,"JOEL",SPEAKER_ABOVE_DIALOGUE,"JOEL/(continuing to masturbate)",1.0,NameDatabase@1cd072a9
88,88,"Joel",NAMEFINDER_ME,"It ' s dark . Joel , junior high school size",1.0,NameDatabase@1cd072a9
88,88,"Joel",NAMEFINDER_ME,". ( mock offended ) Joel ! ( continuing to masturbate",1.0,NameDatabase@1cd072a9
88,88,"Joel",NAMEFINDER_ME,"horrible secret place to -- Joel ' s mother pops her",1.0,NameDatabase@1cd072a9
88,88,"Joel",NAMEFINDER_ME,"head in the door . Joel , I was just --",1.0,NameDatabase@1cd072a9
88,88,"Joel",NAMEFINDER_ME,", closes the door . Joel cringes . Clementine laughs ,",1.0,NameDatabase@1cd072a9
88,88,"Clementine",NAMEFINDER_ME,"door . Joel cringes . Clementine laughs , still in the",1.0,NameDatabase@1cd072a9
89,89,"CLEMENTINE",SPEAKER_ABOVE_DIALOGUE,"CLEMENTINE/(unwrapping the gift)",0.8,NameDatabase@1cd072a9
89,89,"CLEMENTINE",SPEAKER_WITH_VO_OS,"CLEMENTINE (CONT'D)/Oh, Joel. It's beautiful!",1.0,NameDatabase@1cd072a9
89,89,"JOEL",SPEAKER_ABOVE_DIALOGUE,"JOEL/I scoured the city for it.",1.0,NameDatabase@1cd072a9
89,89,"CLEMENTINE",SPEAKER_ABOVE_DIALOGUE,"CLEMENTINE/I love it!",0.8,NameDatabase@1cd072a9
89,89,"Joel",NAMEFINDER_ME,"Joel and Clementine are laughing as",1.0,NameDatabase@1cd072a9
89,89,"Joel",NAMEFINDER_ME,"in front of her . Joel hands her a small wrapped",1.0,NameDatabase@1cd072a9
89,89,"Patrick",NAMEFINDER_ME,"' s the same bracelet Patrick gave her . Oh ,",1.0,NameDatabase@1cd072a9
89,89,"Joel",NAMEFINDER_ME,"gave her . Oh , Joel . It ' s beautiful",1.0,NameDatabase@1cd072a9
90,90,"BOYS",SPEAKER_ABOVE_DIALOGUE,"BOYS/C'mon, Joel, you have to. Do it already.",1.0,NameDatabase@1cd072a9
90,90,"JOEL",SPEAKER_ABOVE_DIALOGUE,"JOEL/I can't. I have to go home. I'll do it",1.0,NameDatabase@1cd072a9
90,90,"CLEMENTINE",SPEAKER_ABOVE_DIALOGUE,"CLEMENTINE/It's okay. You were a little kid.",0.8,NameDatabase@1cd072a9
90,90,"JOEL",SPEAKER_ABOVE_DIALOGUE,"JOEL/(pointing)",1.0,NameDatabase@1cd072a9
90,90,"Joel",NAMEFINDER_ME,"Joel is one of a group",1.0,NameDatabase@1cd072a9
90,90,"Joel",NAMEFINDER_ME,". C ' mon , Joel , you have to .",1.0,NameDatabase@1cd072a9
90,90,"Joel",NAMEFINDER_ME,". Do it already . Joel doesn ' t want to",1.0,NameDatabase@1cd072a9
90,90,"Joel",NAMEFINDER_ME,"called me a girl . Joel miserably smashes the bird repeatedly",1.0,NameDatabase@1cd072a9
90,90,"Joel",NAMEFINDER_ME,"new bracelet ) , pulls Joel away from the other boys",1.0,NameDatabase@1cd072a9
90,90,"Joel",NAMEFINDER_ME,"two of them walk down Joel ' s suburban street .",1.0,NameDatabase@1cd072a9
90,90,"Joel",NAMEFINDER_ME,"I live . Lived . Joel looks down at her hand",1.0,NameDatabase@1cd072a9
91,91,"MIERZWIAK",SPEAKER_ABOVE_DIALOGUE,"MIERZWIAK/I'm getting the hang of it. I still",0.7,NameDatabase@1cd072a9
91,91,"MARY",SPEAKER_ABOVE_DIALOGUE,"MARY/(a little giggly)",1.0,NameDatabase@1cd072a9
91,91,"STAN",SPEAKER_ABOVE_DIALOGUE,"STAN/I'll go out for a smoke. If no one",1.0,NameDatabase@1cd072a9
91,91,"MIERZWIAK",SPEAKER_ABOVE_DIALOGUE,"MIERZWIAK/(not looking up)",0.7,NameDatabase@1cd072a9
91,91,"MARY",SPEAKER_ABOVE_DIALOGUE,"MARY/Do you like quotes, Howard?",1.0,NameDatabase@1cd072a9
91,91,"MIERZWIAK",SPEAKER_ABOVE_DIALOGUE,"MIERZWIAK/How do you mean?",0.7,NameDatabase@1cd072a9
91,91,"MARY",SPEAKER_ABOVE_DIALOGUE,"MARY/Oh, um, like famous quotes. I find",1.0,NameDatabase@1cd072a9
91,91,"MIERZWIAK",SPEAKER_ABOVE_DIALOGUE,"MIERZWIAK/Oh. Well, I'd love to hear some.",0.7,NameDatabase@1cd072a9
91,91,"MARY",SPEAKER_ABOVE_DIALOGUE,"MARY/Okay, um, there's one that goes ""Blessed",1.0,NameDatabase@1cd072a9
91,91,"MIERZWIAK",SPEAKER_ABOVE_DIALOGUE,"MIERZWIAK/Is that Nietzsche?",0.7,NameDatabase@1cd072a9
91,91,"MARY",SPEAKER_ABOVE_DIALOGUE,"MARY/Yeah, yeah it is, Howard. And here I was",1.0,NameDatabase@1cd072a9
91,91,"MIERZWIAK",SPEAKER_ABOVE_DIALOGUE,"MIERZWIAK/It's a good quote, Mary. I'm glad we",0.7,NameDatabase@1cd072a9
91,91,"MARY",SPEAKER_ABOVE_DIALOGUE,"MARY/(sputtering)",1.0,NameDatabase@1cd072a9
91,91,"MIERZWIAK",SPEAKER_ABOVE_DIALOGUE,"MIERZWIAK/Alexander Pope?",0.7,NameDatabase@1cd072a9
91,91,"MARY",SPEAKER_ABOVE_DIALOGUE,"MARY/Yes, shit. Oops, sorry!",1.0,NameDatabase@1cd072a9
91,91,"MIERZWIAK",SPEAKER_ABOVE_DIALOGUE,"MIERZWIAK/It's no big deal.",0.7,NameDatabase@1cd072a9
91,91,"MARY",SPEAKER_ABOVE_DIALOGUE,"MARY/You are such a sweetheart.",1.0,NameDatabase@1cd072a9
91,91,"MARY",SPEAKER_WITH_VO_OS,"MARY (CONT'D)/Anyway, the quote goes ""How happy is the",1.0,NameDatabase@1cd072a9
91,91,"MIERZWIAK",SPEAKER_ABOVE_DIALOGUE,"MIERZWIAK/That's lovely.",0.7,NameDatabase@1cd072a9
91,91,"MARY",SPEAKER_ABOVE_DIALOGUE,"MARY/Really? I thought it was appropriate",1.0,NameDatabase@1cd072a9
91,91,"MIERZWIAK",SPEAKER_ABOVE_DIALOGUE,"MIERZWIAK/It's fine, Mary. I'm happy to hear it.",0.7,NameDatabase@1cd072a9
91,91,"MARY",SPEAKER_ABOVE_DIALOGUE,"MARY/Okay. Good. Great. Thanks.",1.0,NameDatabase@1cd072a9
91,91,"MIERZWIAK",SPEAKER_ABOVE_DIALOGUE,"MIERZWIAK/You're a wonderful girl, Mary.",0.7,NameDatabase@1cd072a9
91,91,"MARY",SPEAKER_ABOVE_DIALOGUE,"MARY/I've loved you for a very long time. I'm",1.0,NameDatabase@1cd072a9
91,91,"MIERZWIAK",SPEAKER_ABOVE_DIALOGUE,"MIERZWIAK/I've got a wife, Mary. Kids. You know",0.7,NameDatabase@1cd072a9
91,91,"MARY",SPEAKER_ABOVE_DIALOGUE,"MARY/(suddenly weepy)",1.0,NameDatabase@1cd072a9
91,91,"MIERZWIAK",SPEAKER_ABOVE_DIALOGUE,"MIERZWIAK/We can't do this.",0.7,NameDatabase@1cd072a9
91,91,"MARY",SPEAKER_ABOVE_DIALOGUE,"MARY/No you're right. Once again. You're a",1.0,NameDatabase@1cd072a9
91,91,"MIERZWIAK",SPEAKER_ABOVE_DIALOGUE,"MIERZWIAK/I want you to know it's not because I'm",0.7,NameDatabase@1cd072a9
91,91,"Mary",NAMEFINDER_ME,"too much peripheral eradication . Mary sits on the bed .",1.0,NameDatabase@1cd072a9
91,91,"Stan",NAMEFINDER_ME,"like watching you work . Stan sighs , grabs his coat",1.0,NameDatabase@1cd072a9
91,91,"Stan",NAMEFINDER_ME,"That ' s fine , Stan . Mary doesn ' t",1.0,NameDatabase@1cd072a9
91,91,"Mary",NAMEFINDER_ME,"s fine , Stan . Mary doesn ' t say anything",1.0,NameDatabase@1cd072a9
91,91,"Stan",NAMEFINDER_ME,"' t say anything . Stan huffs and is out the",1.0,NameDatabase@1cd072a9
91,91,"Mary",NAMEFINDER_ME,"erase points of light . Mary gets up her courage to",1.0,NameDatabase@1cd072a9
91,91,"Howard",NAMEFINDER_ME,"Do you like quotes , Howard ? How do you mean",1.0,NameDatabase@1cd072a9
91,91,"Mary",NAMEFINDER_ME,"love to hear some . Mary is thrilled , beside herself",1.0,NameDatabase@1cd072a9
91,91,"Howard",NAMEFINDER_ME,", yeah it is , Howard . And here I was",1.0,NameDatabase@1cd072a9
91,91,"Mary",NAMEFINDER_ME,"s a good quote , Mary . I ' m glad",1.0,NameDatabase@1cd072a9
91,91,"Alexander",NAMEFINDER_ME,"It ' s by Pope Alexander . Alexander Pope ? Yes",1.0,NameDatabase@1cd072a9
91,91,"Alexander Pope",NAMEFINDER_ME,"s by Pope Alexander . Alexander Pope ? Yes , shit .",1.0,NameDatabase@1cd072a9
91,91,"Alexander",NAMEFINDER_ME,"t going to say Pope Alexander and sound like a dope",1.0,NameDatabase@1cd072a9
91,91,"Mary",NAMEFINDER_ME,"in the air . Then Mary plunges ahead to bury it",1.0,NameDatabase@1cd072a9
91,91,"Mary",NAMEFINDER_ME,"It ' s fine , Mary . I ' m happy",1.0,NameDatabase@1cd072a9
91,91,"Howard",NAMEFINDER_ME,") I like you , Howard ... an awful lot .",1.0,NameDatabase@1cd072a9
91,91,"Mary",NAMEFINDER_ME,"re a wonderful girl , Mary . She leans over and",1.0,NameDatabase@1cd072a9
91,91,"Mary",NAMEFINDER_ME,"ve got a wife , Mary . Kids . You know",1.0,NameDatabase@1cd072a9
91,91,"Howard",NAMEFINDER_ME,"re a decent man , Howard . He smiles sadly at",1.0,NameDatabase@1cd072a9
91,91,"Howard",NAMEFINDER_ME,"a long while , then Howard goes back to locating and",1.0,NameDatabase@1cd072a9
92,92,"Stan",NAMEFINDER_ME,"Stan sits in the van and",1.0,NameDatabase@1cd072a9
92,92,"Joel",NAMEFINDER_ME,"has an unobstructed view into Joel ' s bedroom window .",1.0,NameDatabase@1cd072a9
92,92,"Mary",NAMEFINDER_ME,". He watches Mierzwiak and Mary . They ' re talking",1.0,NameDatabase@1cd072a9
92,92,"Howard",NAMEFINDER_ME,"They ' re talking as Howard works . It appears to",1.0,NameDatabase@1cd072a9
92,92,"Stan",NAMEFINDER_ME,"car pulls up outside . Stan turns to see . A",1.0,NameDatabase@1cd072a9
92,92,"Mary",NAMEFINDER_ME,"window , watches Mierzwiak and Mary inside . Mierzwiak ' s",1.0,NameDatabase@1cd072a9
92,92,"Mary",NAMEFINDER_ME,"apparently weakened and he and Mary kiss again . This time",1.0,NameDatabase@1cd072a9
94,94,"MARY",SPEAKER_ABOVE_DIALOGUE,"MARY/What?",1.0,NameDatabase@1cd072a9
94,94,"MARY",SPEAKER_WITH_VO_OS,"MARY (CONT'D)/Oh my God!",1.0,NameDatabase@1cd072a9
94,94,"Mary",NAMEFINDER_ME,"Mary looks confusedly at Howard .",1.0,NameDatabase@1cd072a9
94,94,"Howard",NAMEFINDER_ME,"Mary looks confusedly at Howard . What ? She follows",1.0,NameDatabase@1cd072a9
95,95,"MIERZWIAK",SPEAKER_ABOVE_DIALOGUE,"MIERZWIAK/Hollis! Hollis!",0.7,NameDatabase@1cd072a9
95,95,"MIERZWIAK",SPEAKER_ABOVE_DIALOGUE,"MIERZWIAK/It didn't start out to be this. I came",0.7,NameDatabase@1cd072a9
95,95,"MARY",SPEAKER_ABOVE_DIALOGUE,"MARY/(heroically)",1.0,NameDatabase@1cd072a9
95,95,"HOLLIS",SPEAKER_ABOVE_DIALOGUE,"HOLLIS/Don't be a monster, Howard. Tell the",1.0,NameDatabase@1cd072a9
95,95,"MARY",SPEAKER_ABOVE_DIALOGUE,"MARY/Tell me what?",1.0,NameDatabase@1cd072a9
95,95,"HOLLIS",SPEAKER_ABOVE_DIALOGUE,"HOLLIS/Poor kid. You can have him. You did.",1.0,NameDatabase@1cd072a9
95,95,"MARY",SPEAKER_ABOVE_DIALOGUE,"MARY/What, Howard?",1.0,NameDatabase@1cd072a9
95,95,"MIERZWIAK",SPEAKER_ABOVE_DIALOGUE,"MIERZWIAK/We... have a history. I'm sorry. You",0.7,NameDatabase@1cd072a9
95,95,"STAN",SPEAKER_ABOVE_DIALOGUE,"STAN/Let me take you home.",1.0,NameDatabase@1cd072a9
95,95,"Stan",NAMEFINDER_ME,"is at her car . Stan watches from the van .",1.0,NameDatabase@1cd072a9
95,95,"Howard",NAMEFINDER_ME,") I knew it , Howard . I don ' t",1.0,NameDatabase@1cd072a9
95,95,"Mary",NAMEFINDER_ME,"one - time mistake . Mary is right behind Mierzwiak now",1.0,NameDatabase@1cd072a9
95,95,"Hollis",NAMEFINDER_ME,"right behind Mierzwiak now . Hollis is in her car .",1.0,NameDatabase@1cd072a9
95,95,"Mierzwiak",NAMEFINDER_ME,"( heroically ) Mrs . Mierzwiak , it ' s true",0.9607710444389004,NameDatabase@1cd072a9
95,95,"Mierzwiak",NAMEFINDER_ME,"' s not Mr . Mierzwiak ' s fault . I",1.0,NameDatabase@1cd072a9
95,95,"Hollis",NAMEFINDER_ME,"it . I swear . Hollis turns , looks at Mary",1.0,NameDatabase@1cd072a9
95,95,"Mary",NAMEFINDER_ME,"Hollis turns , looks at Mary and then at Mierzwiak .",1.0,NameDatabase@1cd072a9
95,95,"Howard",NAMEFINDER_ME,"t be a monster , Howard . Tell the girl .",1.0,NameDatabase@1cd072a9
95,95,"Stan",NAMEFINDER_ME,". Tell the girl . Stan is out of the van",1.0,NameDatabase@1cd072a9
95,95,"Mary",NAMEFINDER_ME,"van now , listening . Mary shivers in the cold ,",1.0,NameDatabase@1cd072a9
95,95,"Hollis",NAMEFINDER_ME,": Tell me what ? Hollis and Mierzwiak have locked eyes",1.0,NameDatabase@1cd072a9
95,95,"Mary",NAMEFINDER_ME,"Mierzwiak have locked eyes . Mary looks back and forth between",1.0,NameDatabase@1cd072a9
95,95,"Hollis",NAMEFINDER_ME,"and forth between them . Hollis starts her car . Poor",1.0,NameDatabase@1cd072a9
95,95,"Mary",NAMEFINDER_ME,". She drives off . Mary watches Howard with increased foreboding",1.0,NameDatabase@1cd072a9
95,95,"Howard",NAMEFINDER_ME,"drives off . Mary watches Howard with increased foreboding . What",1.0,NameDatabase@1cd072a9
95,95,"Howard",NAMEFINDER_ME,"increased foreboding . What , Howard ? We ... have a",1.0,NameDatabase@1cd072a9
95,95,"Mary",NAMEFINDER_ME,". He shuffles inside . Mary stands there , unable to",1.0,NameDatabase@1cd072a9
95,95,"Stan",NAMEFINDER_ME,"in vain to remember . Stan watches . Let me take",1.0,NameDatabase@1cd072a9
95,95,"Mary",NAMEFINDER_ME,"me take you home . Mary shakes her head "" no",1.0,NameDatabase@1cd072a9
96,96,"PATRICK",SPEAKER_ABOVE_DIALOGUE,"PATRICK/I could die right now, Clem. I'm just",1.0,NameDatabase@1cd072a9
96,96,"CLEMENTINE",SPEAKER_ABOVE_DIALOGUE,"CLEMENTINE/I want to go home.",0.8,NameDatabase@1cd072a9
96,96,"Patrick",NAMEFINDER_ME,"Clementine and Patrick lie on their backs on",1.0,NameDatabase@1cd072a9
97,97,"Mary",NAMEFINDER_ME,"Mary , in shock , sits",1.0,NameDatabase@1cd072a9
98,98,"Stan",NAMEFINDER_ME,"deathly silent as Mierzwiak and Stan work on completing the job",1.0,NameDatabase@1cd072a9
99,99,"CLEMENTINE",SPEAKER_ABOVE_DIALOGUE,"CLEMENTINE/I love this book, Joel. Thank you so",0.8,NameDatabase@1cd072a9
99,99,"JOEL",SPEAKER_ABOVE_DIALOGUE,"JOEL/It was horrifying, seeing my father like",1.0,NameDatabase@1cd072a9
99,99,"CLEMENTINE",SPEAKER_WITH_VO_OS,"CLEMENTINE (CONT'D)/Joel, you're not sewn in. He's wrong.",1.0,NameDatabase@1cd072a9
99,99,"Stephen Dixon",NAMEFINDER_ME,"s reading The Play by Stephen Dixon . I love this book",1.0,NameDatabase@1cd072a9
99,99,"Joel",NAMEFINDER_ME,"telling me about it . Joel is his father . The",1.0,NameDatabase@1cd072a9
99,99,"Joel",NAMEFINDER_ME,"frightened , confused Joel . Joel , you ' re not",1.0,NameDatabase@1cd072a9
100,100,"JOEL",SPEAKER_ABOVE_DIALOGUE,"JOEL/I'm done, Clem. I'm just going to ride",1.0,NameDatabase@1cd072a9
100,100,"CLEMENTINE",SPEAKER_ABOVE_DIALOGUE,"CLEMENTINE/Yeah.",0.8,NameDatabase@1cd072a9
100,100,"JOEL",SPEAKER_ABOVE_DIALOGUE,"JOEL/I want to enjoy my little time left with",1.0,NameDatabase@1cd072a9
100,100,"CLEMENTINE",SPEAKER_ABOVE_DIALOGUE,"CLEMENTINE/This is our first ""date"" date.",0.8,NameDatabase@1cd072a9
100,100,"JOEL",SPEAKER_ABOVE_DIALOGUE,"JOEL/Do you remember what we talked about?",1.0,NameDatabase@1cd072a9
100,100,"CLEMENTINE",SPEAKER_ABOVE_DIALOGUE,"CLEMENTINE/Naomi, I guess.",0.8,NameDatabase@1cd072a9
100,100,"JOEL",SPEAKER_ABOVE_DIALOGUE,"JOEL/Yeah.",1.0,NameDatabase@1cd072a9
100,100,"CLEMENTINE",SPEAKER_ABOVE_DIALOGUE,"CLEMENTINE/What was I wearing?",0.8,NameDatabase@1cd072a9
100,100,"JOEL",SPEAKER_ABOVE_DIALOGUE,"JOEL/God, I should know. Your hair was red.",1.0,NameDatabase@1cd072a9
100,100,"CLEMENTINE",SPEAKER_ABOVE_DIALOGUE,"CLEMENTINE/Egad, were you horrified?",0.8,NameDatabase@1cd072a9
100,100,"JOEL",SPEAKER_ABOVE_DIALOGUE,"JOEL/No! I think you were wearing that black",1.0,NameDatabase@1cd072a9
100,100,"CLEMENTINE",SPEAKER_ABOVE_DIALOGUE,"CLEMENTINE/No, you were with me when I bought that.",0.8,NameDatabase@1cd072a9
100,100,"Chinese",NAMEFINDER_ME,"Joel finds himself eating Chinese food and sitting across from",0.6789971321367496,NameDatabase@1cd072a9
100,100,"Naomi",NAMEFINDER_ME,"what we talked about ? Naomi , I guess . Yeah",1.0,NameDatabase@1cd072a9
102,102,"JOEL",SPEAKER_ABOVE_DIALOGUE,"JOEL/Right. Something black though.",1.0,NameDatabase@1cd072a9
102,102,"CLEMENTINE",SPEAKER_ABOVE_DIALOGUE,"CLEMENTINE/I'll buy that. Black's always good.",0.8,NameDatabase@1cd072a9
102,102,"JOEL",SPEAKER_ABOVE_DIALOGUE,"JOEL/We did talk about Naomi.",1.0,NameDatabase@1cd072a9
102,102,"CLEMENTINE",SPEAKER_ABOVE_DIALOGUE,"CLEMENTINE/I said: Are you sure? You seem unsure.",0.8,NameDatabase@1cd072a9
102,102,"JOEL",SPEAKER_ABOVE_DIALOGUE,"JOEL/I'm sure, I said.",1.0,NameDatabase@1cd072a9
102,102,"CLEMENTINE",SPEAKER_ABOVE_DIALOGUE,"CLEMENTINE/But you weren't. I could tell.",0.8,NameDatabase@1cd072a9
102,102,"JOEL",SPEAKER_ABOVE_DIALOGUE,"JOEL/I was so nervous. I remember I couldn't",1.0,NameDatabase@1cd072a9
102,102,"JOEL",SPEAKER_WITH_VO_OS,"JOEL (CONT'D)/I thought I was foolish. I thought I'd",1.0,NameDatabase@1cd072a9
102,102,"CLEMENTINE",SPEAKER_ABOVE_DIALOGUE,"CLEMENTINE/So what. Infatuation is good, too.",0.8,NameDatabase@1cd072a9
102,102,"JOEL",SPEAKER_ABOVE_DIALOGUE,"JOEL/And I didn't have an argument.",1.0,NameDatabase@1cd072a9
102,102,"Naomi",NAMEFINDER_ME,". We did talk about Naomi . I said : Are",1.0,NameDatabase@1cd072a9
103,103,"JOEL",SPEAKER_ABOVE_DIALOGUE,"JOEL/I dropped you off after. You said --",1.0,NameDatabase@1cd072a9
103,103,"CLEMENTINE",SPEAKER_ABOVE_DIALOGUE,"CLEMENTINE/(Mae West)",0.8,NameDatabase@1cd072a9
103,103,"JOEL",SPEAKER_ABOVE_DIALOGUE,"JOEL/It's very late.",1.0,NameDatabase@1cd072a9
103,103,"CLEMENTINE",SPEAKER_ABOVE_DIALOGUE,"CLEMENTINE/Yes, exactly. Exactly my point.",0.8,NameDatabase@1cd072a9
104,104,"JOEL",SPEAKER_ABOVE_DIALOGUE,"JOEL/This was our first time.",1.0,NameDatabase@1cd072a9
104,104,"Joel",NAMEFINDER_ME,"scene starts to fade . Joel watches Clementine disappear .",1.0,NameDatabase@1cd072a9
105,105,"MIERZWIAK VOICE",SPEAKER_ABOVE_DIALOGUE,"MIERZWIAK VOICE/Okay, so just tell me what you remember.",1.0,NameDatabase@1cd072a9
105,105,"MARY'S VOICE",SPEAKER_ABOVE_DIALOGUE,"MARY'S VOICE/(shaky)",0.7,NameDatabase@1cd072a9
105,105,"MIERZWIAK VOICE",SPEAKER_ABOVE_DIALOGUE,"MIERZWIAK VOICE/It's what's best, Mary. You know that.",1.0,NameDatabase@1cd072a9
105,105,"MARY'S VOICE",SPEAKER_ABOVE_DIALOGUE,"MARY'S VOICE/Yeah, I know. Oh, God. Okay, well, I",0.7,NameDatabase@1cd072a9
105,105,"Mary",NAMEFINDER_ME,"Mary enters the dark room ,",1.0,NameDatabase@1cd072a9
105,105,"Mary",NAMEFINDER_ME,"what ' s best , Mary . You know that .",1.0,NameDatabase@1cd072a9
105,105,"Mary",NAMEFINDER_ME,". You know that . Mary slumps to the floor .",1.0,NameDatabase@1cd072a9
105,105,"Mary",NAMEFINDER_ME,"shot of Mierzwiak mouthing to Mary ' s voice . """,1.0,NameDatabase@1cd072a9
105,105,"Mary",NAMEFINDER_ME,"little token "" Back to Mary sitting on the floor ,",1.0,NameDatabase@1cd072a9
105,105,"MARY'S VOICE",PERSON_NOUN,"MARY'S VOICE (CONT'D)",0.7,null
105,105,"MARY'S VOICE",PERSON_NOUN,"MARY'S VOICE (CONT'D)",0.7,null
105,105,"MARY'S VOICE",PERSON_NOUN,"MARY'S VOICE (CONT'D)",0.7,null
105,105,"MARY'S VOICE",PERSON_NOUN,"MARY'S VOICE (CONT'D)",0.7,null
106,106,"JOEL",SPEAKER_ABOVE_DIALOGUE,"JOEL/Naomi.",1.0,NameDatabase@1cd072a9
106,106,"Naomi",NAMEFINDER_ME,"The scene is fading . Naomi . On the couch .",1.0,NameDatabase@1cd072a9
108,108,"Naomi",NAMEFINDER_ME,"phone to call you , Naomi . I didn ' t",1.0,NameDatabase@1cd072a9
109,109,"NAOMI",SPEAKER_ABOVE_DIALOGUE,"NAOMI/Yours?",0.8,NameDatabase@1cd072a9
109,109,"JOEL",SPEAKER_ABOVE_DIALOGUE,"JOEL/You take it. I don't know.",1.0,NameDatabase@1cd072a9
109,109,"JOEL",SPEAKER_WITH_VO_OS,"JOEL (CONT'D)/Naomi, I really value our relationship.",1.0,NameDatabase@1cd072a9
109,109,"NAOMI",SPEAKER_ABOVE_DIALOGUE,"NAOMI/Don't do this to me now, Joel. Really.",0.8,NameDatabase@1cd072a9
109,109,"Joel",NAMEFINDER_ME,"packing things in boxes . Joel paces , steals glances at",1.0,NameDatabase@1cd072a9
109,109,"Naomi",NAMEFINDER_ME,"it in a box . Naomi , I really value our",1.0,NameDatabase@1cd072a9
110,110,"Naomi",NAMEFINDER_ME,"watches out the window as Naomi stuffs a final box in",1.0,NameDatabase@1cd072a9
111,111,"JOEL",SPEAKER_ABOVE_DIALOGUE,"JOEL/I told her today I need to end it.",1.0,NameDatabase@1cd072a9
111,111,"CLEMENTINE",SPEAKER_ABOVE_DIALOGUE,"CLEMENTINE/Is that what you want?",0.8,NameDatabase@1cd072a9
111,111,"JOEL",SPEAKER_ABOVE_DIALOGUE,"JOEL/I did it. I guess that means something.",1.0,NameDatabase@1cd072a9
112,112,"NAOMI",SPEAKER_ABOVE_DIALOGUE,"NAOMI/So what's going on, Joel?",0.8,NameDatabase@1cd072a9
112,112,"JOEL",SPEAKER_ABOVE_DIALOGUE,"JOEL/I don't know, I've just been thinking,",1.0,NameDatabase@1cd072a9
112,112,"NAOMI",SPEAKER_ABOVE_DIALOGUE,"NAOMI/What?",0.8,NameDatabase@1cd072a9
112,112,"JOEL",SPEAKER_ABOVE_DIALOGUE,"JOEL/Y'know, we've been, I don't know, sort",1.0,NameDatabase@1cd072a9
112,112,"NAOMI",SPEAKER_ABOVE_DIALOGUE,"NAOMI/Don't say ""we"" when you mean ""you.""",0.8,NameDatabase@1cd072a9
112,112,"JOEL",SPEAKER_ABOVE_DIALOGUE,"JOEL/I think maybe, we're both so used to",1.0,NameDatabase@1cd072a9
112,112,"NAOMI",SPEAKER_ABOVE_DIALOGUE,"NAOMI/Bullshit. Who is it? You met someone.",0.8,NameDatabase@1cd072a9
112,112,"JOEL",SPEAKER_ABOVE_DIALOGUE,"JOEL/No. I just need some space, maybe.",1.0,NameDatabase@1cd072a9
112,112,"NAOMI",SPEAKER_ABOVE_DIALOGUE,"NAOMI/The thing is, Joel, whatever it is you",0.8,NameDatabase@1cd072a9
112,112,"JOEL",SPEAKER_ABOVE_DIALOGUE,"JOEL/It's not somebody else.",1.0,NameDatabase@1cd072a9
112,112,"Naomi",NAMEFINDER_ME,"Joel walks with Naomi . So what ' s",1.0,NameDatabase@1cd072a9
112,112,"Joel",NAMEFINDER_ME,". The thing is , Joel , whatever it is you",1.0,NameDatabase@1cd072a9
112,112,"Naomi",NAMEFINDER_ME,". I hate myself . Naomi walks off . Joel watches",1.0,NameDatabase@1cd072a9
112,112,"Joel",NAMEFINDER_ME,". Naomi walks off . Joel watches her . The scene",1.0,NameDatabase@1cd072a9
113,113,"JOEL",SPEAKER_ABOVE_DIALOGUE,"JOEL/Is there a Clementine who works here?",1.0,NameDatabase@1cd072a9
113,113,"JOEL",SPEAKER_ABOVE_DIALOGUE,"JOEL/Hi.",1.0,NameDatabase@1cd072a9
113,113,"CLEMENTINE",SPEAKER_ABOVE_DIALOGUE,"CLEMENTINE/I didn't think you'd show your face",0.8,NameDatabase@1cd072a9
113,113,"JOEL",SPEAKER_ABOVE_DIALOGUE,"JOEL/Sorry to track you down like this. I'm",1.0,NameDatabase@1cd072a9
113,113,"CLEMENTINE",SPEAKER_ABOVE_DIALOGUE,"CLEMENTINE/(seemingly uninterested)",0.8,NameDatabase@1cd072a9
113,113,"JOEL",SPEAKER_ABOVE_DIALOGUE,"JOEL/I'd like to... take you out or something.",1.0,NameDatabase@1cd072a9
113,113,"CLEMENTINE",SPEAKER_ABOVE_DIALOGUE,"CLEMENTINE/Well, you're married.",0.8,NameDatabase@1cd072a9
113,113,"JOEL",SPEAKER_ABOVE_DIALOGUE,"JOEL/Not yet. Not married.",1.0,NameDatabase@1cd072a9
113,113,"CLEMENTINE",SPEAKER_ABOVE_DIALOGUE,"CLEMENTINE/Look, man, I'm telling you right off the",0.8,NameDatabase@1cd072a9
113,113,"JOEL",SPEAKER_ABOVE_DIALOGUE,"JOEL/Okay.",1.0,NameDatabase@1cd072a9
113,113,"CLEMENTINE",SPEAKER_ABOVE_DIALOGUE,"CLEMENTINE/So make your domestic decisions and maybe",0.8,NameDatabase@1cd072a9
113,113,"JOEL",SPEAKER_ABOVE_DIALOGUE,"JOEL/I just think that you have some kind",1.0,NameDatabase@1cd072a9
113,113,"CLEMENTINE",SPEAKER_ABOVE_DIALOGUE,"CLEMENTINE/Joel, I'm not a concept. I want you to",0.8,NameDatabase@1cd072a9
113,113,"JOEL",SPEAKER_ABOVE_DIALOGUE,"JOEL/I remember that speech really well.",1.0,NameDatabase@1cd072a9
113,113,"CLEMENTINE",SPEAKER_ABOVE_DIALOGUE,"CLEMENTINE/(smiling)",0.8,NameDatabase@1cd072a9
113,113,"JOEL",SPEAKER_ABOVE_DIALOGUE,"JOEL/You had the whole human race pegged.",1.0,NameDatabase@1cd072a9
113,113,"CLEMENTINE",SPEAKER_ABOVE_DIALOGUE,"CLEMENTINE/Probably.",0.8,NameDatabase@1cd072a9
113,113,"JOEL",SPEAKER_ABOVE_DIALOGUE,"JOEL/I still thought you were going to save",1.0,NameDatabase@1cd072a9
113,113,"CLEMENTINE",SPEAKER_ABOVE_DIALOGUE,"CLEMENTINE/I know.",0.8,NameDatabase@1cd072a9
113,113,"JOEL",SPEAKER_ABOVE_DIALOGUE,"JOEL/It would be different, if we could just",1.0,NameDatabase@1cd072a9
113,113,"CLEMENTINE",SPEAKER_ABOVE_DIALOGUE,"CLEMENTINE/Remember me. Try your best. Maybe we",0.8,NameDatabase@1cd072a9
113,113,"Joel",NAMEFINDER_ME,"Joel enters , looks around .",1.0,NameDatabase@1cd072a9
113,113,"Mark",NAMEFINDER_ME,"to another male employee ) Mark , is Clem on tonight",1.0,NameDatabase@1cd072a9
113,113,"Joel",NAMEFINDER_ME,". ( turns , sese Joel , embarrassed ) Oh ,",1.0,NameDatabase@1cd072a9
113,113,"Joel",NAMEFINDER_ME,"s upstairs in Philosophy . Joel climbs stairs , searches the",1.0,NameDatabase@1cd072a9
113,113,"Joel",NAMEFINDER_ME,"goes back to stacking . Joel stands there helplessly . I",1.0,NameDatabase@1cd072a9
113,113,"Joel",NAMEFINDER_ME,"is delivered without passion . Joel , I ' m not",1.0,NameDatabase@1cd072a9
113,113,"MALE EMPLOYEE",PERSON_ADJ,"MALE EMPLOYEE #1",0.7,null
113,113,"MALE EMPLOYEE",PERSON_ADJ,"MALE EMPLOYEE #2",0.7,null
114,114,"JOEL",SPEAKER_ABOVE_DIALOGUE,"JOEL/Thanks, guys.",1.0,NameDatabase@1cd072a9
114,114,"CARRIE",SPEAKER_ABOVE_DIALOGUE,"CARRIE/I hope you feel better, sweetie.",1.0,NameDatabase@1cd072a9
114,114,"JOEL",SPEAKER_ABOVE_DIALOGUE,"JOEL/Yeah.",1.0,NameDatabase@1cd072a9
114,114,"CARRIE",SPEAKER_ABOVE_DIALOGUE,"CARRIE/Say hi to Naomi.",1.0,NameDatabase@1cd072a9
114,114,"Joel",NAMEFINDER_ME,"Joel sits forlornly in the back",1.0,NameDatabase@1cd072a9
114,114,"Joel",NAMEFINDER_ME,"car stops in front of Joel ' s apartment building .",1.0,NameDatabase@1cd072a9
114,114,"Naomi",NAMEFINDER_ME,"Yeah . Say hi to Naomi . The car door closes",1.0,NameDatabase@1cd072a9
115,115,"Joel",NAMEFINDER_ME,"Joel climbs the stairs . I",1.0,NameDatabase@1cd072a9
116,116,"NAOMI",SPEAKER_ABOVE_DIALOGUE,"NAOMI/(full of sleep)",0.8,NameDatabase@1cd072a9
116,116,"JOEL",SPEAKER_ABOVE_DIALOGUE,"JOEL/Hi.",1.0,NameDatabase@1cd072a9
116,116,"NAOMI",SPEAKER_ABOVE_DIALOGUE,"NAOMI/How was it?",0.8,NameDatabase@1cd072a9
116,116,"JOEL",SPEAKER_ABOVE_DIALOGUE,"JOEL/You didn't miss much. Rob Carrie say",1.0,NameDatabase@1cd072a9
116,116,"NAOMI",SPEAKER_ABOVE_DIALOGUE,"NAOMI/Hi, Rob and Carrie.",0.8,NameDatabase@1cd072a9
116,116,"JOEL",SPEAKER_ABOVE_DIALOGUE,"JOEL/Go back to sleep.",1.0,NameDatabase@1cd072a9
116,116,"NAOMI",SPEAKER_ABOVE_DIALOGUE,"NAOMI/Yeah. Come to bed. I'm cold.",0.8,NameDatabase@1cd072a9
116,116,"JOEL",SPEAKER_ABOVE_DIALOGUE,"JOEL/In a minute.",1.0,NameDatabase@1cd072a9
116,116,"Joel",NAMEFINDER_ME,"The lights are off . Joel sits on a chair near",1.0,NameDatabase@1cd072a9
116,116,"Naomi",NAMEFINDER_ME,"streetlight illuminates the paper . Naomi sleeps in the bed .",1.0,NameDatabase@1cd072a9
116,116,"Naomi",NAMEFINDER_ME,"something alive about her . Naomi turns over in bed ,",1.0,NameDatabase@1cd072a9
116,116,"Joel",NAMEFINDER_ME,"over in bed , sees Joel . ( full of sleep",1.0,NameDatabase@1cd072a9
116,116,"Naomi",NAMEFINDER_ME,". In a minute . Naomi turns over . Joel goes",1.0,NameDatabase@1cd072a9
116,116,"Joel",NAMEFINDER_ME,". Naomi turns over . Joel goes back to his writing",1.0,NameDatabase@1cd072a9
117,117,"JOEL",SPEAKER_ABOVE_DIALOGUE,"JOEL/So you don't mind?",1.0,NameDatabase@1cd072a9
117,117,"NAOMI",SPEAKER_ABOVE_DIALOGUE,"NAOMI/I've got to finish this chapter anyway.",0.8,NameDatabase@1cd072a9
117,117,"JOEL",SPEAKER_ABOVE_DIALOGUE,"JOEL/Okay. I wish you could come.",1.0,NameDatabase@1cd072a9
117,117,"NAOMI",SPEAKER_WITH_VO_OS,"NAOMI (CONT'D)/Me, too.",1.0,NameDatabase@1cd072a9
117,117,"NAOMI",SPEAKER_WITH_VO_OS,"NAOMI (CONT'D)/Say hi to Rob and Carrie. Have some fun!",1.0,NameDatabase@1cd072a9
117,117,"JOEL",SPEAKER_ABOVE_DIALOGUE,"JOEL/I hope you get your work done.",1.0,NameDatabase@1cd072a9
117,117,"NAOMI",SPEAKER_ABOVE_DIALOGUE,"NAOMI/(sighing)",0.8,NameDatabase@1cd072a9
117,117,"Joel",NAMEFINDER_ME,"Joel is at his closet ,",1.0,NameDatabase@1cd072a9
117,117,"Naomi",NAMEFINDER_ME,"putting on a sweater . Naomi is at the dining room",1.0,NameDatabase@1cd072a9
117,117,"Joel",NAMEFINDER_ME,"before her , writing . Joel turns and watches her for",1.0,NameDatabase@1cd072a9
117,117,"Naomi",NAMEFINDER_ME,", too . He approaches Naomi , kisses her on the",1.0,NameDatabase@1cd072a9
118,118,"CARRIE",SPEAKER_ABOVE_DIALOGUE,"CARRIE/I'm sorry Naomi couldn't make it. You",1.0,NameDatabase@1cd072a9
118,118,"JOEL",SPEAKER_ABOVE_DIALOGUE,"JOEL/Just a little overworked, maybe.",1.0,NameDatabase@1cd072a9
118,118,"JOEL",SPEAKER_ABOVE_DIALOGUE,"JOEL/I remember you turned around. Your face",1.0,NameDatabase@1cd072a9
118,118,"CARRIE",SPEAKER_ABOVE_DIALOGUE,"CARRIE/I did. You said, things were fine.",1.0,NameDatabase@1cd072a9
118,118,"JOEL",SPEAKER_ABOVE_DIALOGUE,"JOEL/I remember.",1.0,NameDatabase@1cd072a9
118,118,"CARRIE",SPEAKER_ABOVE_DIALOGUE,"CARRIE/This is the night you met Clementine,",1.0,NameDatabase@1cd072a9
118,118,"JOEL",SPEAKER_ABOVE_DIALOGUE,"JOEL/Yeah, you told me that later.",1.0,NameDatabase@1cd072a9
118,118,"CARRIE",SPEAKER_ABOVE_DIALOGUE,"CARRIE/I told you that later.",1.0,NameDatabase@1cd072a9
118,118,"Joel",NAMEFINDER_ME,"last memory of her . Joel looks out the window .",1.0,NameDatabase@1cd072a9
118,118,"Naomi",NAMEFINDER_ME,"if things were okay between Naomi and me . I did",1.0,NameDatabase@1cd072a9
118,118,"Joel",NAMEFINDER_ME,"night you met Clementine , Joel . I remember watching you",1.0,NameDatabase@1cd072a9
118,118,"Joel",NAMEFINDER_ME,"told you that later . Joel looks out he window .",1.0,NameDatabase@1cd072a9
118,118,"Joel",NAMEFINDER_ME,"roadside . It ' s Joel and Carrie in :",1.0,NameDatabase@1cd072a9
119,119,"CARRIE",SPEAKER_ABOVE_DIALOGUE,"CARRIE/Who was the girl you walked off with?",1.0,NameDatabase@1cd072a9
119,119,"JOEL",SPEAKER_ABOVE_DIALOGUE,"JOEL/No one.",1.0,NameDatabase@1cd072a9
119,119,"Joel",NAMEFINDER_ME,"Faded . Carrie and Joel sit at the table with",1.0,NameDatabase@1cd072a9
120,120,"Joel",NAMEFINDER_ME,"Rob , Carrie , and Joel emerge from the car ,",1.0,NameDatabase@1cd072a9
121,121,"CARRIE",SPEAKER_ABOVE_DIALOGUE,"CARRIE/Is this the right way?",1.0,NameDatabase@1cd072a9
121,121,"Joel",NAMEFINDER_ME,"Joel watches his shoes in the",1.0,NameDatabase@1cd072a9
122,122,"Joel",NAMEFINDER_ME,"Joel , Rob , and Carrie",1.0,NameDatabase@1cd072a9
122,122,"Rob",NAMEFINDER_ME,"Joel , Rob , and Carrie step out",1.0,NameDatabase@1cd072a9
123,123,"JOEL",SPEAKER_ABOVE_DIALOGUE,"JOEL/You were down by the surf. I could just",1.0,NameDatabase@1cd072a9
123,123,"JOEL",SPEAKER_WITH_VO_OS,"JOEL (CONT'D)/Your back to me. In that orange",1.0,NameDatabase@1cd072a9
123,123,"JOEL",SPEAKER_WITH_VO_OS,"JOEL (CONT'D)/But I went back to my food. The next",1.0,NameDatabase@1cd072a9
123,123,"CLEMENTINE",SPEAKER_ABOVE_DIALOGUE,"CLEMENTINE/Hi there.",0.8,NameDatabase@1cd072a9
123,123,"JOEL",SPEAKER_ABOVE_DIALOGUE,"JOEL/Hi.",1.0,NameDatabase@1cd072a9
123,123,"JOEL",SPEAKER_ABOVE_DIALOGUE,"JOEL/You said...",1.0,NameDatabase@1cd072a9
123,123,"CLEMENTINE",SPEAKER_ABOVE_DIALOGUE,"CLEMENTINE/I saw you sitting over here. By",0.8,NameDatabase@1cd072a9
123,123,"JOEL",SPEAKER_ABOVE_DIALOGUE,"JOEL/Yeah. I don't ever know what to say.",1.0,NameDatabase@1cd072a9
123,123,"CLEMENTINE",SPEAKER_ABOVE_DIALOGUE,"CLEMENTINE/I can't tell you how happy I am to hear",0.8,NameDatabase@1cd072a9
123,123,"JOEL",SPEAKER_ABOVE_DIALOGUE,"JOEL/Even then I didn't believe you entirely.",1.0,NameDatabase@1cd072a9
123,123,"CLEMENTINE",SPEAKER_ABOVE_DIALOGUE,"CLEMENTINE/But, I don't know, maybe we're the normal",0.8,NameDatabase@1cd072a9
123,123,"CLEMENTINE",SPEAKER_WITH_VO_OS,"CLEMENTINE (CONT'D)/You did? You liked me?",1.0,NameDatabase@1cd072a9
123,123,"JOEL",SPEAKER_ABOVE_DIALOGUE,"JOEL/You know what I did.",1.0,NameDatabase@1cd072a9
123,123,"CLEMENTINE",SPEAKER_ABOVE_DIALOGUE,"CLEMENTINE/Yeah, I know. I'm fishing.",0.8,NameDatabase@1cd072a9
123,123,"JOEL",SPEAKER_ABOVE_DIALOGUE,"JOEL/You said --",1.0,NameDatabase@1cd072a9
123,123,"CLEMENTINE",SPEAKER_ABOVE_DIALOGUE,"CLEMENTINE/I'm Clementine. Can I borrow a piece of",0.8,NameDatabase@1cd072a9
123,123,"JOEL",SPEAKER_ABOVE_DIALOGUE,"JOEL/And you picked it out of my plate before",1.0,NameDatabase@1cd072a9
123,123,"JOEL",SPEAKER_WITH_VO_OS,"JOEL (CONT'D)/I remember --",1.0,NameDatabase@1cd072a9
123,123,"CLEMENTINE",SPEAKER_ABOVE_DIALOGUE,"CLEMENTINE/Oh God, how horrid.",0.8,NameDatabase@1cd072a9
123,123,"JOEL",SPEAKER_ABOVE_DIALOGUE,"JOEL/I'm Joel.",1.0,NameDatabase@1cd072a9
123,123,"CLEMENTINE",SPEAKER_WITH_VO_OS,"CLEMENTINE (CONT'D)/Hi, Joel. So no jokes about my name?",1.0,NameDatabase@1cd072a9
123,123,"JOEL",SPEAKER_ABOVE_DIALOGUE,"JOEL/You mean, like...",1.0,NameDatabase@1cd072a9
123,123,"CLEMENTINE",SPEAKER_ABOVE_DIALOGUE,"CLEMENTINE/Yeah, like that.",0.8,NameDatabase@1cd072a9
123,123,"JOEL",SPEAKER_ABOVE_DIALOGUE,"JOEL/Nope. No jokes. My favorite thing when",1.0,NameDatabase@1cd072a9
123,123,"CLEMENTINE",SPEAKER_ABOVE_DIALOGUE,"CLEMENTINE/(eyes welling)",0.8,NameDatabase@1cd072a9
123,123,"JOEL",SPEAKER_ABOVE_DIALOGUE,"JOEL/I know.",1.0,NameDatabase@1cd072a9
123,123,"CLEMENTINE",SPEAKER_ABOVE_DIALOGUE,"CLEMENTINE/What do we do?",0.8,NameDatabase@1cd072a9
123,123,"JOEL",SPEAKER_ABOVE_DIALOGUE,"JOEL/Enjoy it. Say good-bye.",1.0,NameDatabase@1cd072a9
123,123,"JOEL",SPEAKER_WITH_VO_OS,"JOEL (CONT'D)/So you're still on the Zoloft?",1.0,NameDatabase@1cd072a9
123,123,"CLEMENTINE",SPEAKER_ABOVE_DIALOGUE,"CLEMENTINE/No, I stopped. I didn't want to feel",0.8,NameDatabase@1cd072a9
123,123,"JOEL",SPEAKER_ABOVE_DIALOGUE,"JOEL/I know what you mean. That's why I",1.0,NameDatabase@1cd072a9
123,123,"CLEMENTINE",SPEAKER_ABOVE_DIALOGUE,"CLEMENTINE/But my sleeping is really fucked up.",0.8,NameDatabase@1cd072a9
123,123,"JOEL",SPEAKER_ABOVE_DIALOGUE,"JOEL/I don't think I've slept in a year.",1.0,NameDatabase@1cd072a9
123,123,"CLEMENTINE",SPEAKER_ABOVE_DIALOGUE,"CLEMENTINE/You should try Xanax. I mean, it's a",0.8,NameDatabase@1cd072a9
123,123,"JOEL",SPEAKER_ABOVE_DIALOGUE,"JOEL/yeah?",1.0,NameDatabase@1cd072a9
123,123,"CLEMENTINE",SPEAKER_ABOVE_DIALOGUE,"CLEMENTINE/I'll give you a couple. See what you",0.8,NameDatabase@1cd072a9
123,123,"JOEL",SPEAKER_ABOVE_DIALOGUE,"JOEL/Okay.",1.0,NameDatabase@1cd072a9
123,123,"CLEMENTINE",SPEAKER_ABOVE_DIALOGUE,"CLEMENTINE/Have you ever read any Anna Akhmatova?",0.8,NameDatabase@1cd072a9
123,123,"JOEL",SPEAKER_ABOVE_DIALOGUE,"JOEL/I love her.",1.0,NameDatabase@1cd072a9
123,123,"CLEMENTINE",SPEAKER_ABOVE_DIALOGUE,"CLEMENTINE/Really? Me, too! I don't meet people",0.8,NameDatabase@1cd072a9
123,123,"JOEL",SPEAKER_ABOVE_DIALOGUE,"JOEL/I think she's great.",1.0,NameDatabase@1cd072a9
123,123,"CLEMENTINE",SPEAKER_ABOVE_DIALOGUE,"CLEMENTINE/Me too. There's this poem --",0.8,NameDatabase@1cd072a9
123,123,"JOEL",SPEAKER_ABOVE_DIALOGUE,"JOEL/Did this conversation come before or",1.0,NameDatabase@1cd072a9
123,123,"CLEMENTINE",SPEAKER_ABOVE_DIALOGUE,"CLEMENTINE/I think, before.",0.8,NameDatabase@1cd072a9
123,123,"JOEL",SPEAKER_ABOVE_DIALOGUE,"JOEL/Seems too coincidental that way.",1.0,NameDatabase@1cd072a9
123,123,"CLEMENTINE",SPEAKER_ABOVE_DIALOGUE,"CLEMENTINE/Yeah, maybe.",0.8,NameDatabase@1cd072a9
123,123,"CLEMENTINE",SPEAKER_WITH_VO_OS,"CLEMENTINE (CONT'D)/Do you know her poem that starts ""Seaside",1.0,NameDatabase@1cd072a9
123,123,"JOEL",SPEAKER_ABOVE_DIALOGUE,"JOEL/Yeah, yeah. It goes ""Perhaps there is",1.0,NameDatabase@1cd072a9
123,123,"CLEMENTINE",SPEAKER_ABOVE_DIALOGUE,"CLEMENTINE/Yes! I love that poem. It breaks my",0.8,NameDatabase@1cd072a9
123,123,"CLEMENTINE",SPEAKER_WITH_VO_OS,"CLEMENTINE (CONT'D)/I wish we did. You married?",1.0,NameDatabase@1cd072a9
123,123,"JOEL",SPEAKER_ABOVE_DIALOGUE,"JOEL/Um, no.",1.0,NameDatabase@1cd072a9
123,123,"CLEMENTINE",SPEAKER_ABOVE_DIALOGUE,"CLEMENTINE/Let's move into this neighborhood.",0.8,NameDatabase@1cd072a9
123,123,"JOEL",SPEAKER_ABOVE_DIALOGUE,"JOEL/I do sort of live with somebody though.",1.0,NameDatabase@1cd072a9
123,123,"CLEMENTINE",SPEAKER_ABOVE_DIALOGUE,"CLEMENTINE/Oh.",0.8,NameDatabase@1cd072a9
123,123,"CLEMENTINE",SPEAKER_WITH_VO_OS,"CLEMENTINE (CONT'D)/Male or female?",1.0,NameDatabase@1cd072a9
123,123,"JOEL",SPEAKER_ABOVE_DIALOGUE,"JOEL/Female.",1.0,NameDatabase@1cd072a9
123,123,"CLEMENTINE",SPEAKER_ABOVE_DIALOGUE,"CLEMENTINE/At least I haven't been barking up the",0.8,NameDatabase@1cd072a9
123,123,"CLEMENTINE",SPEAKER_WITH_VO_OS,"CLEMENTINE (CONT'D)/Cool.",1.0,NameDatabase@1cd072a9
123,123,"JOEL",SPEAKER_ABOVE_DIALOGUE,"JOEL/What are you doing?",1.0,NameDatabase@1cd072a9
123,123,"CLEMENTINE",SPEAKER_ABOVE_DIALOGUE,"CLEMENTINE/It's freezing out here.",0.8,NameDatabase@1cd072a9
123,123,"JOEL",SPEAKER_ABOVE_DIALOGUE,"JOEL/(whisper)",1.0,NameDatabase@1cd072a9
123,123,"CLEMENTINE",SPEAKER_WITH_VO_OS,"CLEMENTINE (CONT'D)/C'mon, man. The water's fine. Nobody's",1.0,NameDatabase@1cd072a9
123,123,"JOEL",SPEAKER_ABOVE_DIALOGUE,"JOEL/I hesitated for what seemed like forever.",1.0,NameDatabase@1cd072a9
123,123,"CLEMENTINE",SPEAKER_ABOVE_DIALOGUE,"CLEMENTINE/I could see you wanted to come in, Joel.",0.8,NameDatabase@1cd072a9
123,123,"CLEMENTINE",SPEAKER_WITH_VO_OS,"CLEMENTINE (CONT'D)/As soon as you walked in. I knew I had",1.0,NameDatabase@1cd072a9
123,123,"Joel",NAMEFINDER_ME,"themselves at the fire . Joel watches couples talking , kissing",1.0,NameDatabase@1cd072a9
123,123,"Rob",NAMEFINDER_ME,"couples talking , kissing , Rob sharing a joint with a",1.0,NameDatabase@1cd072a9
123,123,"Joel",NAMEFINDER_ME,"out in the dark . Joel looks down to the water",1.0,NameDatabase@1cd072a9
123,123,"Joel",NAMEFINDER_ME,"of the orange sleeve . Joel looks up . Hi there",1.0,NameDatabase@1cd072a9
123,123,"Green",NAMEFINDER_ME,"hair was lime green . Green revolution . A shot of",1.0,NameDatabase@1cd072a9
123,123,"Joel",NAMEFINDER_ME,"picks a drumstick off of Joel ' s plate . I",1.0,NameDatabase@1cd072a9
123,123,"Joel",NAMEFINDER_ME,"was lovely . Hi , Joel . So no jokes about",1.0,NameDatabase@1cd072a9
123,123,"Hound",NAMEFINDER_ME,"a kid was my Huckleberry Hound doll . I think your",0.9456879573483623,NameDatabase@1cd072a9
123,123,"Joel",NAMEFINDER_ME,") This is it , Joel . It ' s gonna",1.0,NameDatabase@1cd072a9
123,123,"Joel",NAMEFINDER_ME,"bye . She nods . Joel and Clementine are walking near",1.0,NameDatabase@1cd072a9
123,123,"Joel",NAMEFINDER_ME,". Yeah , maybe . Joel and Clementine wander near some",1.0,NameDatabase@1cd072a9
123,123,"Joel",NAMEFINDER_ME,"don ' t live . Joel chuckles appreciatively . I wish",1.0,NameDatabase@1cd072a9
123,123,"Joel",NAMEFINDER_ME,"on a darkened house . Joel is nervous . I do",1.0,NameDatabase@1cd072a9
123,123,"Joel",NAMEFINDER_ME,"scrambles in the window . Joel looks around , panicked .",1.0,NameDatabase@1cd072a9
123,123,"Joel",NAMEFINDER_ME,"wanted to come in , Joel . He walks cautiously toward",1.0,NameDatabase@1cd072a9
124,124,"JOEL",SPEAKER_ABOVE_DIALOGUE,"JOEL/I knew.",1.0,NameDatabase@1cd072a9
124,124,"CLEMENTINE",SPEAKER_ABOVE_DIALOGUE,"CLEMENTINE/I knew by your nervousness that Naomi",0.8,NameDatabase@1cd072a9
124,124,"JOEL",SPEAKER_ABOVE_DIALOGUE,"JOEL/It's dark.",1.0,NameDatabase@1cd072a9
124,124,"CLEMENTINE",SPEAKER_ABOVE_DIALOGUE,"CLEMENTINE/Yeah. What's your girlfriend's name?",0.8,NameDatabase@1cd072a9
124,124,"JOEL",SPEAKER_ABOVE_DIALOGUE,"JOEL/Naomi.",1.0,NameDatabase@1cd072a9
124,124,"CLEMENTINE",SPEAKER_ABOVE_DIALOGUE,"CLEMENTINE/Ah-ha! Now I can look for candles,",0.8,NameDatabase@1cd072a9
124,124,"JOEL",SPEAKER_ABOVE_DIALOGUE,"JOEL/I think we should go.",1.0,NameDatabase@1cd072a9
124,124,"CLEMENTINE",SPEAKER_ABOVE_DIALOGUE,"CLEMENTINE/No, it's our house! Just tonight --",0.8,NameDatabase@1cd072a9
124,124,"JOEL",SPEAKER_ABOVE_DIALOGUE,"JOEL/(calling after her)",1.0,NameDatabase@1cd072a9
124,124,"CLEMENTINE",SPEAKER_WITH_VO_OS,"CLEMENTINE (CONT'D)/(flat)",1.0,NameDatabase@1cd072a9
124,124,"JOEL",SPEAKER_ABOVE_DIALOGUE,"JOEL/I did. I walked out the door. I felt",1.0,NameDatabase@1cd072a9
124,124,"CLEMENTINE",SPEAKER_WITH_VO_OS,"CLEMENTINE (CONT'D)/(poking her head downstairs)",1.0,NameDatabase@1cd072a9
124,124,"JOEL",SPEAKER_ABOVE_DIALOGUE,"JOEL/I walked out the door. There's no more",1.0,NameDatabase@1cd072a9
124,124,"CLEMENTINE",SPEAKER_ABOVE_DIALOGUE,"CLEMENTINE/Come back and make up a good-bye at",0.8,NameDatabase@1cd072a9
124,124,"CLEMENTINE",SPEAKER_WITH_VO_OS,"CLEMENTINE (CONT'D)/Bye, Joel.",1.0,NameDatabase@1cd072a9
124,124,"JOEL",SPEAKER_ABOVE_DIALOGUE,"JOEL/I love you.",1.0,NameDatabase@1cd072a9
124,124,"CLEMENTINE",SPEAKER_ABOVE_DIALOGUE,"CLEMENTINE/I --",0.8,NameDatabase@1cd072a9
124,124,"Joel",NAMEFINDER_ME,"Joel enters the darkened and Clementine",1.0,NameDatabase@1cd072a9
124,124,"Naomi",NAMEFINDER_ME,"knew by your nervousness that Naomi wasn ' t the kind",1.0,NameDatabase@1cd072a9
124,124,"Naomi",NAMEFINDER_ME,"girlfriend ' s name ? Naomi . She ' s searching",1.0,NameDatabase@1cd072a9
124,124,"Ah",NAMEFINDER_ME,"Joel ' s face . Ah - ha ! Now I",1.0,NameDatabase@1cd072a9
124,124,"David",NAMEFINDER_ME,") -- we ' re David and Ruth Laskin . Which",1.0,NameDatabase@1cd072a9
124,124,"Joel",NAMEFINDER_ME,"decaying environment . Bye , Joel . I love you .",1.0,NameDatabase@1cd072a9
125,125,"Joel",NAMEFINDER_ME,". It dries up and Joel is just standing there on",1.0,NameDatabase@1cd072a9
126,126,"CARRIE",SPEAKER_ABOVE_DIALOGUE,"CARRIE/Did you have fun?",1.0,NameDatabase@1cd072a9
126,126,"Rob",NAMEFINDER_ME,"in the back seat , Rob and Carrie are in the",1.0,NameDatabase@1cd072a9
126,126,"Joel",NAMEFINDER_ME,"Did you have fun ? Joel nods glumly . Carrie continues",1.0,NameDatabase@1cd072a9
126,126,"Joel",NAMEFINDER_ME,"her voice goes under as Joel studies the faded husks of",1.0,NameDatabase@1cd072a9
126,126,"Rob",NAMEFINDER_ME,"home from the beach with Rob and Carrie . It ,",1.0,NameDatabase@1cd072a9
127,127,"HOWARD",SPEAKER_ABOVE_DIALOGUE,"HOWARD/Okay.",1.0,NameDatabase@1cd072a9
127,127,"HOLLIS'S VOICE",SPEAKER_ABOVE_DIALOGUE,"HOLLIS'S VOICE/Hi, you've reached the Mierzwiaks. We",0.7,NameDatabase@1cd072a9
127,127,"Howard",NAMEFINDER_ME,"Howard watches the monitor . The",1.0,NameDatabase@1cd072a9
127,127,"Stan",NAMEFINDER_ME,"hollow . He turns to Stan , who is staring out",1.0,NameDatabase@1cd072a9
127,127,"Stan",NAMEFINDER_ME,"the dawn . Okay . Stan turns and wordlessly begins the",1.0,NameDatabase@1cd072a9
127,127,"Joel",NAMEFINDER_ME,"pulls the electrodes off of Joel ' s scalp , coils",1.0,NameDatabase@1cd072a9
127,127,"Howard",NAMEFINDER_ME,"cable , packs bags . Howard dials the bedside phone .",1.0,NameDatabase@1cd072a9
127,127,"Howard",NAMEFINDER_ME,"' t come to -- Howard hangs up .",1.0,NameDatabase@1cd072a9
128,128,"STAN",SPEAKER_ABOVE_DIALOGUE,"STAN/So, I've got to drop the van off.",1.0,NameDatabase@1cd072a9
128,128,"MIERZWIAK",SPEAKER_ABOVE_DIALOGUE,"MIERZWIAK/Thanks, Stan. Thanks.",0.7,NameDatabase@1cd072a9
128,128,"Stan",NAMEFINDER_ME,"Stan and Howard load the last",1.0,NameDatabase@1cd072a9
128,128,"Howard",NAMEFINDER_ME,"Stan and Howard load the last of the",1.0,NameDatabase@1cd072a9
128,128,"Howard",NAMEFINDER_ME,"the van . He and Howard look at each other .",1.0,NameDatabase@1cd072a9
128,128,"Stan",NAMEFINDER_ME,"van off . Thanks , Stan . Thanks .",1.0,NameDatabase@1cd072a9
129,129,"PATRICK",SPEAKER_ABOVE_DIALOGUE,"PATRICK/You want to stop for coffee or something?",1.0,NameDatabase@1cd072a9
129,129,"PATRICK",SPEAKER_WITH_VO_OS,"PATRICK (CONT'D)/Well, it was sure beautiful on that",1.0,NameDatabase@1cd072a9
129,129,"PATRICK",SPEAKER_WITH_VO_OS,"PATRICK (CONT'D)/Well do it again soon.",1.0,NameDatabase@1cd072a9
129,129,"Patrick",NAMEFINDER_ME,"Patrick and Mary are heading home",1.0,NameDatabase@1cd072a9
129,129,"Mary",NAMEFINDER_ME,"Patrick and Mary are heading home from Boston",1.0,NameDatabase@1cd072a9
129,129,"Mary",NAMEFINDER_ME,"heading home from Boston . Mary is silent and depressed .",1.0,NameDatabase@1cd072a9
129,129,"Patrick",NAMEFINDER_ME,"is silent and depressed . Patrick tries to break the silence",1.0,NameDatabase@1cd072a9
129,129,"Mary",NAMEFINDER_ME,"for coffee or something ? Mary shakes her head "" no",1.0,NameDatabase@1cd072a9
129,129,"Mary",NAMEFINDER_ME,"sharing it with me . Mary doesn ' t say anything",1.0,NameDatabase@1cd072a9
130,130,"STAN",SPEAKER_ABOVE_DIALOGUE,"STAN/Hey.",1.0,NameDatabase@1cd072a9
130,130,"MARY",SPEAKER_ABOVE_DIALOGUE,"MARY/(beat)",1.0,NameDatabase@1cd072a9
130,130,"STAN",SPEAKER_ABOVE_DIALOGUE,"STAN/I swear.",1.0,NameDatabase@1cd072a9
130,130,"MARY",SPEAKER_ABOVE_DIALOGUE,"MARY/And you never even suspected? Never saw",1.0,NameDatabase@1cd072a9
130,130,"STAN",SPEAKER_ABOVE_DIALOGUE,"STAN/Once, maybe.",1.0,NameDatabase@1cd072a9
130,130,"STAN",SPEAKER_WITH_VO_OS,"STAN (CONT'D)/It was here. At his car. I was coming",1.0,NameDatabase@1cd072a9
130,130,"MARY",SPEAKER_ABOVE_DIALOGUE,"MARY/How did I look?",1.0,NameDatabase@1cd072a9
130,130,"STAN",SPEAKER_ABOVE_DIALOGUE,"STAN/(beat)",1.0,NameDatabase@1cd072a9
130,130,"MARY",SPEAKER_ABOVE_DIALOGUE,"MARY/And after that?",1.0,NameDatabase@1cd072a9
130,130,"STAN",SPEAKER_ABOVE_DIALOGUE,"STAN/I never saw you together like that again.",1.0,NameDatabase@1cd072a9
130,130,"STAN",SPEAKER_WITH_VO_OS,"STAN (CONT'D)/I really like you, Mary. You know that.",1.0,NameDatabase@1cd072a9
130,130,"MARY",SPEAKER_ABOVE_DIALOGUE,"MARY/Do you remember anything else? What I",1.0,NameDatabase@1cd072a9
130,130,"STAN",SPEAKER_ABOVE_DIALOGUE,"STAN/(thinking)",1.0,NameDatabase@1cd072a9
130,130,"MARY",SPEAKER_ABOVE_DIALOGUE,"MARY/(heading toward the levator)",1.0,NameDatabase@1cd072a9
130,130,"MARY",SPEAKER_WITH_VO_OS,"MARY (CONT'D)/You're nice.",1.0,NameDatabase@1cd072a9
130,130,"Stan",NAMEFINDER_ME,"Stan pulls the van into space",1.0,NameDatabase@1cd072a9
130,130,"Mary",NAMEFINDER_ME,"crosses to his car . Mary is sitting on the hood",1.0,NameDatabase@1cd072a9
130,130,"Mary",NAMEFINDER_ME,"Happy with a secret . Mary starts to cry . And",1.0,NameDatabase@1cd072a9
130,130,"Mary",NAMEFINDER_ME,"I was imagining things . Mary says nothing . I really",1.0,NameDatabase@1cd072a9
130,130,"Mary",NAMEFINDER_ME,"I really like you , Mary . You know that .",1.0,NameDatabase@1cd072a9
130,130,"Stan",NAMEFINDER_ME,"the levator ) Thanks , Stan . She stops but doesn",1.0,NameDatabase@1cd072a9
131,131,"Joel",NAMEFINDER_ME,"Joel awakens . The apartment is",1.0,NameDatabase@1cd072a9
132,132,"Joel",NAMEFINDER_ME,"Joel waits on the crowded platform",1.0,NameDatabase@1cd072a9
132,132,"Joel",NAMEFINDER_ME,"the tracks is empty . Joel ' s train arrives .",1.0,NameDatabase@1cd072a9
133,133,"JOEL",SPEAKER_ABOVE_DIALOGUE,"JOEL/Hi... Naomi? Yeah, hi! How are you? I",1.0,NameDatabase@1cd072a9
133,133,"Naomi",NAMEFINDER_ME,"s nervous . Hi ... Naomi ? Yeah , hi !",1.0,NameDatabase@1cd072a9
134,134,"Mary",NAMEFINDER_ME,"Mary does paperwork at her desk",1.0,NameDatabase@1cd072a9
135,135,"MARY",SPEAKER_ABOVE_DIALOGUE,"MARY/I need this signed, Howard.",1.0,NameDatabase@1cd072a9
135,135,"MARY",SPEAKER_WITH_VO_OS,"MARY (CONT'D)/Thanks.",1.0,NameDatabase@1cd072a9
135,135,"MIERZWIAK",SPEAKER_ABOVE_DIALOGUE,"MIERZWIAK/I don't know what I'm supposed say, Mary.",0.7,NameDatabase@1cd072a9
135,135,"MARY",SPEAKER_ABOVE_DIALOGUE,"MARY/Do you love me? Did you love me?",1.0,NameDatabase@1cd072a9
135,135,"MIERZWIAK",SPEAKER_ABOVE_DIALOGUE,"MIERZWIAK/I have a family, Mary.",0.7,NameDatabase@1cd072a9
135,135,"MARY",SPEAKER_ABOVE_DIALOGUE,"MARY/You made me have an abortion.",1.0,NameDatabase@1cd072a9
135,135,"MIERZWIAK",SPEAKER_ABOVE_DIALOGUE,"MIERZWIAK/It was a mutual decision.",0.7,NameDatabase@1cd072a9
135,135,"MARY",SPEAKER_ABOVE_DIALOGUE,"MARY/You made me have you erased! I loved",1.0,NameDatabase@1cd072a9
135,135,"MIERZWIAK",SPEAKER_ABOVE_DIALOGUE,"MIERZWIAK/I didn't make you. You thought it best.",0.7,NameDatabase@1cd072a9
135,135,"Mary",NAMEFINDER_ME,". He hangs up . Mary enters with the papers .",1.0,NameDatabase@1cd072a9
135,135,"Howard",NAMEFINDER_ME,"I need this signed , Howard . He takes it ,",1.0,NameDatabase@1cd072a9
135,135,"Mary",NAMEFINDER_ME,"' m supposed say , Mary . I want to do",1.0,NameDatabase@1cd072a9
135,135,"Mary",NAMEFINDER_ME,"I have a family , Mary . You made me have",1.0,NameDatabase@1cd072a9
136,136,"NAOMI",SPEAKER_ABOVE_DIALOGUE,"NAOMI/(oddly cautious)",0.8,NameDatabase@1cd072a9
136,136,"JOEL",SPEAKER_ABOVE_DIALOGUE,"JOEL/It's been a pretty lonely couple of",1.0,NameDatabase@1cd072a9
136,136,"NAOMI",SPEAKER_ABOVE_DIALOGUE,"NAOMI/I'm sorry.",0.8,NameDatabase@1cd072a9
136,136,"JOEL",SPEAKER_ABOVE_DIALOGUE,"JOEL/Well, it was my fault -- the break-up.",1.0,NameDatabase@1cd072a9
136,136,"NAOMI",SPEAKER_ABOVE_DIALOGUE,"NAOMI/Oh, sweetie. It really does cut both",0.8,NameDatabase@1cd072a9
136,136,"JOEL",SPEAKER_ABOVE_DIALOGUE,"JOEL/I miss you.",1.0,NameDatabase@1cd072a9
136,136,"NAOMI",SPEAKER_ABOVE_DIALOGUE,"NAOMI/Miss you, too.",0.8,NameDatabase@1cd072a9
136,136,"JOEL",SPEAKER_ABOVE_DIALOGUE,"JOEL/(trying for enthusiasm)",1.0,NameDatabase@1cd072a9
136,136,"NAOMI",SPEAKER_ABOVE_DIALOGUE,"NAOMI/A religion instructor at Columbia. A",0.8,NameDatabase@1cd072a9
136,136,"JOEL",SPEAKER_ABOVE_DIALOGUE,"JOEL/I'm sorry. I really shouldn't have --",1.0,NameDatabase@1cd072a9
136,136,"NAOMI",SPEAKER_ABOVE_DIALOGUE,"NAOMI/I'm glad you called.",0.8,NameDatabase@1cd072a9
137,137,"JOEL",SPEAKER_ABOVE_DIALOGUE,"JOEL/So you think the dissertation will get",1.0,NameDatabase@1cd072a9
137,137,"NAOMI",SPEAKER_ABOVE_DIALOGUE,"NAOMI/I don;t know. I'm not sure there's a big",0.8,NameDatabase@1cd072a9
138,138,"Patrick",NAMEFINDER_ME,"Clementine lies in bed with Patrick .",1.0,NameDatabase@1cd072a9
139,139,"Joel",NAMEFINDER_ME,"crowded with business commuters . Joel is among them . The",1.0,NameDatabase@1cd072a9
139,139,"Joel",NAMEFINDER_ME,"pulls into that platform . Joel gets on the train and",1.0,NameDatabase@1cd072a9
140,140,"Mary",NAMEFINDER_ME,"Mary gets out of bed .",1.0,NameDatabase@1cd072a9
140,140,"Joel",NAMEFINDER_ME,"out . This one has Joel ' s name on it",1.0,NameDatabase@1cd072a9
141,141,"CLEMENTINE",SPEAKER_ABOVE_DIALOGUE,"CLEMENTINE/So you'll call me, right?",0.8,NameDatabase@1cd072a9
141,141,"JOEL",SPEAKER_ABOVE_DIALOGUE,"JOEL/Yeah.",1.0,NameDatabase@1cd072a9
141,141,"CLEMENTINE",SPEAKER_ABOVE_DIALOGUE,"CLEMENTINE/When?",0.8,NameDatabase@1cd072a9
141,141,"JOEL",SPEAKER_ABOVE_DIALOGUE,"JOEL/Tomorrow?",1.0,NameDatabase@1cd072a9
141,141,"CLEMENTINE",SPEAKER_ABOVE_DIALOGUE,"CLEMENTINE/Tonight. Just to test out the phone",0.8,NameDatabase@1cd072a9
141,141,"JOEL",SPEAKER_ABOVE_DIALOGUE,"JOEL/Yeah.",1.0,NameDatabase@1cd072a9
141,141,"Joel",NAMEFINDER_ME,"Joel says goodbye to Clementine .",1.0,NameDatabase@1cd072a9
141,141,"Joel",NAMEFINDER_ME,"phone lines . Yeah . Joel exits . We stay on",1.0,NameDatabase@1cd072a9
141,141,"Joel",NAMEFINDER_ME,"on Clementine as she watches Joel head to his car ,",1.0,NameDatabase@1cd072a9
142,142,"JOEL",SPEAKER_ABOVE_DIALOGUE,"JOEL/Hi, Naomi, it's Joel.",1.0,NameDatabase@1cd072a9
142,142,"NAOMI'S VOICE",SPEAKER_ABOVE_DIALOGUE,"NAOMI'S VOICE/Hi.",0.7,NameDatabase@1cd072a9
142,142,"JOEL",SPEAKER_ABOVE_DIALOGUE,"JOEL/How's it going?",1.0,NameDatabase@1cd072a9
142,142,"NAOMI'S VOICE",SPEAKER_ABOVE_DIALOGUE,"NAOMI'S VOICE/Good. I called you at work today. They",0.7,NameDatabase@1cd072a9
142,142,"JOEL",SPEAKER_ABOVE_DIALOGUE,"JOEL/I know. I had to take the day to think.",1.0,NameDatabase@1cd072a9
142,142,"NAOMI'S VOICE",SPEAKER_ABOVE_DIALOGUE,"NAOMI'S VOICE/Yeah, I tried you at home. Did you get",0.7,NameDatabase@1cd072a9
142,142,"JOEL",SPEAKER_ABOVE_DIALOGUE,"JOEL/I just got in.",1.0,NameDatabase@1cd072a9
142,142,"NAOMI'S VOICE",SPEAKER_ABOVE_DIALOGUE,"NAOMI'S VOICE/Long day thinking.",0.7,NameDatabase@1cd072a9
142,142,"JOEL",SPEAKER_ABOVE_DIALOGUE,"JOEL/Yeah, I suppose so.",1.0,NameDatabase@1cd072a9
142,142,"NAOMI'S VOICE",SPEAKER_ABOVE_DIALOGUE,"NAOMI'S VOICE/That's me.",0.7,NameDatabase@1cd072a9
142,142,"JOEL",SPEAKER_ABOVE_DIALOGUE,"JOEL/There you are.",1.0,NameDatabase@1cd072a9
142,142,"NAOMI",SPEAKER_ABOVE_DIALOGUE,"NAOMI/Okay, Joel. I suppose you're right.",0.8,NameDatabase@1cd072a9
142,142,"JOEL",SPEAKER_ABOVE_DIALOGUE,"JOEL/I had a good time last night. I really",1.0,NameDatabase@1cd072a9
142,142,"NAOMI",SPEAKER_ABOVE_DIALOGUE,"NAOMI/So I'm going to get some sleep. I'm glad",0.8,NameDatabase@1cd072a9
142,142,"JOEL",SPEAKER_ABOVE_DIALOGUE,"JOEL/We'll speak soon.",1.0,NameDatabase@1cd072a9
142,142,"NAOMI",SPEAKER_ABOVE_DIALOGUE,"NAOMI/'Night.",0.8,NameDatabase@1cd072a9
142,142,"CLEMENTINE'S VOICE",SPEAKER_ABOVE_DIALOGUE,"CLEMENTINE'S VOICE/What took you so long?",0.7,NameDatabase@1cd072a9
142,142,"JOEL",SPEAKER_ABOVE_DIALOGUE,"JOEL/I just walked in.",1.0,NameDatabase@1cd072a9
142,142,"CLEMENTINE'S VOICE",SPEAKER_ABOVE_DIALOGUE,"CLEMENTINE'S VOICE/Hmmm. Do you miss me?",0.7,NameDatabase@1cd072a9
142,142,"JOEL",SPEAKER_ABOVE_DIALOGUE,"JOEL/Oddly enough, I do.",1.0,NameDatabase@1cd072a9
142,142,"CLEMENTINE'S VOICE",SPEAKER_ABOVE_DIALOGUE,"CLEMENTINE'S VOICE/Ha Ha! You said, I do. I guess that",0.7,NameDatabase@1cd072a9
142,142,"JOEL",SPEAKER_ABOVE_DIALOGUE,"JOEL/I guess so.",1.0,NameDatabase@1cd072a9
142,142,"CLEMENTINE'S VOICE",SPEAKER_ABOVE_DIALOGUE,"CLEMENTINE'S VOICE/Tomorrow night... honeymoon on ice.",0.7,NameDatabase@1cd072a9
142,142,"Joel",NAMEFINDER_ME,"Joel enters , drops his overcoat",1.0,NameDatabase@1cd072a9
142,142,"Naomi",NAMEFINDER_ME,"the phone . Hi , Naomi , it ' s Joel",0.9686392653720083,NameDatabase@1cd072a9
142,142,"Joel",NAMEFINDER_ME,". Long day thinking . Joel flips on messages with volume",1.0,NameDatabase@1cd072a9
142,142,"Naomi",NAMEFINDER_ME,"are . ( pause ) Naomi , it ' s just",0.9685499426220553,NameDatabase@1cd072a9
142,142,"Joel",NAMEFINDER_ME,"we had ... Okay , Joel . I suppose you '",1.0,NameDatabase@1cd072a9
142,142,"Joel",NAMEFINDER_ME,". She hangs up and Joel stands there for a minute",1.0,NameDatabase@1cd072a9
143,143,"CLEMENTINE",SPEAKER_ABOVE_DIALOGUE,"CLEMENTINE/Don't worry. It's really solid this time",0.8,NameDatabase@1cd072a9
143,143,"JOEL",SPEAKER_ABOVE_DIALOGUE,"JOEL/I don't know.",1.0,NameDatabase@1cd072a9
143,143,"JOEL",SPEAKER_WITH_VO_OS,"JOEL (CONT'D)/This is so beautiful.",1.0,NameDatabase@1cd072a9
143,143,"CLEMENTINE",SPEAKER_ABOVE_DIALOGUE,"CLEMENTINE/Isn't it?",0.8,NameDatabase@1cd072a9
143,143,"JOEL",SPEAKER_ABOVE_DIALOGUE,"JOEL/I don't know. What if it breaks?",1.0,NameDatabase@1cd072a9
143,143,"CLEMENTINE",SPEAKER_ABOVE_DIALOGUE,"CLEMENTINE/What if?",0.8,NameDatabase@1cd072a9
143,143,"JOEL",SPEAKER_ABOVE_DIALOGUE,"JOEL/I think I should go back.",1.0,NameDatabase@1cd072a9
143,143,"CLEMENTINE",SPEAKER_ABOVE_DIALOGUE,"CLEMENTINE/Joel, come here. Please.",0.8,NameDatabase@1cd072a9
143,143,"JOEL",SPEAKER_ABOVE_DIALOGUE,"JOEL/Listen, did you want to make love?",1.0,NameDatabase@1cd072a9
143,143,"CLEMENTINE",SPEAKER_ABOVE_DIALOGUE,"CLEMENTINE/Make love?",0.8,NameDatabase@1cd072a9
143,143,"JOEL",SPEAKER_ABOVE_DIALOGUE,"JOEL/Have sex. Y'know --",1.0,NameDatabase@1cd072a9
143,143,"CLEMENTINE",SPEAKER_ABOVE_DIALOGUE,"CLEMENTINE/Oh, um...",0.8,NameDatabase@1cd072a9
143,143,"JOEL",SPEAKER_ABOVE_DIALOGUE,"JOEL/Because I just am not drunk enough or",1.0,NameDatabase@1cd072a9
143,143,"CLEMENTINE",SPEAKER_ABOVE_DIALOGUE,"CLEMENTINE/That's okay. I --",0.8,NameDatabase@1cd072a9
143,143,"JOEL",SPEAKER_ABOVE_DIALOGUE,"JOEL/I'm sorry. I just wanted to say that.",1.0,NameDatabase@1cd072a9
143,143,"CLEMENTINE",SPEAKER_ABOVE_DIALOGUE,"CLEMENTINE/Hey, Joel --",0.8,NameDatabase@1cd072a9
143,143,"JOEL",SPEAKER_ABOVE_DIALOGUE,"JOEL/-- and I'm just too nervous around you",1.0,NameDatabase@1cd072a9
143,143,"CLEMENTINE",SPEAKER_ABOVE_DIALOGUE,"CLEMENTINE/I'm nervous, too.",0.8,NameDatabase@1cd072a9
143,143,"JOEL",SPEAKER_ABOVE_DIALOGUE,"JOEL/Yeah? I wouldn't have thought that.",1.0,NameDatabase@1cd072a9
143,143,"CLEMENTINE",SPEAKER_ABOVE_DIALOGUE,"CLEMENTINE/Well, you obviously don't know me.",0.8,NameDatabase@1cd072a9
143,143,"JOEL",SPEAKER_ABOVE_DIALOGUE,"JOEL/I'm nervous because I have and enormous",1.0,NameDatabase@1cd072a9
143,143,"CLEMENTINE",SPEAKER_ABOVE_DIALOGUE,"CLEMENTINE/Show me which constellations you know.",0.8,NameDatabase@1cd072a9
143,143,"Joel",NAMEFINDER_ME,"slides on the ice . Joel is by himself now .",1.0,NameDatabase@1cd072a9
143,143,"Joel",NAMEFINDER_ME,"up at the stars . Joel is paralyzed . He looks",1.0,NameDatabase@1cd072a9
143,143,"Joel",NAMEFINDER_ME,"I should go back . Joel , come here . Please",1.0,NameDatabase@1cd072a9
143,143,"Listen",NAMEFINDER_ME,"snuggles closer to him . Listen , did you want to",0.7603124899218207,NameDatabase@1cd072a9
143,143,"Joel",NAMEFINDER_ME,"it and -- Hey , Joel -- -- and I '",1.0,NameDatabase@1cd072a9
144,144,"Joel",NAMEFINDER_ME,"Joel drops Clementine off . She",1.0,NameDatabase@1cd072a9
145,145,"CLEMENTINE'S VOICE",SPEAKER_ABOVE_DIALOGUE,"CLEMENTINE'S VOICE/Yeah?",0.7,NameDatabase@1cd072a9
145,145,"JOEL",SPEAKER_ABOVE_DIALOGUE,"JOEL/Did you send this? Is it a joke?",1.0,NameDatabase@1cd072a9
145,145,"CLEMENTINE'S VOICE",SPEAKER_ABOVE_DIALOGUE,"CLEMENTINE'S VOICE/I probably got the same thing as you.",0.7,NameDatabase@1cd072a9
145,145,"JOEL",SPEAKER_ABOVE_DIALOGUE,"JOEL/I mean, I haven't even told anyone I've",1.0,NameDatabase@1cd072a9
145,145,"CLEMENTINE'S VOICE",SPEAKER_ABOVE_DIALOGUE,"CLEMENTINE'S VOICE/(matter of fact)",0.7,NameDatabase@1cd072a9
145,145,"JOEL",SPEAKER_ABOVE_DIALOGUE,"JOEL/That's what you have to say? How could",1.0,NameDatabase@1cd072a9
145,145,"CLEMENTINE",SPEAKER_ABOVE_DIALOGUE,"CLEMENTINE/Maybe. Call someone who'd know.",0.8,NameDatabase@1cd072a9
145,145,"Joel",NAMEFINDER_ME,"Joel enters with his mail .",1.0,NameDatabase@1cd072a9
145,145,"Joel",NAMEFINDER_ME,"his stereo , listens . Joel dials the phone . Yeah",1.0,NameDatabase@1cd072a9
146,146,"CARRIE",SPEAKER_ABOVE_DIALOGUE,"CARRIE/Yes, Joel. It is true. We weren't",1.0,NameDatabase@1cd072a9
146,146,"Joel",NAMEFINDER_ME,"then speaks : Yes , Joel . It is true .",1.0,NameDatabase@1cd072a9
147,147,"JOEL",SPEAKER_ABOVE_DIALOGUE,"JOEL/It's true.",1.0,NameDatabase@1cd072a9
147,147,"CLEMENTINE'S VOICE",SPEAKER_ABOVE_DIALOGUE,"CLEMENTINE'S VOICE/I know. I spoke to my friend Magda.",0.7,NameDatabase@1cd072a9
147,147,"JOEL",SPEAKER_ABOVE_DIALOGUE,"JOEL/Look, I have to go. I have to think.",1.0,NameDatabase@1cd072a9
147,147,"CLEMENTINE'S VOICE",SPEAKER_ABOVE_DIALOGUE,"CLEMENTINE'S VOICE/Joel, we've fucked. We've made love.",0.7,NameDatabase@1cd072a9
147,147,"Joel",NAMEFINDER_ME,"Joel hangs up . He dials",1.0,NameDatabase@1cd072a9
147,147,"Joel",NAMEFINDER_ME,"to my friend Magda . Joel is immersed in the several",1.0,NameDatabase@1cd072a9
147,147,"Joel",NAMEFINDER_ME,"I have to think . Joel , we ' ve fucked",1.0,NameDatabase@1cd072a9
147,147,"Joel",NAMEFINDER_ME,"' t that lovely ? Joel doesn ' t know what",1.0,NameDatabase@1cd072a9
147,147,"CLEMENTINE'S VOICE",PERSON_NOUN,"CLEMENTINE'S VOICE (CONT'D)",0.7,null
148,148,"CLEMENTINE",SPEAKER_ABOVE_DIALOGUE,"CLEMENTINE/Says you were closed off, non",0.8,NameDatabase@1cd072a9
148,148,"JOEL",SPEAKER_ABOVE_DIALOGUE,"JOEL/Says you were a bully...",1.0,NameDatabase@1cd072a9
148,148,"CLEMENTINE",SPEAKER_ABOVE_DIALOGUE,"CLEMENTINE/(laughing)",0.8,NameDatabase@1cd072a9
148,148,"JOEL",SPEAKER_ABOVE_DIALOGUE,"JOEL/That's what it says. You drank too much,",1.0,NameDatabase@1cd072a9
148,148,"CLEMENTINE",SPEAKER_ABOVE_DIALOGUE,"CLEMENTINE/Well, sounds like me. Sorry, man.",0.8,NameDatabase@1cd072a9
148,148,"JOEL",SPEAKER_ABOVE_DIALOGUE,"JOEL/Says you would sometimes disappear all",1.0,NameDatabase@1cd072a9
148,148,"CLEMENTINE",SPEAKER_ABOVE_DIALOGUE,"CLEMENTINE/Did I use the term ""sexual conquests"" or",0.8,NameDatabase@1cd072a9
148,148,"JOEL",SPEAKER_ABOVE_DIALOGUE,"JOEL/I don't know.",1.0,NameDatabase@1cd072a9
148,148,"CLEMENTINE",SPEAKER_ABOVE_DIALOGUE,"CLEMENTINE/Doesn't sound like me.",0.8,NameDatabase@1cd072a9
148,148,"JOEL",SPEAKER_ABOVE_DIALOGUE,"JOEL/Says you were a slob, leaving trails of",1.0,NameDatabase@1cd072a9
148,148,"CLEMENTINE",SPEAKER_ABOVE_DIALOGUE,"CLEMENTINE/Says you were constantly calling me a",0.8,NameDatabase@1cd072a9
148,148,"JOEL",SPEAKER_ABOVE_DIALOGUE,"JOEL/(considering)",1.0,NameDatabase@1cd072a9
148,148,"CLEMENTINE",SPEAKER_ABOVE_DIALOGUE,"CLEMENTINE/We should have sex. It's old hat for us.",0.8,NameDatabase@1cd072a9
148,148,"CLEMENTINE",SPEAKER_WITH_VO_OS,"CLEMENTINE (CONT'D)/You know my body like the back of your",1.0,NameDatabase@1cd072a9
148,148,"CLEMENTINE",SPEAKER_WITH_VO_OS,"CLEMENTINE (CONT'D)/Every curve, every freckle.",1.0,NameDatabase@1cd072a9
148,148,"JOEL",SPEAKER_ABOVE_DIALOGUE,"JOEL/You're so beautiful.",1.0,NameDatabase@1cd072a9
148,148,"Joel",NAMEFINDER_ME,"Joel and Clementine review their separate",1.0,NameDatabase@1cd072a9
149,149,"RECEPTIONIST",SPEAKER_ABOVE_DIALOGUE,"RECEPTIONIST/May I help you?",0.8,NameDatabase@1cd072a9
149,149,"STAN",SPEAKER_ABOVE_DIALOGUE,"STAN/I work here. I used to work here. Stan.",1.0,NameDatabase@1cd072a9
149,149,"RECEPTIONIST",SPEAKER_ABOVE_DIALOGUE,"RECEPTIONIST/(into phone)",0.8,NameDatabase@1cd072a9
149,149,"Stan",NAMEFINDER_ME,"Stan enters the waiting room ,",1.0,NameDatabase@1cd072a9
149,149,"Stan",NAMEFINDER_ME,"used to work here . Stan . Please just tell Howard",1.0,NameDatabase@1cd072a9
149,149,"Howard I",NAMEFINDER_ME,"Stan . Please just tell Howard I ' m here to clean",1.0,NameDatabase@1cd072a9
149,149,"Mierzwiak",NAMEFINDER_ME,"into phone ) Mr . Mierzwiak , Stan is here to",1.0,NameDatabase@1cd072a9
149,149,"Stan",NAMEFINDER_ME,") Mr . Mierzwiak , Stan is here to -- Yes",1.0,NameDatabase@1cd072a9
149,149,"Stan",NAMEFINDER_ME,"Yes sir . ( to Stan ) He says he needs",1.0,NameDatabase@1cd072a9
150,150,"MIERZWIAK",SPEAKER_ABOVE_DIALOGUE,"MIERZWIAK/She should not have done this, Stan. As",0.7,NameDatabase@1cd072a9
150,150,"STAN",SPEAKER_ABOVE_DIALOGUE,"STAN/I don't know what you're talking about,",1.0,NameDatabase@1cd072a9
150,150,"MIERZWIAK",SPEAKER_ABOVE_DIALOGUE,"MIERZWIAK/Mary has stolen our files and is sending",0.7,NameDatabase@1cd072a9
150,150,"STAN",SPEAKER_ABOVE_DIALOGUE,"STAN/Jesus.",1.0,NameDatabase@1cd072a9
150,150,"YOUNG WOMAN",SPEAKER_ABOVE_DIALOGUE,"YOUNG WOMAN/... so I called everybody I know and",1.0,NameDatabase@1cd072a9
150,150,"MIERZWIAK",SPEAKER_ABOVE_DIALOGUE,"MIERZWIAK/This is why people must never be told.",0.7,NameDatabase@1cd072a9
150,150,"YOUNG WOMAN",SPEAKER_ABOVE_DIALOGUE,"YOUNG WOMAN/I don't know what to do. Before I",1.0,NameDatabase@1cd072a9
150,150,"PATRICK",SPEAKER_ABOVE_DIALOGUE,"PATRICK/This never should've happened, ma'am.",1.0,NameDatabase@1cd072a9
150,150,"MIERZWIAK",SPEAKER_ABOVE_DIALOGUE,"MIERZWIAK/I know you don't like me much, Stan, but",0.7,NameDatabase@1cd072a9
150,150,"Stan",NAMEFINDER_ME,"Stan enters . Mierzwiak is pale",1.0,NameDatabase@1cd072a9
150,150,"Mierzwiak",NAMEFINDER_ME,"Stan enters . Mierzwiak is pale and pacing .",1.0,NameDatabase@1cd072a9
150,150,"Stan",NAMEFINDER_ME,"not have done this , Stan . As mad as she",1.0,NameDatabase@1cd072a9
150,150,"Howard",NAMEFINDER_ME,"' re talking about , Howard . Mary has stolen our",1.0,NameDatabase@1cd072a9
150,150,"Mary",NAMEFINDER_ME,"talking about , Howard . Mary has stolen our files and",1.0,NameDatabase@1cd072a9
150,150,"Patrick",NAMEFINDER_ME,"on the lab , where Patrick has clearly taken over Stan",1.0,NameDatabase@1cd072a9
150,150,"Stan",NAMEFINDER_ME,"Patrick has clearly taken over Stan ' s position . He",1.0,NameDatabase@1cd072a9
150,150,"Stan",NAMEFINDER_ME,"t like me much , Stan , but please talk to",1.0,NameDatabase@1cd072a9
150,150,"Mary",NAMEFINDER_ME,", but please talk to Mary . She of all people",1.0,NameDatabase@1cd072a9
151,151,"JOEL",SPEAKER_ABOVE_DIALOGUE,"JOEL/Hi, it's Joel.",1.0,NameDatabase@1cd072a9
151,151,"CLEMENTINE'S VOICE",SPEAKER_ABOVE_DIALOGUE,"CLEMENTINE'S VOICE/Hey, lover. Whatcha doing?",0.7,NameDatabase@1cd072a9
151,151,"JOEL",SPEAKER_ABOVE_DIALOGUE,"JOEL/I'm just, y'know, passing the time best I",1.0,NameDatabase@1cd072a9
151,151,"CLEMENTINE'S VOICE",SPEAKER_ABOVE_DIALOGUE,"CLEMENTINE'S VOICE/God, I can't believe I ever hated you.",0.7,NameDatabase@1cd072a9
151,151,"JOEL",SPEAKER_ABOVE_DIALOGUE,"JOEL/You must have been crazy.",1.0,NameDatabase@1cd072a9
151,151,"CLEMENTINE'S VOICE",SPEAKER_ABOVE_DIALOGUE,"CLEMENTINE'S VOICE/Guess what I'm wearing.",0.7,NameDatabase@1cd072a9
151,151,"JOEL",SPEAKER_ABOVE_DIALOGUE,"JOEL/I don't know. Panties and --",1.0,NameDatabase@1cd072a9
151,151,"CLEMENTINE'S VOICE",SPEAKER_ABOVE_DIALOGUE,"CLEMENTINE'S VOICE/Your dried cum.",0.7,NameDatabase@1cd072a9
151,151,"JOEL",SPEAKER_ABOVE_DIALOGUE,"JOEL/Jesus.",1.0,NameDatabase@1cd072a9
151,151,"CLEMENTINE",SPEAKER_ABOVE_DIALOGUE,"CLEMENTINE/You're still excited by my irreverence.",0.8,NameDatabase@1cd072a9
151,151,"JOEL",SPEAKER_ABOVE_DIALOGUE,"JOEL/I can't stop thinking about you.",1.0,NameDatabase@1cd072a9
151,151,"CLEMENTINE",SPEAKER_ABOVE_DIALOGUE,"CLEMENTINE/Yay. Meet me after work by the old mill.",0.8,NameDatabase@1cd072a9
151,151,"JOEL",SPEAKER_ABOVE_DIALOGUE,"JOEL/What old mill? Is that somewhere we --",1.0,NameDatabase@1cd072a9
151,151,"CLEMENTINE",SPEAKER_ABOVE_DIALOGUE,"CLEMENTINE/I just wanted to say that. Come by my",0.8,NameDatabase@1cd072a9
151,151,"Meet",NAMEFINDER_ME,"about you . Yay . Meet me after work by the",0.8141451878808915,NameDatabase@1cd072a9
152,152,"MARY",SPEAKER_ABOVE_DIALOGUE,"MARY/Oh.",1.0,NameDatabase@1cd072a9
152,152,"STAN",SPEAKER_ABOVE_DIALOGUE,"STAN/Hi.",1.0,NameDatabase@1cd072a9
152,152,"MARY",SPEAKER_ABOVE_DIALOGUE,"MARY/What do you want, Stan?",1.0,NameDatabase@1cd072a9
152,152,"STAN",SPEAKER_ABOVE_DIALOGUE,"STAN/Can I... I brought some --",1.0,NameDatabase@1cd072a9
152,152,"STAN",SPEAKER_WITH_VO_OS,"STAN (CONT'D)/What's this?",1.0,NameDatabase@1cd072a9
152,152,"MARY",SPEAKER_ABOVE_DIALOGUE,"MARY/Nothing.",1.0,NameDatabase@1cd072a9
152,152,"STAN",SPEAKER_ABOVE_DIALOGUE,"STAN/I know what it is.",1.0,NameDatabase@1cd072a9
152,152,"MARY",SPEAKER_ABOVE_DIALOGUE,"MARY/Then why did you ask me?",1.0,NameDatabase@1cd072a9
152,152,"STAN",SPEAKER_ABOVE_DIALOGUE,"STAN/I don't know. I just -- there are a lot",1.0,NameDatabase@1cd072a9
152,152,"MARY",SPEAKER_ABOVE_DIALOGUE,"MARY/They have a right to know. Howard is a",1.0,NameDatabase@1cd072a9
152,152,"STAN",SPEAKER_ABOVE_DIALOGUE,"STAN/Mary, people come to him voluntarily.",1.0,NameDatabase@1cd072a9
152,152,"MARY",SPEAKER_ABOVE_DIALOGUE,"MARY/I won't allow it. Those who cannot",1.0,NameDatabase@1cd072a9
152,152,"STAN",SPEAKER_ABOVE_DIALOGUE,"STAN/The office is filled with people who want",1.0,NameDatabase@1cd072a9
152,152,"MARY",SPEAKER_ABOVE_DIALOGUE,"MARY/(hysterically)",1.0,NameDatabase@1cd072a9
152,152,"STAN",SPEAKER_ABOVE_DIALOGUE,"STAN/Mary... please. This is hurting people.",1.0,NameDatabase@1cd072a9
152,152,"MARY",SPEAKER_ABOVE_DIALOGUE,"MARY/(small)",1.0,NameDatabase@1cd072a9
152,152,"Mary",NAMEFINDER_ME,"Mary opens the door . Stan",1.0,NameDatabase@1cd072a9
152,152,"Stan",NAMEFINDER_ME,"Mary opens the door . Stan stands there with two cups",1.0,NameDatabase@1cd072a9
152,152,"Stan",NAMEFINDER_ME,"What do you want , Stan ? Can I ... I",1.0,NameDatabase@1cd072a9
152,152,"Stan",NAMEFINDER_ME,"-- She steps aside for Stan to enter . He does",1.0,NameDatabase@1cd072a9
152,152,"Howard",NAMEFINDER_ME,"a right to know . Howard is a thief . He",1.0,NameDatabase@1cd072a9
152,152,"Stan",NAMEFINDER_ME,"Do you understand that ? Stan doesn ' t know what",1.0,NameDatabase@1cd072a9
152,152,"Mary",NAMEFINDER_ME,"He stands there dumbly . Mary slumps into a ball on",1.0,NameDatabase@1cd072a9
152,152,"Mary",NAMEFINDER_ME,"ball on a chair . Mary , people come to him",1.0,NameDatabase@1cd072a9
152,152,"Mary",NAMEFINDER_ME,"! Remember the Alamo ! Mary ... please . This is",1.0,NameDatabase@1cd072a9
152,152,"Stan",NAMEFINDER_ME,"Someone has to remember , Stan . They look at each",1.0,NameDatabase@1cd072a9
153,153,"SAD WOMAN'S VOICE",SPEAKER_ABOVE_DIALOGUE,"SAD WOMAN'S VOICE/I was by myself in the park because my",1.0,NameDatabase@1cd072a9
153,153,"MAN",SPEAKER_ABOVE_DIALOGUE,"MAN/He won't bite. You can pet him if you",1.0,NameDatabase@1cd072a9
153,153,"MAN",SPEAKER_ABOVE_DIALOGUE,"MAN/Do you want to give him a biscuit?",1.0,NameDatabase@1cd072a9
153,153,"MAN",SPEAKER_WITH_VO_OS,"MAN (CONT'D)/They're in my car. Why don't you --",1.0,NameDatabase@1cd072a9
153,153,"DISTRAUGHT WOMAN'S VOICE",SPEAKER_ABOVE_DIALOGUE,"DISTRAUGHT WOMAN'S VOICE/Excuse me? Hello?",0.7,NameDatabase@1cd072a9
153,153,"SAD WOMAN",PERSON_NOUN,"SAD WOMAN'S VOICE (CONT'D)",0.7,null
153,153,"SAD WOMAN",PERSON_NOUN,"SAD WOMAN'S VOICE (CONT'D)",0.7,null
153,153,"MAN",PERSON_NOUN,"MAN (CONT'D)",0.7,null
154,154,"MARY",SPEAKER_ABOVE_DIALOGUE,"MARY/May I help you?",1.0,NameDatabase@1cd072a9
154,154,"MARY",SPEAKER_ABOVE_DIALOGUE,"MARY/Yes, please have a seat. The doctor will",1.0,NameDatabase@1cd072a9
154,154,"MARY",SPEAKER_WITH_VO_OS,"MARY (CONT'D)/Howard, your 10:30.",1.0,NameDatabase@1cd072a9
154,154,"SAD WOMAN'S VOICE",SPEAKER_ABOVE_DIALOGUE,"SAD WOMAN'S VOICE/He took me to his car and ...",1.0,NameDatabase@1cd072a9
154,154,"Mary",NAMEFINDER_ME,"Mary , with a headset on",1.0,NameDatabase@1cd072a9
154,154,"Mary",NAMEFINDER_ME,". The woman sits . Mary presses an intercom button .",1.0,NameDatabase@1cd072a9
154,154,"Howard",NAMEFINDER_ME,"presses an intercom button . Howard , your 10 : 30",1.0,NameDatabase@1cd072a9
156,156,"MAN",SPEAKER_ABOVE_DIALOGUE,"MAN/I...I... I... find you physically",1.0,NameDatabase@1cd072a9
156,156,"Mary",NAMEFINDER_ME,"driver ' s POV . Mary having an abortion .",1.0,NameDatabase@1cd072a9
158,158,"OLD MAN",SPEAKER_ABOVE_DIALOGUE,"OLD MAN/How are you today, Mary?",1.0,NameDatabase@1cd072a9
158,158,"SECOND OLD WOMAN",SPEAKER_ABOVE_DIALOGUE,"SECOND OLD WOMAN/I'd like to make an appointment.",1.0,NameDatabase@1cd072a9
158,158,"Mary",NAMEFINDER_ME,"How are you today , Mary ? OLD WOMAN ( MARY",1.0,NameDatabase@1cd072a9
158,158,"Howard",NAMEFINDER_ME,"see ... Still dying , Howard . OLD MAN ( HOWARD",1.0,NameDatabase@1cd072a9
158,158,"Howard",NAMEFINDER_ME,"unbecoming on you . Old Howard mutters something and disappears into",1.0,NameDatabase@1cd072a9
158,158,"Mary",NAMEFINDER_ME,"into the back . Old Mary pulls out a file from",1.0,NameDatabase@1cd072a9
158,158,"OLD WOMAN",PERSON_ADJ,"OLD WOMAN (MARY)",0.7,null
158,158,"OLD MAN",PERSON_ADJ,"OLD MAN (HOWARD)",0.7,null
158,158,"OLD WOMAN",PERSON_ADJ,"OLD WOMAN (MARY)",0.7,null
158,158,"OLD WOMAN",PERSON_ADJ,"OLD WOMAN (MARY) (CONT'D)",0.7,null
158,158,"OLD WOMAN",PERSON_ADJ,"OLD WOMAN (MARY)",0.7,null
159,159,"Howard",NAMEFINDER_ME,"Old Howard works at his desk .",1.0,NameDatabase@1cd072a9
159,159,"Mary",NAMEFINDER_ME,"at his desk . Old Mary enters with the second old",1.0,NameDatabase@1cd072a9
159,159,"Mierzwiak",NAMEFINDER_ME,"( MARY ) Dr . Mierzwiak , this is Clementine Kruczynski",1.0,NameDatabase@1cd072a9
159,159,"Howard",NAMEFINDER_ME,"talk to you . Old Howard and the old Mary eye",1.0,NameDatabase@1cd072a9
159,159,"Kruczynski",NAMEFINDER_ME,") Hello , Ms . Kruczynski . Nice to meet you",1.0,NameDatabase@1cd072a9
159,159,"Joel Barish",NAMEFINDER_ME,", all of them involving Joel Barish . OLD MAN ( HOWARD",1.0,NameDatabase@1cd072a9
159,159,"OLD WOMAN",PERSON_ADJ,"OLD WOMAN (MARY)",0.7,null
159,159,"OLD MAN",PERSON_ADJ,"OLD MAN (HOWARD)",0.7,null
159,159,"OLD MAN",PERSON_ADJ,"OLD MAN (HOWARD) (CONT'D)",0.7,null
159,159,"OLD MAN",PERSON_ADJ,"OLD MAN (HOWARD) (CONT'D)",0.7,null
159,159,"OLD WOMAN",PERSON_ADJ,"SECOND OLD WOMAN (CLEMENTINE)",0.7,null
160,160,"OLD WOMAN",PERSON_ADJ,"SECOND OLD WOMAN (CLEMENTINE) (V.O.)",0.7,null
161,161,"OLD WOMAN",PERSON_ADJ,"SECOND OLD WOMAN (CLEMENTINE) (V.O.)",0.7,null
161,161,"OLD WOMAN",PERSON_ADJ,"SECOND OLD WOMAN (CLEMENTINE) (V.O.)",0.7,null
162,162,"OLD WOMAN",PERSON_ADJ,"SECOND OLD WOMAN (CLEMENTINE) (V.O.)",0.7,null
163,163,"OLD MAN'S VOICE",SPEAKER_ABOVE_DIALOGUE,"OLD MAN'S VOICE/Hi, it's Joel. What's going on, Clem?",1.0,NameDatabase@1cd072a9
SceneOrderNumber,SceneNumber,RawName,CanonicalName,Confidence
1,RECEPTIONIST,DISTRAUGHT WOMAN'S VOICE,0.8
1,OLD WOMAN,DISTRAUGHT WOMAN'S VOICE,0.7
1,RECEPTIONIST,DISTRAUGHT WOMAN'S VOICE,0.8
1,OLD WOMAN,DISTRAUGHT WOMAN'S VOICE,0.7
1,RECEPTIONIST,DISTRAUGHT WOMAN'S VOICE,0.8
1,RECEPTIONIST,DISTRAUGHT WOMAN'S VOICE,0.8
1,OLD WOMAN,DISTRAUGHT WOMAN'S VOICE,0.7
1,RECEPTIONIST,DISTRAUGHT WOMAN'S VOICE,0.8
4,MARY,DISTRAUGHT WOMAN'S VOICE,1.0
4,CLEMENTINE,DISTRAUGHT WOMAN'S VOICE,0.8
4,MARY,DISTRAUGHT WOMAN'S VOICE,1.0
4,Mary,DISTRAUGHT WOMAN'S VOICE,1.0
4,Clementine,DISTRAUGHT WOMAN'S VOICE,1.0
4,Mierzwiak,DISTRAUGHT WOMAN'S VOICE,0.9199343476942892
5,MIERZWIAK,DISTRAUGHT WOMAN'S VOICE,0.95
5,MARY,DISTRAUGHT WOMAN'S VOICE,1.0
5,MIERZWIAK,DISTRAUGHT WOMAN'S VOICE,0.7
5,MIERZWIAK,DISTRAUGHT WOMAN'S VOICE,0.95
5,MARY,DISTRAUGHT WOMAN'S VOICE,1.0
5,MIERZWIAK,DISTRAUGHT WOMAN'S VOICE,0.7
5,MARY,DISTRAUGHT WOMAN'S VOICE,1.0
5,MIERZWIAK,DISTRAUGHT WOMAN'S VOICE,0.7
5,MARY,DISTRAUGHT WOMAN'S VOICE,1.0
5,STAN,DISTRAUGHT WOMAN'S VOICE,1.0
5,MARY,DISTRAUGHT WOMAN'S VOICE,1.0
5,STAN,DISTRAUGHT WOMAN'S VOICE,1.0
5,MARY,DISTRAUGHT WOMAN'S VOICE,1.0
5,STAN,DISTRAUGHT WOMAN'S VOICE,1.0
5,MARY,DISTRAUGHT WOMAN'S VOICE,1.0
5,STAN,DISTRAUGHT WOMAN'S VOICE,1.0
5,MARY,DISTRAUGHT WOMAN'S VOICE,1.0
5,STAN,DISTRAUGHT WOMAN'S VOICE,1.0
5,MARY,DISTRAUGHT WOMAN'S VOICE,1.0
5,STAN,DISTRAUGHT WOMAN'S VOICE,1.0
5,MARY,DISTRAUGHT WOMAN'S VOICE,1.0
5,MARY,DISTRAUGHT WOMAN'S VOICE,1.0
5,CLEMENTINE,DISTRAUGHT WOMAN'S VOICE,1.0
5,MARY,DISTRAUGHT WOMAN'S VOICE,1.0
5,CLEMENTINE,DISTRAUGHT WOMAN'S VOICE,0.8
5,MARY,DISTRAUGHT WOMAN'S VOICE,1.0
5,MIERZWIAK,DISTRAUGHT WOMAN'S VOICE,0.7
5,Mary,DISTRAUGHT WOMAN'S VOICE,1.0
5,Howard Mierzwiak,DISTRAUGHT WOMAN'S VOICE,1.0
5,Howard,DISTRAUGHT WOMAN'S VOICE,1.0
5,Mierzwiak,DISTRAUGHT WOMAN'S VOICE,0.8088404687937678
5,Cole,DISTRAUGHT WOMAN'S VOICE,1.0
5,Howard,DISTRAUGHT WOMAN'S VOICE,1.0
5,Stan,DISTRAUGHT WOMAN'S VOICE,1.0
5,Stan,DISTRAUGHT WOMAN'S VOICE,1.0
5,Stan,DISTRAUGHT WOMAN'S VOICE,1.0
5,Mary,DISTRAUGHT WOMAN'S VOICE,1.0
5,Kruczynski,DISTRAUGHT WOMAN'S VOICE,1.0
5,Mary,DISTRAUGHT WOMAN'S VOICE,1.0
5,Kruczynski,DISTRAUGHT WOMAN'S VOICE,1.0
5,Mary,DISTRAUGHT WOMAN'S VOICE,1.0
6,MIERZWIAK,DISTRAUGHT WOMAN'S VOICE,0.7
6,CLEMENTINE,DISTRAUGHT WOMAN'S VOICE,0.8
6,MIERZWIAK,DISTRAUGHT WOMAN'S VOICE,0.7
6,CLEMENTINE,DISTRAUGHT WOMAN'S VOICE,0.8
6,CLEMENTINE,DISTRAUGHT WOMAN'S VOICE,1.0
6,MIERZWIAK,DISTRAUGHT WOMAN'S VOICE,0.7
6,CLEMENTINE,DISTRAUGHT WOMAN'S VOICE,0.8
6,CLEMENTINE,DISTRAUGHT WOMAN'S VOICE,1.0
6,MIERZWIAK,DISTRAUGHT WOMAN'S VOICE,0.7
6,CLEMENTINE,DISTRAUGHT WOMAN'S VOICE,0.8
7,Joel,DISTRAUGHT WOMAN'S VOICE,1.0
7,Joel,DISTRAUGHT WOMAN'S VOICE,1.0
8,JOEL,DISTRAUGHT WOMAN'S VOICE,1.0
8,Joel,DISTRAUGHT WOMAN'S VOICE,1.0
8,Joel,DISTRAUGHT WOMAN'S VOICE,1.0
9,JOEL,DISTRAUGHT WOMAN'S VOICE,1.0
9,Joel,DISTRAUGHT WOMAN'S VOICE,1.0
9,Naomi,DISTRAUGHT WOMAN'S VOICE,0.9302012967469924
9,Joel,DISTRAUGHT WOMAN'S VOICE,1.0
9,Joel,DISTRAUGHT WOMAN'S VOICE,1.0
9,Joel,DISTRAUGHT WOMAN'S VOICE,1.0
10,WAITRESS,DISTRAUGHT WOMAN'S VOICE,0.8
10,CLEMENTINE,DISTRAUGHT WOMAN'S VOICE,0.8
10,WAITRESS,DISTRAUGHT WOMAN'S VOICE,0.8
10,CLEMENTINE,DISTRAUGHT WOMAN'S VOICE,0.8
10,CLEMENTINE,DISTRAUGHT WOMAN'S VOICE,1.0
10,WAITRESS,DISTRAUGHT WOMAN'S VOICE,0.8
10,CLEMENTINE,DISTRAUGHT WOMAN'S VOICE,0.8
10,Joel,DISTRAUGHT WOMAN'S VOICE,1.0
10,Clementine,DISTRAUGHT WOMAN'S VOICE,1.0
10,Joel,DISTRAUGHT WOMAN'S VOICE,1.0
10,Joel,DISTRAUGHT WOMAN'S VOICE,1.0
10,Joel,DISTRAUGHT WOMAN'S VOICE,1.0
10,Joel,DISTRAUGHT WOMAN'S VOICE,1.0
11,Joel,DISTRAUGHT WOMAN'S VOICE,1.0
11,Joel,DISTRAUGHT WOMAN'S VOICE,1.0
12,Clementine,DISTRAUGHT WOMAN'S VOICE,1.0
12,Joel,DISTRAUGHT WOMAN'S VOICE,1.0
12,Joel,DISTRAUGHT WOMAN'S VOICE,1.0
13,CLEMENTINE,DISTRAUGHT WOMAN'S VOICE,0.8
13,JOEL,DISTRAUGHT WOMAN'S VOICE,1.0
13,CLEMENTINE,DISTRAUGHT WOMAN'S VOICE,0.8
13,JOEL,DISTRAUGHT WOMAN'S VOICE,1.0
13,CLEMENTINE,DISTRAUGHT WOMAN'S VOICE,0.8
13,JOEL,DISTRAUGHT WOMAN'S VOICE,1.0
13,CLEMENTINE,DISTRAUGHT WOMAN'S VOICE,0.8
13,JOEL,DISTRAUGHT WOMAN'S VOICE,1.0
13,CLEMENTINE,DISTRAUGHT WOMAN'S VOICE,0.8
13,JOEL,DISTRAUGHT WOMAN'S VOICE,1.0
13,CLEMENTINE,DISTRAUGHT WOMAN'S VOICE,0.8
13,JOEL,DISTRAUGHT WOMAN'S VOICE,1.0
13,CLEMENTINE,DISTRAUGHT WOMAN'S VOICE,0.8
13,JOEL,DISTRAUGHT WOMAN'S VOICE,1.0
13,CLEMENTINE,DISTRAUGHT WOMAN'S VOICE,0.8
13,JOEL,DISTRAUGHT WOMAN'S VOICE,1.0
13,CLEMENTINE,DISTRAUGHT WOMAN'S VOICE,0.8
13,CLEMENTINE,DISTRAUGHT WOMAN'S VOICE,0.8
13,JOEL,DISTRAUGHT WOMAN'S VOICE,1.0
13,CLEMENTINE,DISTRAUGHT WOMAN'S VOICE,0.8
13,JOEL,DISTRAUGHT WOMAN'S VOICE,1.0
13,CLEMENTINE,DISTRAUGHT WOMAN'S VOICE,0.8
13,JOEL,DISTRAUGHT WOMAN'S VOICE,1.0
13,CLEMENTINE,DISTRAUGHT WOMAN'S VOICE,0.8
13,JOEL,DISTRAUGHT WOMAN'S VOICE,1.0
13,CLEMENTINE,DISTRAUGHT WOMAN'S VOICE,0.8
13,JOEL,DISTRAUGHT WOMAN'S VOICE,1.0
13,CLEMENTINE,DISTRAUGHT WOMAN'S VOICE,0.8
13,JOEL,DISTRAUGHT WOMAN'S VOICE,1.0
13,CLEMENTINE,DISTRAUGHT WOMAN'S VOICE,0.8
13,JOEL,DISTRAUGHT WOMAN'S VOICE,1.0
13,CLEMENTINE,DISTRAUGHT WOMAN'S VOICE,0.8
13,JOEL,DISTRAUGHT WOMAN'S VOICE,1.0
13,CLEMENTINE,DISTRAUGHT WOMAN'S VOICE,0.8
13,JOEL,DISTRAUGHT WOMAN'S VOICE,1.0
13,CLEMENTINE,DISTRAUGHT WOMAN'S VOICE,0.8
13,JOEL,DISTRAUGHT WOMAN'S VOICE,1.0
13,CLEMENTINE,DISTRAUGHT WOMAN'S VOICE,0.8
13,JOEL,DISTRAUGHT WOMAN'S VOICE,1.0
13,CLEMENTINE,DISTRAUGHT WOMAN'S VOICE,0.8
13,JOEL,DISTRAUGHT WOMAN'S VOICE,1.0
13,CLEMENTINE,DISTRAUGHT WOMAN'S VOICE,0.8
13,JOEL,DISTRAUGHT WOMAN'S VOICE,1.0
13,CLEMENTINE,DISTRAUGHT WOMAN'S VOICE,0.8
13,JOEL,DISTRAUGHT WOMAN'S VOICE,1.0
13,CLEMENTINE,DISTRAUGHT WOMAN'S VOICE,0.8
13,CLEMENTINE,DISTRAUGHT WOMAN'S VOICE,1.0
13,JOEL,DISTRAUGHT WOMAN'S VOICE,1.0
13,CLEMENTINE,DISTRAUGHT WOMAN'S VOICE,0.8
13,JOEL,DISTRAUGHT WOMAN'S VOICE,1.0
13,CLEMENTINE,DISTRAUGHT WOMAN'S VOICE,0.8
13,JOEL,DISTRAUGHT WOMAN'S VOICE,1.0
13,CLEMENTINE,DISTRAUGHT WOMAN'S VOICE,0.8
13,JOEL,DISTRAUGHT WOMAN'S VOICE,1.0
13,CLEMENTINE,DISTRAUGHT WOMAN'S VOICE,0.8
13,JOEL,DISTRAUGHT WOMAN'S VOICE,1.0
13,CLEMENTINE,DISTRAUGHT WOMAN'S VOICE,0.8
13,JOEL,DISTRAUGHT WOMAN'S VOICE,1.0
13,CLEMENTINE,DISTRAUGHT WOMAN'S VOICE,0.8
13,JOEL,DISTRAUGHT WOMAN'S VOICE,1.0
13,CLEMENTINE,DISTRAUGHT WOMAN'S VOICE,0.8
13,JOEL,DISTRAUGHT WOMAN'S VOICE,1.0
13,CLEMENTINE,DISTRAUGHT WOMAN'S VOICE,0.8
13,CLEMENTINE,DISTRAUGHT WOMAN'S VOICE,0.8
13,CLEMENTINE,DISTRAUGHT WOMAN'S VOICE,1.0
13,CLEMENTINE,DISTRAUGHT WOMAN'S VOICE,1.0
13,CLEMENTINE,DISTRAUGHT WOMAN'S VOICE,1.0
13,JOEL,DISTRAUGHT WOMAN'S VOICE,1.0
13,CLEMENTINE,DISTRAUGHT WOMAN'S VOICE,0.8
13,CLEMENTINE,DISTRAUGHT WOMAN'S VOICE,1.0
13,CLEMENTINE,DISTRAUGHT WOMAN'S VOICE,0.8
13,JOEL,DISTRAUGHT WOMAN'S VOICE,1.0
13,CLEMENTINE,DISTRAUGHT WOMAN'S VOICE,0.8
13,JOEL,DISTRAUGHT WOMAN'S VOICE,1.0
13,CLEMENTINE,DISTRAUGHT WOMAN'S VOICE,0.8
13,JOEL,DISTRAUGHT WOMAN'S VOICE,1.0
13,CLEMENTINE,DISTRAUGHT WOMAN'S VOICE,0.8
13,JOEL,DISTRAUGHT WOMAN'S VOICE,1.0
13,CLEMENTINE,DISTRAUGHT WOMAN'S VOICE,0.8
13,Clementine,DISTRAUGHT WOMAN'S VOICE,1.0
13,Joel,DISTRAUGHT WOMAN'S VOICE,1.0
13,Clementine,DISTRAUGHT WOMAN'S VOICE,0.9903139508210322
13,Joel,DISTRAUGHT WOMAN'S VOICE,1.0
13,Joel,DISTRAUGHT WOMAN'S VOICE,1.0
13,Aw,DISTRAUGHT WOMAN'S VOICE,0.983802458438068
13,Joel,DISTRAUGHT WOMAN'S VOICE,1.0
13,Ah,DISTRAUGHT WOMAN'S VOICE,1.0
13,Tom Waits,DISTRAUGHT WOMAN'S VOICE,1.0
13,Tom Waits,DISTRAUGHT WOMAN'S VOICE,1.0
13,Green Revolution,DISTRAUGHT WOMAN'S VOICE,1.0
13,Pink Eraser,DISTRAUGHT WOMAN'S VOICE,1.0
13,Tom Waits,DISTRAUGHT WOMAN'S VOICE,1.0
13,Joel,DISTRAUGHT WOMAN'S VOICE,1.0
13,Nice,DISTRAUGHT WOMAN'S VOICE,0.8482124933003847
13,Joel,DISTRAUGHT WOMAN'S VOICE,1.0
13,Joel,DISTRAUGHT WOMAN'S VOICE,1.0
13,Stephen Dixon,DISTRAUGHT WOMAN'S VOICE,1.0
13,Clementine,DISTRAUGHT WOMAN'S VOICE,0.9043187361229745
13,Joel,DISTRAUGHT WOMAN'S VOICE,1.0
13,Joel,DISTRAUGHT WOMAN'S VOICE,1.0
13,Joel,DISTRAUGHT WOMAN'S VOICE,1.0
13,Clementine,DISTRAUGHT WOMAN'S VOICE,0.9208962963901347
14,Clementine,DISTRAUGHT WOMAN'S VOICE,1.0
15,Joel,DISTRAUGHT WOMAN'S VOICE,1.0
15,Clementine,DISTRAUGHT WOMAN'S VOICE,1.0
17,JOEL,DISTRAUGHT WOMAN'S VOICE,1.0
17,CLEMENTINE,DISTRAUGHT WOMAN'S VOICE,0.8
17,JOEL,DISTRAUGHT WOMAN'S VOICE,1.0
17,CLEMENTINE,DISTRAUGHT WOMAN'S VOICE,0.8
17,JOEL,DISTRAUGHT WOMAN'S VOICE,1.0
17,CLEMENTINE,DISTRAUGHT WOMAN'S VOICE,0.8
17,JOEL,DISTRAUGHT WOMAN'S VOICE,1.0
17,CLEMENTINE,DISTRAUGHT WOMAN'S VOICE,0.8
17,JOEL,DISTRAUGHT WOMAN'S VOICE,1.0
17,CLEMENTINE,DISTRAUGHT WOMAN'S VOICE,0.8
17,JOEL,DISTRAUGHT WOMAN'S VOICE,1.0
17,CLEMENTINE,DISTRAUGHT WOMAN'S VOICE,0.8
17,JOEL,DISTRAUGHT WOMAN'S VOICE,1.0
17,CLEMENTINE,DISTRAUGHT WOMAN'S VOICE,0.8
17,CLEMENTINE,DISTRAUGHT WOMAN'S VOICE,1.0
17,JOEL,DISTRAUGHT WOMAN'S VOICE,1.0
17,CLEMENTINE,DISTRAUGHT WOMAN'S VOICE,0.8
17,JOEL,DISTRAUGHT WOMAN'S VOICE,1.0
17,CLEMENTINE,DISTRAUGHT WOMAN'S VOICE,0.8
17,JOEL,DISTRAUGHT WOMAN'S VOICE,1.0
17,CLEMENTINE,DISTRAUGHT WOMAN'S VOICE,0.8
17,JOEL,DISTRAUGHT WOMAN'S VOICE,1.0
17,CLEMENTINE,DISTRAUGHT WOMAN'S VOICE,0.8
17,JOEL,DISTRAUGHT WOMAN'S VOICE,1.0
17,CLEMENTINE,DISTRAUGHT WOMAN'S VOICE,0.8
17,CLEMENTINE,DISTRAUGHT WOMAN'S VOICE,1.0
17,JOEL,DISTRAUGHT WOMAN'S VOICE,1.0
17,CLEMENTINE,DISTRAUGHT WOMAN'S VOICE,0.8
17,JOEL,DISTRAUGHT WOMAN'S VOICE,1.0
17,CLEMENTINE,DISTRAUGHT WOMAN'S VOICE,0.8
17,JOEL,DISTRAUGHT WOMAN'S VOICE,1.0
17,CLEMENTINE,DISTRAUGHT WOMAN'S VOICE,0.8
17,Clementine,DISTRAUGHT WOMAN'S VOICE,1.0
18,CLEMENTINE,DISTRAUGHT WOMAN'S VOICE,0.8
18,CLEMENTINE,DISTRAUGHT WOMAN'S VOICE,1.0
18,CLEMENTINE,DISTRAUGHT WOMAN'S VOICE,1.0
18,JOEL,DISTRAUGHT WOMAN'S VOICE,1.0
18,CLEMENTINE,DISTRAUGHT WOMAN'S VOICE,0.8
18,JOEL,DISTRAUGHT WOMAN'S VOICE,1.0
18,CLEMENTINE,DISTRAUGHT WOMAN'S VOICE,0.8
18,JOEL,DISTRAUGHT WOMAN'S VOICE,1.0
18,CLEMENTINE,DISTRAUGHT WOMAN'S VOICE,0.8
18,JOEL,DISTRAUGHT WOMAN'S VOICE,1.0
18,CLEMENTINE,DISTRAUGHT WOMAN'S VOICE,0.8
18,JOEL,DISTRAUGHT WOMAN'S VOICE,1.0
18,CLEMENTINE,DISTRAUGHT WOMAN'S VOICE,0.8
18,JOEL,DISTRAUGHT WOMAN'S VOICE,1.0
18,CLEMENTINE,DISTRAUGHT WOMAN'S VOICE,0.8
18,JOEL,DISTRAUGHT WOMAN'S VOICE,1.0
18,CLEMENTINE,DISTRAUGHT WOMAN'S VOICE,0.8
18,CLEMENTINE,DISTRAUGHT WOMAN'S VOICE,1.0
18,JOEL,DISTRAUGHT WOMAN'S VOICE,1.0
18,CLEMENTINE,DISTRAUGHT WOMAN'S VOICE,0.8
18,JOEL,DISTRAUGHT WOMAN'S VOICE,1.0
18,CLEMENTINE,DISTRAUGHT WOMAN'S VOICE,1.0
18,JOEL,DISTRAUGHT WOMAN'S VOICE,1.0
18,CLEMENTINE,DISTRAUGHT WOMAN'S VOICE,1.0
18,CLEMENTINE,DISTRAUGHT WOMAN'S VOICE,1.0
18,CLEMENTINE,DISTRAUGHT WOMAN'S VOICE,1.0
18,JOEL,DISTRAUGHT WOMAN'S VOICE,1.0
18,CLEMENTINE,DISTRAUGHT WOMAN'S VOICE,0.8
18,JOEL,DISTRAUGHT WOMAN'S VOICE,1.0
18,CLEMENTINE,DISTRAUGHT WOMAN'S VOICE,0.8
18,JOEL,DISTRAUGHT WOMAN'S VOICE,1.0
18,CLEMENTINE,DISTRAUGHT WOMAN'S VOICE,0.8
18,CLEMENTINE,DISTRAUGHT WOMAN'S VOICE,1.0
18,CLEMENTINE,DISTRAUGHT WOMAN'S VOICE,1.0
18,JOEL,DISTRAUGHT WOMAN'S VOICE,1.0
18,CLEMENTINE,DISTRAUGHT WOMAN'S VOICE,0.8
18,JOEL,DISTRAUGHT WOMAN'S VOICE,1.0
18,CLEMENTINE,DISTRAUGHT WOMAN'S VOICE,0.8
18,JOEL,DISTRAUGHT WOMAN'S VOICE,1.0
18,CLEMENTINE,DISTRAUGHT WOMAN'S VOICE,0.8
18,JOEL,DISTRAUGHT WOMAN'S VOICE,1.0
18,CLEMENTINE,DISTRAUGHT WOMAN'S VOICE,0.8
18,CLEMENTINE,DISTRAUGHT WOMAN'S VOICE,1.0
18,JOEL,DISTRAUGHT WOMAN'S VOICE,1.0
18,CLEMENTINE,DISTRAUGHT WOMAN'S VOICE,0.8
18,JOEL,DISTRAUGHT WOMAN'S VOICE,1.0
18,CLEMENTINE,DISTRAUGHT WOMAN'S VOICE,0.8
18,JOEL,DISTRAUGHT WOMAN'S VOICE,1.0
18,CLEMENTINE,DISTRAUGHT WOMAN'S VOICE,0.8
18,JOEL,DISTRAUGHT WOMAN'S VOICE,1.0
18,CLEMENTINE,DISTRAUGHT WOMAN'S VOICE,0.8
18,JOEL,DISTRAUGHT WOMAN'S VOICE,1.0
18,CLEMENTINE,DISTRAUGHT WOMAN'S VOICE,0.8
18,JOEL,DISTRAUGHT WOMAN'S VOICE,1.0
18,CLEMENTINE,DISTRAUGHT WOMAN'S VOICE,0.8
18,JOEL,DISTRAUGHT WOMAN'S VOICE,1.0
18,CLEMENTINE,DISTRAUGHT WOMAN'S VOICE,0.8
18,JOEL,DISTRAUGHT WOMAN'S VOICE,1.0
18,CLEMENTINE,DISTRAUGHT WOMAN'S VOICE,0.8
18,JOEL,DISTRAUGHT WOMAN'S VOICE,1.0
18,CLEMENTINE,DISTRAUGHT WOMAN'S VOICE,0.8
18,CLEMENTINE,DISTRAUGHT WOMAN'S VOICE,1.0
18,CLEMENTINE,DISTRAUGHT WOMAN'S VOICE,1.0
18,JOEL,DISTRAUGHT WOMAN'S VOICE,1.0
18,CLEMENTINE,DISTRAUGHT WOMAN'S VOICE,0.8
18,JOEL,DISTRAUGHT WOMAN'S VOICE,1.0
18,CLEMENTINE,DISTRAUGHT WOMAN'S VOICE,0.8
18,JOEL,DISTRAUGHT WOMAN'S VOICE,1.0
18,CLEMENTINE,DISTRAUGHT WOMAN'S VOICE,0.8
18,JOEL,DISTRAUGHT WOMAN'S VOICE,1.0
18,CLEMENTINE,DISTRAUGHT WOMAN'S VOICE,0.8
18,CLEMENTINE,DISTRAUGHT WOMAN'S VOICE,1.0
18,JOEL,DISTRAUGHT WOMAN'S VOICE,1.0
18,CLEMENTINE,DISTRAUGHT WOMAN'S VOICE,0.8
18,JOEL,DISTRAUGHT WOMAN'S VOICE,1.0
18,CLEMENTINE,DISTRAUGHT WOMAN'S VOICE,0.8
18,CLEMENTINE,DISTRAUGHT WOMAN'S VOICE,1.0
18,JOEL,DISTRAUGHT WOMAN'S VOICE,1.0
18,JOEL,DISTRAUGHT WOMAN'S VOICE,1.0
18,JOEL,DISTRAUGHT WOMAN'S VOICE,1.0
18,CLEMENTINE,DISTRAUGHT WOMAN'S VOICE,0.8
18,JOEL,DISTRAUGHT WOMAN'S VOICE,1.0
18,CLEMENTINE,DISTRAUGHT WOMAN'S VOICE,0.8
18,JOEL,DISTRAUGHT WOMAN'S VOICE,1.0
18,CLEMENTINE,DISTRAUGHT WOMAN'S VOICE,0.8
18,JOEL,DISTRAUGHT WOMAN'S VOICE,1.0
18,Clementine,DISTRAUGHT WOMAN'S VOICE,1.0
18,Joel,DISTRAUGHT WOMAN'S VOICE,1.0
18,Frost,DISTRAUGHT WOMAN'S VOICE,1.0
18,Robert Frost,DISTRAUGHT WOMAN'S VOICE,1.0
18,Clementine,DISTRAUGHT WOMAN'S VOICE,1.0
18,Joel,DISTRAUGHT WOMAN'S VOICE,1.0
18,Clementine,DISTRAUGHT WOMAN'S VOICE,1.0
18,Joel,DISTRAUGHT WOMAN'S VOICE,1.0
18,Brian Eno,DISTRAUGHT WOMAN'S VOICE,1.0
18,Clementine,DISTRAUGHT WOMAN'S VOICE,1.0
18,Joel,DISTRAUGHT WOMAN'S VOICE,1.0
18,Mary,DISTRAUGHT WOMAN'S VOICE,1.0
18,Joseph,DISTRAUGHT WOMAN'S VOICE,1.0
18,Joel,DISTRAUGHT WOMAN'S VOICE,1.0
18,Clementine,DISTRAUGHT WOMAN'S VOICE,1.0
18,Paul Simon,DISTRAUGHT WOMAN'S VOICE,1.0
18,Joel,DISTRAUGHT WOMAN'S VOICE,1.0
18,Joel,DISTRAUGHT WOMAN'S VOICE,1.0
18,Patrick,DISTRAUGHT WOMAN'S VOICE,1.0
18,Stephen Dixon,DISTRAUGHT WOMAN'S VOICE,1.0
18,Clementine,DISTRAUGHT WOMAN'S VOICE,0.9783995376394212
21,JOEL,DISTRAUGHT WOMAN'S VOICE,1.0
21,JOEL,DISTRAUGHT WOMAN'S VOICE,1.0
21,JOEL,DISTRAUGHT WOMAN'S VOICE,1.0
21,JOEL,DISTRAUGHT WOMAN'S VOICE,1.0
21,JOEL,DISTRAUGHT WOMAN'S VOICE,1.0
21,JOEL,DISTRAUGHT WOMAN'S VOICE,1.0
21,RECORDED VOICE,DISTRAUGHT WOMAN'S VOICE,0.7
21,JOEL,DISTRAUGHT WOMAN'S VOICE,1.0
21,JOEL,DISTRAUGHT WOMAN'S VOICE,1.0
21,JOEL,DISTRAUGHT WOMAN'S VOICE,1.0
21,Joel,DISTRAUGHT WOMAN'S VOICE,1.0
21,Joel,DISTRAUGHT WOMAN'S VOICE,1.0
21,Joel,DISTRAUGHT WOMAN'S VOICE,1.0
21,Even Joel,DISTRAUGHT WOMAN'S VOICE,1.0
21,Joel,DISTRAUGHT WOMAN'S VOICE,1.0
21,Pink,DISTRAUGHT WOMAN'S VOICE,1.0
22,JOEL,DISTRAUGHT WOMAN'S VOICE,1.0
22,JOEL,DISTRAUGHT WOMAN'S VOICE,1.0
22,JOEL,DISTRAUGHT WOMAN'S VOICE,1.0
22,PATRICK,DISTRAUGHT WOMAN'S VOICE,1.0
22,CLEMENTINE,DISTRAUGHT WOMAN'S VOICE,0.8
22,PATRICK,DISTRAUGHT WOMAN'S VOICE,1.0
22,CLEMENTINE,DISTRAUGHT WOMAN'S VOICE,0.8
22,PATRICK,DISTRAUGHT WOMAN'S VOICE,1.0
22,CLEMENTINE,DISTRAUGHT WOMAN'S VOICE,0.8
22,PATRICK,DISTRAUGHT WOMAN'S VOICE,1.0
22,JOEL,DISTRAUGHT WOMAN'S VOICE,1.0
22,CLEMENTINE,DISTRAUGHT WOMAN'S VOICE,0.8
22,PATRICK,DISTRAUGHT WOMAN'S VOICE,1.0
22,CLEMENTINE,DISTRAUGHT WOMAN'S VOICE,0.8
22,PATRICK,DISTRAUGHT WOMAN'S VOICE,1.0
22,JOEL,DISTRAUGHT WOMAN'S VOICE,1.0
22,Joel,DISTRAUGHT WOMAN'S VOICE,1.0
22,Joel,DISTRAUGHT WOMAN'S VOICE,1.0
22,Joel,DISTRAUGHT WOMAN'S VOICE,1.0
22,Patrick,DISTRAUGHT WOMAN'S VOICE,1.0
22,Joel,DISTRAUGHT WOMAN'S VOICE,1.0
22,Patrick,DISTRAUGHT WOMAN'S VOICE,1.0
22,Joel,DISTRAUGHT WOMAN'S VOICE,1.0
22,Patrick,DISTRAUGHT WOMAN'S VOICE,1.0
22,Patrick,DISTRAUGHT WOMAN'S VOICE,1.0
23,JOEL,DISTRAUGHT WOMAN'S VOICE,1.0
23,JOEL,DISTRAUGHT WOMAN'S VOICE,1.0
25,MARY,DISTRAUGHT WOMAN'S VOICE,1.0
25,Mary,DISTRAUGHT WOMAN'S VOICE,1.0
25,Barish,DISTRAUGHT WOMAN'S VOICE,1.0
26,MARY,DISTRAUGHT WOMAN'S VOICE,1.0
26,Mary,DISTRAUGHT WOMAN'S VOICE,1.0
27,MIERZWIAK,DISTRAUGHT WOMAN'S VOICE,0.7
27,STAN,DISTRAUGHT WOMAN'S VOICE,1.0
27,JOEL,DISTRAUGHT WOMAN'S VOICE,1.0
27,MIERZWIAK,DISTRAUGHT WOMAN'S VOICE,0.7
27,JOEL,DISTRAUGHT WOMAN'S VOICE,1.0
27,MIERZWIAK,DISTRAUGHT WOMAN'S VOICE,0.7
27,JOEL,DISTRAUGHT WOMAN'S VOICE,1.0
27,MIERZWIAK,DISTRAUGHT WOMAN'S VOICE,0.7
27,STAN,DISTRAUGHT WOMAN'S VOICE,1.0
27,JOEL,DISTRAUGHT WOMAN'S VOICE,1.0
27,STAN,DISTRAUGHT WOMAN'S VOICE,1.0
27,MIERZWIAK,DISTRAUGHT WOMAN'S VOICE,0.7
27,STAN,DISTRAUGHT WOMAN'S VOICE,1.0
27,STAN'S VOICE,DISTRAUGHT WOMAN'S VOICE,0.7
27,Joel,DISTRAUGHT WOMAN'S VOICE,1.0
27,Stan,DISTRAUGHT WOMAN'S VOICE,1.0
27,Ah,DISTRAUGHT WOMAN'S VOICE,1.0
27,Barish,DISTRAUGHT WOMAN'S VOICE,1.0
27,Stan,DISTRAUGHT WOMAN'S VOICE,1.0
27,Stan,DISTRAUGHT WOMAN'S VOICE,1.0
27,Barish,DISTRAUGHT WOMAN'S VOICE,1.0
27,Joel,DISTRAUGHT WOMAN'S VOICE,1.0
27,Stan,DISTRAUGHT WOMAN'S VOICE,1.0
27,Stan,DISTRAUGHT WOMAN'S VOICE,1.0
27,Stan,DISTRAUGHT WOMAN'S VOICE,1.0
27,Joel,DISTRAUGHT WOMAN'S VOICE,1.0
27,Stan,DISTRAUGHT WOMAN'S VOICE,1.0
27,Stan,DISTRAUGHT WOMAN'S VOICE,1.0
27,Patrick,DISTRAUGHT WOMAN'S VOICE,1.0
27,Joel,DISTRAUGHT WOMAN'S VOICE,1.0
27,Stan,DISTRAUGHT WOMAN'S VOICE,1.0
27,Stan,DISTRAUGHT WOMAN'S VOICE,1.0
27,Stan,DISTRAUGHT WOMAN'S VOICE,1.0
27,STAN'S VOICE,DISTRAUGHT WOMAN'S VOICE,0.7
28,PATRICK,DISTRAUGHT WOMAN'S VOICE,1.0
28,STAN,DISTRAUGHT WOMAN'S VOICE,1.0
28,PATRICK,DISTRAUGHT WOMAN'S VOICE,1.0
28,STAN,DISTRAUGHT WOMAN'S VOICE,1.0
28,Stan,DISTRAUGHT WOMAN'S VOICE,1.0
28,Patrick,DISTRAUGHT WOMAN'S VOICE,1.0
28,Stan,DISTRAUGHT WOMAN'S VOICE,1.0
28,Patrick,DISTRAUGHT WOMAN'S VOICE,1.0
28,Patrick,DISTRAUGHT WOMAN'S VOICE,1.0
29,MIERZWIAK,DISTRAUGHT WOMAN'S VOICE,0.7
29,STAN,DISTRAUGHT WOMAN'S VOICE,1.0
29,STAN'S VOICE,DISTRAUGHT WOMAN'S VOICE,0.7
29,Stan,DISTRAUGHT WOMAN'S VOICE,1.0
29,Ah,DISTRAUGHT WOMAN'S VOICE,1.0
29,Stan,DISTRAUGHT WOMAN'S VOICE,1.0
30,Naomi,DISTRAUGHT WOMAN'S VOICE,1.0
31,Joel,DISTRAUGHT WOMAN'S VOICE,1.0
32,MARY,DISTRAUGHT WOMAN'S VOICE,1.0
32,JOEL,DISTRAUGHT WOMAN'S VOICE,1.0
32,MARY,DISTRAUGHT WOMAN'S VOICE,1.0
32,Joel,DISTRAUGHT WOMAN'S VOICE,1.0
32,Mary,DISTRAUGHT WOMAN'S VOICE,1.0
32,Joel Barish,DISTRAUGHT WOMAN'S VOICE,1.0
32,Mierzwiak,DISTRAUGHT WOMAN'S VOICE,1.0
33,MARY,DISTRAUGHT WOMAN'S VOICE,1.0
33,JOEL,DISTRAUGHT WOMAN'S VOICE,1.0
33,MARY,DISTRAUGHT WOMAN'S VOICE,1.0
33,Mary,DISTRAUGHT WOMAN'S VOICE,1.0
33,Joel,DISTRAUGHT WOMAN'S VOICE,1.0
33,Mary,DISTRAUGHT WOMAN'S VOICE,1.0
34,MIERZWIAK,DISTRAUGHT WOMAN'S VOICE,0.7
34,JOEL,DISTRAUGHT WOMAN'S VOICE,1.0
34,MIERZWIAK,DISTRAUGHT WOMAN'S VOICE,0.7
34,JOEL,DISTRAUGHT WOMAN'S VOICE,1.0
34,PATRICK'S VOICE,DISTRAUGHT WOMAN'S VOICE,0.7
34,Joel,DISTRAUGHT WOMAN'S VOICE,1.0
34,Joel,DISTRAUGHT WOMAN'S VOICE,1.0
34,Joel,DISTRAUGHT WOMAN'S VOICE,1.0
35,STAN,DISTRAUGHT WOMAN'S VOICE,1.0
35,PATRICK,DISTRAUGHT WOMAN'S VOICE,1.0
35,STAN,DISTRAUGHT WOMAN'S VOICE,1.0
35,PATRICK,DISTRAUGHT WOMAN'S VOICE,1.0
35,PATRICK,DISTRAUGHT WOMAN'S VOICE,1.0
35,Patrick,DISTRAUGHT WOMAN'S VOICE,1.0
35,Stan,DISTRAUGHT WOMAN'S VOICE,1.0
35,Patrick,DISTRAUGHT WOMAN'S VOICE,1.0
35,Patrick,DISTRAUGHT WOMAN'S VOICE,1.0
35,Stan,DISTRAUGHT WOMAN'S VOICE,1.0
35,Patrick,DISTRAUGHT WOMAN'S VOICE,1.0
36,MIERZWIAK,DISTRAUGHT WOMAN'S VOICE,0.7
37,JOEL,DISTRAUGHT WOMAN'S VOICE,1.0
37,JOEL,DISTRAUGHT WOMAN'S VOICE,1.0
37,JOEL,DISTRAUGHT WOMAN'S VOICE,1.0
37,CARMEN,DISTRAUGHT WOMAN'S VOICE,1.0
37,PHONE MACHINE VOICE,DISTRAUGHT WOMAN'S VOICE,0.7
37,Carmen,DISTRAUGHT WOMAN'S VOICE,1.0
37,Joel,DISTRAUGHT WOMAN'S VOICE,1.0
38,Joel,DISTRAUGHT WOMAN'S VOICE,1.0
39,JOEL,DISTRAUGHT WOMAN'S VOICE,1.0
39,Joel,DISTRAUGHT WOMAN'S VOICE,1.0
39,Carmen,DISTRAUGHT WOMAN'S VOICE,1.0
39,Carmen,DISTRAUGHT WOMAN'S VOICE,1.0
40,RECORDED VOICE,DISTRAUGHT WOMAN'S VOICE,0.7
40,Joel,DISTRAUGHT WOMAN'S VOICE,1.0
40,Joel,DISTRAUGHT WOMAN'S VOICE,1.0
40,VOICE,DISTRAUGHT WOMAN'S VOICE,0.7
41,JOEL,DISTRAUGHT WOMAN'S VOICE,1.0
41,VAGUE RECORDED VOICE,DISTRAUGHT WOMAN'S VOICE,1.0
41,CARRIE,DISTRAUGHT WOMAN'S VOICE,1.0
41,JOEL,DISTRAUGHT WOMAN'S VOICE,1.0
41,ROB,DISTRAUGHT WOMAN'S VOICE,1.0
41,JOEL,DISTRAUGHT WOMAN'S VOICE,1.0
41,CARRIE,DISTRAUGHT WOMAN'S VOICE,1.0
41,JOEL,DISTRAUGHT WOMAN'S VOICE,1.0
41,ROB,DISTRAUGHT WOMAN'S VOICE,1.0
41,CARRIE,DISTRAUGHT WOMAN'S VOICE,1.0
41,CARRIE,DISTRAUGHT WOMAN'S VOICE,1.0
41,JOEL,DISTRAUGHT WOMAN'S VOICE,1.0
41,CARRIE,DISTRAUGHT WOMAN'S VOICE,1.0
41,Joel,DISTRAUGHT WOMAN'S VOICE,1.0
41,Joel,DISTRAUGHT WOMAN'S VOICE,1.0
41,Joel,DISTRAUGHT WOMAN'S VOICE,1.0
41,Joel,DISTRAUGHT WOMAN'S VOICE,1.0
41,Joel,DISTRAUGHT WOMAN'S VOICE,1.0
41,Rob,DISTRAUGHT WOMAN'S VOICE,1.0
41,Joel,DISTRAUGHT WOMAN'S VOICE,1.0
41,Joel Barish,DISTRAUGHT WOMAN'S VOICE,1.0
41,Joel,DISTRAUGHT WOMAN'S VOICE,1.0
42,CARRIE'S VOICE,DISTRAUGHT WOMAN'S VOICE,0.7
42,Joel,DISTRAUGHT WOMAN'S VOICE,1.0
42,Joel,DISTRAUGHT WOMAN'S VOICE,1.0
43,CARRIE'S VOICE,DISTRAUGHT WOMAN'S VOICE,0.7
43,JOEL'S VOICE,DISTRAUGHT WOMAN'S VOICE,0.7
43,CARRIE'S VOICE,DISTRAUGHT WOMAN'S VOICE,0.7
43,JOEL'S VOICE,DISTRAUGHT WOMAN'S VOICE,0.7
46,MARY,DISTRAUGHT WOMAN'S VOICE,1.0
46,STAN'S VOICE,DISTRAUGHT WOMAN'S VOICE,0.7
46,Mary,DISTRAUGHT WOMAN'S VOICE,1.0
47,PATRICK,DISTRAUGHT WOMAN'S VOICE,1.0
47,STAN,DISTRAUGHT WOMAN'S VOICE,1.0
47,PATRICK,DISTRAUGHT WOMAN'S VOICE,1.0
47,STAN,DISTRAUGHT WOMAN'S VOICE,1.0
47,PATRICK,DISTRAUGHT WOMAN'S VOICE,1.0
47,STAN,DISTRAUGHT WOMAN'S VOICE,1.0
47,PATRICK,DISTRAUGHT WOMAN'S VOICE,1.0
47,STAN,DISTRAUGHT WOMAN'S VOICE,1.0
47,PATRICK,DISTRAUGHT WOMAN'S VOICE,1.0
47,STAN,DISTRAUGHT WOMAN'S VOICE,1.0
47,Stan,DISTRAUGHT WOMAN'S VOICE,1.0
47,Patrick,DISTRAUGHT WOMAN'S VOICE,1.0
47,Mary,DISTRAUGHT WOMAN'S VOICE,1.0
47,Patrick,DISTRAUGHT WOMAN'S VOICE,1.0
47,Stan,DISTRAUGHT WOMAN'S VOICE,1.0
48,CLEMENTINE,DISTRAUGHT WOMAN'S VOICE,0.8
48,JOEL,DISTRAUGHT WOMAN'S VOICE,1.0
48,CLEMENTINE,DISTRAUGHT WOMAN'S VOICE,1.0
48,JOEL,DISTRAUGHT WOMAN'S VOICE,1.0
48,JOEL,DISTRAUGHT WOMAN'S VOICE,1.0
48,CLEMENTINE,DISTRAUGHT WOMAN'S VOICE,0.8
48,JOEL,DISTRAUGHT WOMAN'S VOICE,1.0
48,JOEL,DISTRAUGHT WOMAN'S VOICE,1.0
48,CLEMENTINE,DISTRAUGHT WOMAN'S VOICE,0.8
48,JOEL,DISTRAUGHT WOMAN'S VOICE,1.0
48,CLEMENTINE,DISTRAUGHT WOMAN'S VOICE,0.8
48,JOEL,DISTRAUGHT WOMAN'S VOICE,1.0
48,JOEL,DISTRAUGHT WOMAN'S VOICE,1.0
48,Joel,DISTRAUGHT WOMAN'S VOICE,1.0
48,Joel,DISTRAUGHT WOMAN'S VOICE,1.0
50,JOEL,DISTRAUGHT WOMAN'S VOICE,1.0
50,CLEMENTINE,DISTRAUGHT WOMAN'S VOICE,0.8
50,JOEL,DISTRAUGHT WOMAN'S VOICE,1.0
50,JOEL,DISTRAUGHT WOMAN'S VOICE,1.0
51,PATRICK'S VOICE,DISTRAUGHT WOMAN'S VOICE,0.7
51,STAN'S VOICE,DISTRAUGHT WOMAN'S VOICE,0.7
51,Joel,DISTRAUGHT WOMAN'S VOICE,1.0
52,PATRICK,DISTRAUGHT WOMAN'S VOICE,1.0
52,STAN,DISTRAUGHT WOMAN'S VOICE,1.0
52,PATRICK,DISTRAUGHT WOMAN'S VOICE,1.0
52,STAN,DISTRAUGHT WOMAN'S VOICE,1.0
52,Stan,DISTRAUGHT WOMAN'S VOICE,1.0
52,Patrick,DISTRAUGHT WOMAN'S VOICE,1.0
52,Patrick,DISTRAUGHT WOMAN'S VOICE,1.0
52,Patrick,DISTRAUGHT WOMAN'S VOICE,1.0
53,PATRICK'S VOICE,DISTRAUGHT WOMAN'S VOICE,0.7
53,STAN'S VOICE,DISTRAUGHT WOMAN'S VOICE,0.7
53,PATRICK'S VOICE,DISTRAUGHT WOMAN'S VOICE,0.7
53,STAN'S VOICE,DISTRAUGHT WOMAN'S VOICE,0.7
53,Patrick,DISTRAUGHT WOMAN'S VOICE,1.0
53,Stan,DISTRAUGHT WOMAN'S VOICE,1.0
54,PATRICK'S VOICE,DISTRAUGHT WOMAN'S VOICE,0.7
54,STAN'S VOICE,DISTRAUGHT WOMAN'S VOICE,0.7
54,JOEL,DISTRAUGHT WOMAN'S VOICE,1.0
54,Patrick,DISTRAUGHT WOMAN'S VOICE,1.0
54,PATRICK'S VOICE,DISTRAUGHT WOMAN'S VOICE,0.7
55,CLEMENTINE,DISTRAUGHT WOMAN'S VOICE,0.8
55,JOEL,DISTRAUGHT WOMAN'S VOICE,1.0
55,CLEMENTINE,DISTRAUGHT WOMAN'S VOICE,0.8
56,JOEL,DISTRAUGHT WOMAN'S VOICE,1.0
56,CLEMENTINE,DISTRAUGHT WOMAN'S VOICE,0.8
56,JOEL,DISTRAUGHT WOMAN'S VOICE,1.0
56,CLEMENTINE,DISTRAUGHT WOMAN'S VOICE,0.8
56,JOEL,DISTRAUGHT WOMAN'S VOICE,1.0
56,CLEMENTINE,DISTRAUGHT WOMAN'S VOICE,0.8
56,JOEL,DISTRAUGHT WOMAN'S VOICE,1.0
56,CLEMENTINE,DISTRAUGHT WOMAN'S VOICE,0.8
56,JOEL,DISTRAUGHT WOMAN'S VOICE,1.0
56,CLEMENTINE,DISTRAUGHT WOMAN'S VOICE,0.8
56,CLEMENTINE,DISTRAUGHT WOMAN'S VOICE,1.0
56,JOEL,DISTRAUGHT WOMAN'S VOICE,1.0
56,CLEMENTINE,DISTRAUGHT WOMAN'S VOICE,0.8
56,JOEL,DISTRAUGHT WOMAN'S VOICE,1.0
56,CLEMENTINE,DISTRAUGHT WOMAN'S VOICE,0.8
56,JOEL,DISTRAUGHT WOMAN'S VOICE,1.0
56,CLEMENTINE,DISTRAUGHT WOMAN'S VOICE,0.8
56,JOEL,DISTRAUGHT WOMAN'S VOICE,1.0
56,Joel,DISTRAUGHT WOMAN'S VOICE,1.0
57,JOEL,DISTRAUGHT WOMAN'S VOICE,1.0
57,CLEMENTINE,DISTRAUGHT WOMAN'S VOICE,0.8
57,CLEMENTINE,DISTRAUGHT WOMAN'S VOICE,1.0
57,CLEMENTINE,DISTRAUGHT WOMAN'S VOICE,1.0
57,MARK,DISTRAUGHT WOMAN'S VOICE,1.0
57,CLEMENTINE,DISTRAUGHT WOMAN'S VOICE,0.8
57,JOEL,DISTRAUGHT WOMAN'S VOICE,1.0
57,CLEMENTINE,DISTRAUGHT WOMAN'S VOICE,0.8
57,Joel,DISTRAUGHT WOMAN'S VOICE,1.0
57,Joel,DISTRAUGHT WOMAN'S VOICE,1.0
57,Joel,DISTRAUGHT WOMAN'S VOICE,1.0
57,Joel,DISTRAUGHT WOMAN'S VOICE,1.0
57,Joel,DISTRAUGHT WOMAN'S VOICE,1.0
57,Mark,DISTRAUGHT WOMAN'S VOICE,1.0
57,Mark,DISTRAUGHT WOMAN'S VOICE,1.0
58,MARY,DISTRAUGHT WOMAN'S VOICE,1.0
58,PATRICK,DISTRAUGHT WOMAN'S VOICE,1.0
58,STAN,DISTRAUGHT WOMAN'S VOICE,1.0
58,MARY,DISTRAUGHT WOMAN'S VOICE,1.0
58,STAN,DISTRAUGHT WOMAN'S VOICE,1.0
58,MARY,DISTRAUGHT WOMAN'S VOICE,1.0
58,STAN,DISTRAUGHT WOMAN'S VOICE,1.0
58,MARY,DISTRAUGHT WOMAN'S VOICE,1.0
58,PATRICK,DISTRAUGHT WOMAN'S VOICE,1.0
58,STAN,DISTRAUGHT WOMAN'S VOICE,1.0
58,PATRICK,DISTRAUGHT WOMAN'S VOICE,1.0
58,MARY,DISTRAUGHT WOMAN'S VOICE,1.0
58,MARY,DISTRAUGHT WOMAN'S VOICE,1.0
58,PATRICK,DISTRAUGHT WOMAN'S VOICE,1.0
58,MARY,DISTRAUGHT WOMAN'S VOICE,1.0
58,MARY,DISTRAUGHT WOMAN'S VOICE,1.0
58,STAN,DISTRAUGHT WOMAN'S VOICE,1.0
58,MARY,DISTRAUGHT WOMAN'S VOICE,1.0
58,STAN,DISTRAUGHT WOMAN'S VOICE,1.0
58,PATRICK,DISTRAUGHT WOMAN'S VOICE,1.0
58,STAN,DISTRAUGHT WOMAN'S VOICE,1.0
58,MARY,DISTRAUGHT WOMAN'S VOICE,1.0
58,PATRICK,DISTRAUGHT WOMAN'S VOICE,1.0
58,MARY,DISTRAUGHT WOMAN'S VOICE,1.0
58,PATRICK,DISTRAUGHT WOMAN'S VOICE,1.0
58,MARY,DISTRAUGHT WOMAN'S VOICE,1.0
58,STAN,DISTRAUGHT WOMAN'S VOICE,1.0
58,MARY,DISTRAUGHT WOMAN'S VOICE,1.0
58,STAN,DISTRAUGHT WOMAN'S VOICE,1.0
58,PATRICK,DISTRAUGHT WOMAN'S VOICE,1.0
58,MARY,DISTRAUGHT WOMAN'S VOICE,1.0
58,PATRICK,DISTRAUGHT WOMAN'S VOICE,1.0
58,Patrick,DISTRAUGHT WOMAN'S VOICE,1.0
58,Mary,DISTRAUGHT WOMAN'S VOICE,1.0
58,Patrick,DISTRAUGHT WOMAN'S VOICE,1.0
58,Mary,DISTRAUGHT WOMAN'S VOICE,1.0
58,Stan,DISTRAUGHT WOMAN'S VOICE,1.0
58,Mary,DISTRAUGHT WOMAN'S VOICE,1.0
58,Stan,DISTRAUGHT WOMAN'S VOICE,1.0
58,Mary,DISTRAUGHT WOMAN'S VOICE,1.0
58,Stan,DISTRAUGHT WOMAN'S VOICE,1.0
58,Stan,DISTRAUGHT WOMAN'S VOICE,1.0
58,Mary,DISTRAUGHT WOMAN'S VOICE,1.0
58,Patrick,DISTRAUGHT WOMAN'S VOICE,1.0
58,Mary,DISTRAUGHT WOMAN'S VOICE,1.0
58,Mary,DISTRAUGHT WOMAN'S VOICE,1.0
58,Stan,DISTRAUGHT WOMAN'S VOICE,1.0
58,Winston Churchill,DISTRAUGHT WOMAN'S VOICE,1.0
58,Howard,DISTRAUGHT WOMAN'S VOICE,1.0
58,Stan,DISTRAUGHT WOMAN'S VOICE,1.0
58,Mary,DISTRAUGHT WOMAN'S VOICE,1.0
59,CLEMENTINE,DISTRAUGHT WOMAN'S VOICE,0.8
59,JOEL,DISTRAUGHT WOMAN'S VOICE,1.0
59,CLEMENTINE,DISTRAUGHT WOMAN'S VOICE,0.8
59,JOEL,DISTRAUGHT WOMAN'S VOICE,1.0
59,CLEMENTINE,DISTRAUGHT WOMAN'S VOICE,0.8
59,Joel,DISTRAUGHT WOMAN'S VOICE,1.0
59,Joel,DISTRAUGHT WOMAN'S VOICE,1.0
60,JOEL,DISTRAUGHT WOMAN'S VOICE,1.0
60,CLEMENTINE,DISTRAUGHT WOMAN'S VOICE,0.8
60,CLEMENTINE,DISTRAUGHT WOMAN'S VOICE,1.0
60,JOEL,DISTRAUGHT WOMAN'S VOICE,1.0
60,CLEMENTINE,DISTRAUGHT WOMAN'S VOICE,0.8
60,JOEL,DISTRAUGHT WOMAN'S VOICE,1.0
60,PATRICK'S VOICE,DISTRAUGHT WOMAN'S VOICE,0.7
61,PATRICK,DISTRAUGHT WOMAN'S VOICE,1.0
61,STAN,DISTRAUGHT WOMAN'S VOICE,1.0
61,PATRICK,DISTRAUGHT WOMAN'S VOICE,1.0
61,MARY,DISTRAUGHT WOMAN'S VOICE,1.0
61,STAN,DISTRAUGHT WOMAN'S VOICE,1.0
61,PATRICK,DISTRAUGHT WOMAN'S VOICE,1.0
61,Patrick,DISTRAUGHT WOMAN'S VOICE,1.0
61,Stan,DISTRAUGHT WOMAN'S VOICE,1.0
61,Stan,DISTRAUGHT WOMAN'S VOICE,1.0
61,Patrick,DISTRAUGHT WOMAN'S VOICE,1.0
61,Mary,DISTRAUGHT WOMAN'S VOICE,1.0
61,Stan,DISTRAUGHT WOMAN'S VOICE,1.0
61,Patrick,DISTRAUGHT WOMAN'S VOICE,1.0
61,Mary,DISTRAUGHT WOMAN'S VOICE,1.0
62,CLEMENTINE,DISTRAUGHT WOMAN'S VOICE,0.8
62,JOEL,DISTRAUGHT WOMAN'S VOICE,1.0
62,CLEMENTINE,DISTRAUGHT WOMAN'S VOICE,0.8
62,JOEL,DISTRAUGHT WOMAN'S VOICE,1.0
62,CLEMENTINE,DISTRAUGHT WOMAN'S VOICE,0.8
62,JOEL,DISTRAUGHT WOMAN'S VOICE,1.0
62,JOEL,DISTRAUGHT WOMAN'S VOICE,1.0
62,Joel,DISTRAUGHT WOMAN'S VOICE,1.0
62,Joel,DISTRAUGHT WOMAN'S VOICE,1.0
62,Joel,DISTRAUGHT WOMAN'S VOICE,1.0
63,MARY,DISTRAUGHT WOMAN'S VOICE,1.0
63,STAN,DISTRAUGHT WOMAN'S VOICE,1.0
63,MARY,DISTRAUGHT WOMAN'S VOICE,1.0
63,STAN,DISTRAUGHT WOMAN'S VOICE,1.0
63,MARY,DISTRAUGHT WOMAN'S VOICE,1.0
63,Joel,DISTRAUGHT WOMAN'S VOICE,1.0
63,Mary,DISTRAUGHT WOMAN'S VOICE,1.0
63,Stan,DISTRAUGHT WOMAN'S VOICE,1.0
63,Howard,DISTRAUGHT WOMAN'S VOICE,1.0
63,Mary,DISTRAUGHT WOMAN'S VOICE,1.0
63,Howard,DISTRAUGHT WOMAN'S VOICE,1.0
63,Stan,DISTRAUGHT WOMAN'S VOICE,1.0
63,Stan,DISTRAUGHT WOMAN'S VOICE,1.0
63,Mary,DISTRAUGHT WOMAN'S VOICE,1.0
64,Patrick,DISTRAUGHT WOMAN'S VOICE,1.0
65,PATRICK,DISTRAUGHT WOMAN'S VOICE,1.0
65,CLEMENTINE,DISTRAUGHT WOMAN'S VOICE,0.8
65,PATRICK,DISTRAUGHT WOMAN'S VOICE,1.0
65,CLEMENTINE,DISTRAUGHT WOMAN'S VOICE,0.8
65,CLEMENTINE,DISTRAUGHT WOMAN'S VOICE,1.0
65,PATRICK,DISTRAUGHT WOMAN'S VOICE,1.0
65,CLEMENTINE,DISTRAUGHT WOMAN'S VOICE,0.8
65,PATRICK,DISTRAUGHT WOMAN'S VOICE,1.0
65,CLEMENTINE,DISTRAUGHT WOMAN'S VOICE,0.8
65,JOEL'S VOICE,DISTRAUGHT WOMAN'S VOICE,0.7
65,PATRICK,DISTRAUGHT WOMAN'S VOICE,1.0
65,STAN'S VOICE,DISTRAUGHT WOMAN'S VOICE,0.7
65,PATRICK,DISTRAUGHT WOMAN'S VOICE,1.0
65,Patrick,DISTRAUGHT WOMAN'S VOICE,1.0
65,Patrick,DISTRAUGHT WOMAN'S VOICE,1.0
65,Patrick,DISTRAUGHT WOMAN'S VOICE,1.0
65,Joel,DISTRAUGHT WOMAN'S VOICE,1.0
65,Stan,DISTRAUGHT WOMAN'S VOICE,1.0
65,Patrick,DISTRAUGHT WOMAN'S VOICE,1.0
66,STAN,DISTRAUGHT WOMAN'S VOICE,1.0
66,Stan,DISTRAUGHT WOMAN'S VOICE,1.0
66,Mary,DISTRAUGHT WOMAN'S VOICE,1.0
67,PATRICK,DISTRAUGHT WOMAN'S VOICE,1.0
67,CLEMENTINE'S VOICE,DISTRAUGHT WOMAN'S VOICE,0.7
67,Stan,DISTRAUGHT WOMAN'S VOICE,1.0
67,Patrick,DISTRAUGHT WOMAN'S VOICE,1.0
67,Joel,DISTRAUGHT WOMAN'S VOICE,1.0
68,JOEL,DISTRAUGHT WOMAN'S VOICE,1.0
68,JOEL,DISTRAUGHT WOMAN'S VOICE,1.0
68,MIERZWIAK,DISTRAUGHT WOMAN'S VOICE,0.7
68,JOEL,DISTRAUGHT WOMAN'S VOICE,1.0
68,MIERZWIAK,DISTRAUGHT WOMAN'S VOICE,0.7
68,JOEL,DISTRAUGHT WOMAN'S VOICE,1.0
68,MIERZWIAK,DISTRAUGHT WOMAN'S VOICE,0.7
68,Joel,DISTRAUGHT WOMAN'S VOICE,1.0
68,Joel,DISTRAUGHT WOMAN'S VOICE,1.0
68,Joel,DISTRAUGHT WOMAN'S VOICE,1.0
68,Joel,DISTRAUGHT WOMAN'S VOICE,1.0
69,CLEMENTINE'S VOICE,DISTRAUGHT WOMAN'S VOICE,0.7
69,CLEMENTINE,DISTRAUGHT WOMAN'S VOICE,0.8
69,PATRICK,DISTRAUGHT WOMAN'S VOICE,1.0
69,PATRICK,DISTRAUGHT WOMAN'S VOICE,1.0
69,CLEMENTINE,DISTRAUGHT WOMAN'S VOICE,0.8
69,Patrick,DISTRAUGHT WOMAN'S VOICE,1.0
69,Clementine,DISTRAUGHT WOMAN'S VOICE,1.0
69,Patrick,DISTRAUGHT WOMAN'S VOICE,1.0
69,Patrick,DISTRAUGHT WOMAN'S VOICE,1.0
70,Stan,DISTRAUGHT WOMAN'S VOICE,1.0
70,Mary,DISTRAUGHT WOMAN'S VOICE,1.0
71,CLEMENTINE,DISTRAUGHT WOMAN'S VOICE,0.8
71,JOEL,DISTRAUGHT WOMAN'S VOICE,1.0
71,CLEMENTINE,DISTRAUGHT WOMAN'S VOICE,0.8
71,JOEL,DISTRAUGHT WOMAN'S VOICE,1.0
71,CLEMENTINE,DISTRAUGHT WOMAN'S VOICE,0.8
71,JOEL,DISTRAUGHT WOMAN'S VOICE,1.0
71,JOEL,DISTRAUGHT WOMAN'S VOICE,1.0
72,JOEL,DISTRAUGHT WOMAN'S VOICE,1.0
72,CLEMENTINE,DISTRAUGHT WOMAN'S VOICE,0.8
72,JOEL,DISTRAUGHT WOMAN'S VOICE,1.0
72,CLEMENTINE,DISTRAUGHT WOMAN'S VOICE,0.8
72,JOEL,DISTRAUGHT WOMAN'S VOICE,1.0
72,Joel,DISTRAUGHT WOMAN'S VOICE,1.0
72,Joel,DISTRAUGHT WOMAN'S VOICE,1.0
73,CLEMENTINE,DISTRAUGHT WOMAN'S VOICE,0.8
73,JOEL,DISTRAUGHT WOMAN'S VOICE,1.0
73,JOEL,DISTRAUGHT WOMAN'S VOICE,1.0
73,CLEMENTINE,DISTRAUGHT WOMAN'S VOICE,0.8
73,JOEL,DISTRAUGHT WOMAN'S VOICE,1.0
73,CLEMENTINE,DISTRAUGHT WOMAN'S VOICE,0.8
73,Joel,DISTRAUGHT WOMAN'S VOICE,1.0
73,Joel,DISTRAUGHT WOMAN'S VOICE,1.0
73,Joel,DISTRAUGHT WOMAN'S VOICE,1.0
73,Joel,DISTRAUGHT WOMAN'S VOICE,1.0
73,Joel,DISTRAUGHT WOMAN'S VOICE,1.0
74,STAN,DISTRAUGHT WOMAN'S VOICE,1.0
74,MARY,DISTRAUGHT WOMAN'S VOICE,1.0
74,STAN,DISTRAUGHT WOMAN'S VOICE,1.0
74,STAN,DISTRAUGHT WOMAN'S VOICE,1.0
74,MARY,DISTRAUGHT WOMAN'S VOICE,1.0
74,STAN,DISTRAUGHT WOMAN'S VOICE,1.0
74,STAN,DISTRAUGHT WOMAN'S VOICE,1.0
74,MARY,DISTRAUGHT WOMAN'S VOICE,1.0
74,STAN,DISTRAUGHT WOMAN'S VOICE,1.0
74,MARY,DISTRAUGHT WOMAN'S VOICE,1.0
74,STAN,DISTRAUGHT WOMAN'S VOICE,1.0
74,MARY,DISTRAUGHT WOMAN'S VOICE,1.0
74,STAN,DISTRAUGHT WOMAN'S VOICE,1.0
74,MARY,DISTRAUGHT WOMAN'S VOICE,1.0
74,STAN,DISTRAUGHT WOMAN'S VOICE,1.0
74,STAN,DISTRAUGHT WOMAN'S VOICE,1.0
74,Stan,DISTRAUGHT WOMAN'S VOICE,1.0
74,Mary,DISTRAUGHT WOMAN'S VOICE,1.0
74,Stan,DISTRAUGHT WOMAN'S VOICE,1.0
74,Listen,DISTRAUGHT WOMAN'S VOICE,0.7085549225147713
74,Stan,DISTRAUGHT WOMAN'S VOICE,1.0
74,Mary,DISTRAUGHT WOMAN'S VOICE,1.0
74,Howard,DISTRAUGHT WOMAN'S VOICE,1.0
74,Stan,DISTRAUGHT WOMAN'S VOICE,1.0
74,Stan,DISTRAUGHT WOMAN'S VOICE,1.0
74,Stan,DISTRAUGHT WOMAN'S VOICE,1.0
74,Mary,DISTRAUGHT WOMAN'S VOICE,1.0
74,Howard,DISTRAUGHT WOMAN'S VOICE,1.0
75,MIERZWIAK,DISTRAUGHT WOMAN'S VOICE,0.7
75,STAN'S VOICE,DISTRAUGHT WOMAN'S VOICE,0.7
75,MIERZWIAK,DISTRAUGHT WOMAN'S VOICE,0.7
75,STAN'S VOICE,DISTRAUGHT WOMAN'S VOICE,0.7
75,MIERZWIAK,DISTRAUGHT WOMAN'S VOICE,0.7
75,STAN'S VOICE,DISTRAUGHT WOMAN'S VOICE,0.7
75,MIERZWIAK,DISTRAUGHT WOMAN'S VOICE,0.7
75,STAN'S VOICE,DISTRAUGHT WOMAN'S VOICE,0.7
75,Stan,DISTRAUGHT WOMAN'S VOICE,1.0
75,Patrick,DISTRAUGHT WOMAN'S VOICE,1.0
76,MARY,DISTRAUGHT WOMAN'S VOICE,1.0
76,STAN,DISTRAUGHT WOMAN'S VOICE,1.0
76,MARY,DISTRAUGHT WOMAN'S VOICE,1.0
76,MARY,DISTRAUGHT WOMAN'S VOICE,1.0
76,Stan,DISTRAUGHT WOMAN'S VOICE,1.0
76,Mary,DISTRAUGHT WOMAN'S VOICE,1.0
76,Mary,DISTRAUGHT WOMAN'S VOICE,1.0
76,Stan,DISTRAUGHT WOMAN'S VOICE,1.0
77,JOEL,DISTRAUGHT WOMAN'S VOICE,1.0
77,CLEMENTINE,DISTRAUGHT WOMAN'S VOICE,0.8
77,JOEL,DISTRAUGHT WOMAN'S VOICE,1.0
77,CLEMENTINE,DISTRAUGHT WOMAN'S VOICE,0.8
77,JOEL,DISTRAUGHT WOMAN'S VOICE,1.0
77,CLEMENTINE,DISTRAUGHT WOMAN'S VOICE,0.8
77,JOEL,DISTRAUGHT WOMAN'S VOICE,1.0
77,CLEMENTINE,DISTRAUGHT WOMAN'S VOICE,0.8
77,JOEL,DISTRAUGHT WOMAN'S VOICE,1.0
77,CLEMENTINE,DISTRAUGHT WOMAN'S VOICE,0.8
77,JOEL,DISTRAUGHT WOMAN'S VOICE,1.0
77,CLEMENTINE,DISTRAUGHT WOMAN'S VOICE,0.8
77,Joel,DISTRAUGHT WOMAN'S VOICE,1.0
77,Joel,DISTRAUGHT WOMAN'S VOICE,1.0
77,Joel,DISTRAUGHT WOMAN'S VOICE,1.0
77,Joel,DISTRAUGHT WOMAN'S VOICE,1.0
77,Gross,DISTRAUGHT WOMAN'S VOICE,1.0
78,CLEMENTINE,DISTRAUGHT WOMAN'S VOICE,0.8
78,PATRICK,DISTRAUGHT WOMAN'S VOICE,1.0
78,Patrick,DISTRAUGHT WOMAN'S VOICE,1.0
79,MARY,DISTRAUGHT WOMAN'S VOICE,1.0
79,MARY,DISTRAUGHT WOMAN'S VOICE,1.0
79,MARY,DISTRAUGHT WOMAN'S VOICE,1.0
79,MIERZWIAK,DISTRAUGHT WOMAN'S VOICE,0.7
79,STAN,DISTRAUGHT WOMAN'S VOICE,1.0
79,MARY,DISTRAUGHT WOMAN'S VOICE,1.0
79,MIERZWIAK,DISTRAUGHT WOMAN'S VOICE,0.7
79,MIERZWIAK,DISTRAUGHT WOMAN'S VOICE,0.95
79,STAN,DISTRAUGHT WOMAN'S VOICE,1.0
79,MIERZWIAK,DISTRAUGHT WOMAN'S VOICE,0.7
79,STAN,DISTRAUGHT WOMAN'S VOICE,1.0
79,MIERZWIAK,DISTRAUGHT WOMAN'S VOICE,0.7
79,MIERZWIAK,DISTRAUGHT WOMAN'S VOICE,0.95
79,Stan,DISTRAUGHT WOMAN'S VOICE,1.0
79,Mary,DISTRAUGHT WOMAN'S VOICE,1.0
79,Mary,DISTRAUGHT WOMAN'S VOICE,1.0
79,Mary,DISTRAUGHT WOMAN'S VOICE,1.0
79,Howard,DISTRAUGHT WOMAN'S VOICE,1.0
79,Howard,DISTRAUGHT WOMAN'S VOICE,1.0
79,Mary,DISTRAUGHT WOMAN'S VOICE,1.0
79,Stan,DISTRAUGHT WOMAN'S VOICE,1.0
79,Mary,DISTRAUGHT WOMAN'S VOICE,1.0
79,Mary,DISTRAUGHT WOMAN'S VOICE,1.0
80,JOEL,DISTRAUGHT WOMAN'S VOICE,1.0
80,CLEMENTINE,DISTRAUGHT WOMAN'S VOICE,0.8
80,Hound,DISTRAUGHT WOMAN'S VOICE,0.6850429688437235
80,Joel,DISTRAUGHT WOMAN'S VOICE,1.0
81,Joel,DISTRAUGHT WOMAN'S VOICE,1.0
82,MIERZWIAK,DISTRAUGHT WOMAN'S VOICE,0.7
82,MARY,DISTRAUGHT WOMAN'S VOICE,1.0
82,MIERZWIAK,DISTRAUGHT WOMAN'S VOICE,0.7
82,STAN,DISTRAUGHT WOMAN'S VOICE,1.0
82,MIERZWIAK,DISTRAUGHT WOMAN'S VOICE,0.7
82,Howard,DISTRAUGHT WOMAN'S VOICE,1.0
82,Mary,DISTRAUGHT WOMAN'S VOICE,1.0
82,Howard,DISTRAUGHT WOMAN'S VOICE,1.0
83,CLEMENTINE,DISTRAUGHT WOMAN'S VOICE,0.8
83,JOEL,DISTRAUGHT WOMAN'S VOICE,1.0
83,CLEMENTINE,DISTRAUGHT WOMAN'S VOICE,0.8
83,JOEL,DISTRAUGHT WOMAN'S VOICE,1.0
83,CLEMENTINE,DISTRAUGHT WOMAN'S VOICE,0.8
83,Joel,DISTRAUGHT WOMAN'S VOICE,1.0
83,Joel,DISTRAUGHT WOMAN'S VOICE,1.0
83,Joel,DISTRAUGHT WOMAN'S VOICE,1.0
84,STAN,DISTRAUGHT WOMAN'S VOICE,1.0
84,MIERZWIAK,DISTRAUGHT WOMAN'S VOICE,0.7
84,MARY,DISTRAUGHT WOMAN'S VOICE,1.0
84,Stan,DISTRAUGHT WOMAN'S VOICE,1.0
84,Mary,DISTRAUGHT WOMAN'S VOICE,1.0
84,Howard,DISTRAUGHT WOMAN'S VOICE,1.0
84,Howard,DISTRAUGHT WOMAN'S VOICE,1.0
85,CLEMENTINE,DISTRAUGHT WOMAN'S VOICE,0.8
85,JOEL,DISTRAUGHT WOMAN'S VOICE,1.0
85,CLEMENTINE,DISTRAUGHT WOMAN'S VOICE,1.0
85,JOE EARLY,DISTRAUGHT WOMAN'S VOICE,1.0
85,JOEL,DISTRAUGHT WOMAN'S VOICE,1.0
85,JOEL,DISTRAUGHT WOMAN'S VOICE,1.0
85,JOE EARLY,DISTRAUGHT WOMAN'S VOICE,1.0
85,JOEL,DISTRAUGHT WOMAN'S VOICE,1.0
85,JOE EARLY,DISTRAUGHT WOMAN'S VOICE,1.0
85,JOEL,DISTRAUGHT WOMAN'S VOICE,1.0
85,Joel,DISTRAUGHT WOMAN'S VOICE,1.0
85,Joe Early,DISTRAUGHT WOMAN'S VOICE,1.0
85,Joel,DISTRAUGHT WOMAN'S VOICE,1.0
85,Joe Early,DISTRAUGHT WOMAN'S VOICE,1.0
85,Joe Early,DISTRAUGHT WOMAN'S VOICE,1.0
85,Joel,DISTRAUGHT WOMAN'S VOICE,1.0
85,Joel,DISTRAUGHT WOMAN'S VOICE,1.0
86,MIERZWIAK,DISTRAUGHT WOMAN'S VOICE,0.7
86,Stan,DISTRAUGHT WOMAN'S VOICE,1.0
87,CLEMENTINE,DISTRAUGHT WOMAN'S VOICE,0.8
87,JOEL,DISTRAUGHT WOMAN'S VOICE,1.0
87,Joel,DISTRAUGHT WOMAN'S VOICE,1.0
87,Joel,DISTRAUGHT WOMAN'S VOICE,1.0
88,CLEMENTINE,DISTRAUGHT WOMAN'S VOICE,0.8
88,JOEL,DISTRAUGHT WOMAN'S VOICE,1.0
88,Joel,DISTRAUGHT WOMAN'S VOICE,1.0
88,Joel,DISTRAUGHT WOMAN'S VOICE,1.0
88,Joel,DISTRAUGHT WOMAN'S VOICE,1.0
88,Joel,DISTRAUGHT WOMAN'S VOICE,1.0
88,Joel,DISTRAUGHT WOMAN'S VOICE,1.0
88,Clementine,DISTRAUGHT WOMAN'S VOICE,1.0
89,CLEMENTINE,DISTRAUGHT WOMAN'S VOICE,0.8
89,CLEMENTINE,DISTRAUGHT WOMAN'S VOICE,1.0
89,JOEL,DISTRAUGHT WOMAN'S VOICE,1.0
89,CLEMENTINE,DISTRAUGHT WOMAN'S VOICE,0.8
89,Joel,DISTRAUGHT WOMAN'S VOICE,1.0
89,Joel,DISTRAUGHT WOMAN'S VOICE,1.0
89,Patrick,DISTRAUGHT WOMAN'S VOICE,1.0
89,Joel,DISTRAUGHT WOMAN'S VOICE,1.0
90,BOYS,DISTRAUGHT WOMAN'S VOICE,1.0
90,JOEL,DISTRAUGHT WOMAN'S VOICE,1.0
90,CLEMENTINE,DISTRAUGHT WOMAN'S VOICE,0.8
90,JOEL,DISTRAUGHT WOMAN'S VOICE,1.0
90,Joel,DISTRAUGHT WOMAN'S VOICE,1.0
90,Joel,DISTRAUGHT WOMAN'S VOICE,1.0
90,Joel,DISTRAUGHT WOMAN'S VOICE,1.0
90,Joel,DISTRAUGHT WOMAN'S VOICE,1.0
90,Joel,DISTRAUGHT WOMAN'S VOICE,1.0
90,Joel,DISTRAUGHT WOMAN'S VOICE,1.0
90,Joel,DISTRAUGHT WOMAN'S VOICE,1.0
91,MIERZWIAK,DISTRAUGHT WOMAN'S VOICE,0.7
91,MARY,DISTRAUGHT WOMAN'S VOICE,1.0
91,STAN,DISTRAUGHT WOMAN'S VOICE,1.0
91,MIERZWIAK,DISTRAUGHT WOMAN'S VOICE,0.7
91,MARY,DISTRAUGHT WOMAN'S VOICE,1.0
91,MIERZWIAK,DISTRAUGHT WOMAN'S VOICE,0.7
91,MARY,DISTRAUGHT WOMAN'S VOICE,1.0
91,MIERZWIAK,DISTRAUGHT WOMAN'S VOICE,0.7
91,MARY,DISTRAUGHT WOMAN'S VOICE,1.0
91,MIERZWIAK,DISTRAUGHT WOMAN'S VOICE,0.7
91,MARY,DISTRAUGHT WOMAN'S VOICE,1.0
91,MIERZWIAK,DISTRAUGHT WOMAN'S VOICE,0.7
91,MARY,DISTRAUGHT WOMAN'S VOICE,1.0
91,MIERZWIAK,DISTRAUGHT WOMAN'S VOICE,0.7
91,MARY,DISTRAUGHT WOMAN'S VOICE,1.0
91,MIERZWIAK,DISTRAUGHT WOMAN'S VOICE,0.7
91,MARY,DISTRAUGHT WOMAN'S VOICE,1.0
91,MARY,DISTRAUGHT WOMAN'S VOICE,1.0
91,MIERZWIAK,DISTRAUGHT WOMAN'S VOICE,0.7
91,MARY,DISTRAUGHT WOMAN'S VOICE,1.0
91,MIERZWIAK,DISTRAUGHT WOMAN'S VOICE,0.7
91,MARY,DISTRAUGHT WOMAN'S VOICE,1.0
91,MIERZWIAK,DISTRAUGHT WOMAN'S VOICE,0.7
91,MARY,DISTRAUGHT WOMAN'S VOICE,1.0
91,MIERZWIAK,DISTRAUGHT WOMAN'S VOICE,0.7
91,MARY,DISTRAUGHT WOMAN'S VOICE,1.0
91,MIERZWIAK,DISTRAUGHT WOMAN'S VOICE,0.7
91,MARY,DISTRAUGHT WOMAN'S VOICE,1.0
91,MIERZWIAK,DISTRAUGHT WOMAN'S VOICE,0.7
91,Mary,DISTRAUGHT WOMAN'S VOICE,1.0
91,Stan,DISTRAUGHT WOMAN'S VOICE,1.0
91,Stan,DISTRAUGHT WOMAN'S VOICE,1.0
91,Mary,DISTRAUGHT WOMAN'S VOICE,1.0
91,Stan,DISTRAUGHT WOMAN'S VOICE,1.0
91,Mary,DISTRAUGHT WOMAN'S VOICE,1.0
91,Howard,DISTRAUGHT WOMAN'S VOICE,1.0
91,Mary,DISTRAUGHT WOMAN'S VOICE,1.0
91,Howard,DISTRAUGHT WOMAN'S VOICE,1.0
91,Mary,DISTRAUGHT WOMAN'S VOICE,1.0
91,Alexander,DISTRAUGHT WOMAN'S VOICE,1.0
91,Alexander Pope,DISTRAUGHT WOMAN'S VOICE,1.0
91,Alexander,DISTRAUGHT WOMAN'S VOICE,1.0
91,Mary,DISTRAUGHT WOMAN'S VOICE,1.0
91,Mary,DISTRAUGHT WOMAN'S VOICE,1.0
91,Howard,DISTRAUGHT WOMAN'S VOICE,1.0
91,Mary,DISTRAUGHT WOMAN'S VOICE,1.0
91,Mary,DISTRAUGHT WOMAN'S VOICE,1.0
91,Howard,DISTRAUGHT WOMAN'S VOICE,1.0
91,Howard,DISTRAUGHT WOMAN'S VOICE,1.0
92,Stan,DISTRAUGHT WOMAN'S VOICE,1.0
92,Joel,DISTRAUGHT WOMAN'S VOICE,1.0
92,Mary,DISTRAUGHT WOMAN'S VOICE,1.0
92,Howard,DISTRAUGHT WOMAN'S VOICE,1.0
92,Stan,DISTRAUGHT WOMAN'S VOICE,1.0
92,Mary,DISTRAUGHT WOMAN'S VOICE,1.0
92,Mary,DISTRAUGHT WOMAN'S VOICE,1.0
94,MARY,DISTRAUGHT WOMAN'S VOICE,1.0
94,MARY,DISTRAUGHT WOMAN'S VOICE,1.0
94,Mary,DISTRAUGHT WOMAN'S VOICE,1.0
94,Howard,DISTRAUGHT WOMAN'S VOICE,1.0
95,MIERZWIAK,DISTRAUGHT WOMAN'S VOICE,0.7
95,MIERZWIAK,DISTRAUGHT WOMAN'S VOICE,0.7
95,MARY,DISTRAUGHT WOMAN'S VOICE,1.0
95,HOLLIS,DISTRAUGHT WOMAN'S VOICE,1.0
95,MARY,DISTRAUGHT WOMAN'S VOICE,1.0
95,HOLLIS,DISTRAUGHT WOMAN'S VOICE,1.0
95,MARY,DISTRAUGHT WOMAN'S VOICE,1.0
95,MIERZWIAK,DISTRAUGHT WOMAN'S VOICE,0.7
95,STAN,DISTRAUGHT WOMAN'S VOICE,1.0
95,Stan,DISTRAUGHT WOMAN'S VOICE,1.0
95,Howard,DISTRAUGHT WOMAN'S VOICE,1.0
95,Mary,DISTRAUGHT WOMAN'S VOICE,1.0
95,Hollis,DISTRAUGHT WOMAN'S VOICE,1.0
95,Mierzwiak,DISTRAUGHT WOMAN'S VOICE,0.9607710444389004
95,Mierzwiak,DISTRAUGHT WOMAN'S VOICE,1.0
95,Hollis,DISTRAUGHT WOMAN'S VOICE,1.0
95,Mary,DISTRAUGHT WOMAN'S VOICE,1.0
95,Howard,DISTRAUGHT WOMAN'S VOICE,1.0
95,Stan,DISTRAUGHT WOMAN'S VOICE,1.0
95,Mary,DISTRAUGHT WOMAN'S VOICE,1.0
95,Hollis,DISTRAUGHT WOMAN'S VOICE,1.0
95,Mary,DISTRAUGHT WOMAN'S VOICE,1.0
95,Hollis,DISTRAUGHT WOMAN'S VOICE,1.0
95,Mary,DISTRAUGHT WOMAN'S VOICE,1.0
95,Howard,DISTRAUGHT WOMAN'S VOICE,1.0
95,Howard,DISTRAUGHT WOMAN'S VOICE,1.0
95,Mary,DISTRAUGHT WOMAN'S VOICE,1.0
95,Stan,DISTRAUGHT WOMAN'S VOICE,1.0
95,Mary,DISTRAUGHT WOMAN'S VOICE,1.0
96,PATRICK,DISTRAUGHT WOMAN'S VOICE,1.0
96,CLEMENTINE,DISTRAUGHT WOMAN'S VOICE,0.8
96,Patrick,DISTRAUGHT WOMAN'S VOICE,1.0
97,Mary,DISTRAUGHT WOMAN'S VOICE,1.0
98,Stan,DISTRAUGHT WOMAN'S VOICE,1.0
99,CLEMENTINE,DISTRAUGHT WOMAN'S VOICE,0.8
99,JOEL,DISTRAUGHT WOMAN'S VOICE,1.0
99,CLEMENTINE,DISTRAUGHT WOMAN'S VOICE,1.0
99,Stephen Dixon,DISTRAUGHT WOMAN'S VOICE,1.0
99,Joel,DISTRAUGHT WOMAN'S VOICE,1.0
99,Joel,DISTRAUGHT WOMAN'S VOICE,1.0
100,JOEL,DISTRAUGHT WOMAN'S VOICE,1.0
100,CLEMENTINE,DISTRAUGHT WOMAN'S VOICE,0.8
100,JOEL,DISTRAUGHT WOMAN'S VOICE,1.0
100,CLEMENTINE,DISTRAUGHT WOMAN'S VOICE,0.8
100,JOEL,DISTRAUGHT WOMAN'S VOICE,1.0
100,CLEMENTINE,DISTRAUGHT WOMAN'S VOICE,0.8
100,JOEL,DISTRAUGHT WOMAN'S VOICE,1.0
100,CLEMENTINE,DISTRAUGHT WOMAN'S VOICE,0.8
100,JOEL,DISTRAUGHT WOMAN'S VOICE,1.0
100,CLEMENTINE,DISTRAUGHT WOMAN'S VOICE,0.8
100,JOEL,DISTRAUGHT WOMAN'S VOICE,1.0
100,CLEMENTINE,DISTRAUGHT WOMAN'S VOICE,0.8
100,Chinese,DISTRAUGHT WOMAN'S VOICE,0.6789971321367496
100,Naomi,DISTRAUGHT WOMAN'S VOICE,1.0
102,JOEL,DISTRAUGHT WOMAN'S VOICE,1.0
102,CLEMENTINE,DISTRAUGHT WOMAN'S VOICE,0.8
102,JOEL,DISTRAUGHT WOMAN'S VOICE,1.0
102,CLEMENTINE,DISTRAUGHT WOMAN'S VOICE,0.8
102,JOEL,DISTRAUGHT WOMAN'S VOICE,1.0
102,CLEMENTINE,DISTRAUGHT WOMAN'S VOICE,0.8
102,JOEL,DISTRAUGHT WOMAN'S VOICE,1.0
102,JOEL,DISTRAUGHT WOMAN'S VOICE,1.0
102,CLEMENTINE,DISTRAUGHT WOMAN'S VOICE,0.8
102,JOEL,DISTRAUGHT WOMAN'S VOICE,1.0
102,Naomi,DISTRAUGHT WOMAN'S VOICE,1.0
103,JOEL,DISTRAUGHT WOMAN'S VOICE,1.0
103,CLEMENTINE,DISTRAUGHT WOMAN'S VOICE,0.8
103,JOEL,DISTRAUGHT WOMAN'S VOICE,1.0
103,CLEMENTINE,DISTRAUGHT WOMAN'S VOICE,0.8
104,JOEL,DISTRAUGHT WOMAN'S VOICE,1.0
104,Joel,DISTRAUGHT WOMAN'S VOICE,1.0
105,MIERZWIAK VOICE,DISTRAUGHT WOMAN'S VOICE,1.0
105,MARY'S VOICE,DISTRAUGHT WOMAN'S VOICE,0.7
105,MIERZWIAK VOICE,DISTRAUGHT WOMAN'S VOICE,1.0
105,MARY'S VOICE,DISTRAUGHT WOMAN'S VOICE,0.7
105,Mary,DISTRAUGHT WOMAN'S VOICE,1.0
105,Mary,DISTRAUGHT WOMAN'S VOICE,1.0
105,Mary,DISTRAUGHT WOMAN'S VOICE,1.0
105,Mary,DISTRAUGHT WOMAN'S VOICE,1.0
105,Mary,DISTRAUGHT WOMAN'S VOICE,1.0
105,MARY'S VOICE,DISTRAUGHT WOMAN'S VOICE,0.7
105,MARY'S VOICE,DISTRAUGHT WOMAN'S VOICE,0.7
105,MARY'S VOICE,DISTRAUGHT WOMAN'S VOICE,0.7
105,MARY'S VOICE,DISTRAUGHT WOMAN'S VOICE,0.7
106,JOEL,DISTRAUGHT WOMAN'S VOICE,1.0
106,Naomi,DISTRAUGHT WOMAN'S VOICE,1.0
108,Naomi,DISTRAUGHT WOMAN'S VOICE,1.0
109,NAOMI,DISTRAUGHT WOMAN'S VOICE,0.8
109,JOEL,DISTRAUGHT WOMAN'S VOICE,1.0
109,JOEL,DISTRAUGHT WOMAN'S VOICE,1.0
109,NAOMI,DISTRAUGHT WOMAN'S VOICE,0.8
109,Joel,DISTRAUGHT WOMAN'S VOICE,1.0
109,Naomi,DISTRAUGHT WOMAN'S VOICE,1.0
110,Naomi,DISTRAUGHT WOMAN'S VOICE,1.0
111,JOEL,DISTRAUGHT WOMAN'S VOICE,1.0
111,CLEMENTINE,DISTRAUGHT WOMAN'S VOICE,0.8
111,JOEL,DISTRAUGHT WOMAN'S VOICE,1.0
112,NAOMI,DISTRAUGHT WOMAN'S VOICE,0.8
112,JOEL,DISTRAUGHT WOMAN'S VOICE,1.0
112,NAOMI,DISTRAUGHT WOMAN'S VOICE,0.8
112,JOEL,DISTRAUGHT WOMAN'S VOICE,1.0
112,NAOMI,DISTRAUGHT WOMAN'S VOICE,0.8
112,JOEL,DISTRAUGHT WOMAN'S VOICE,1.0
112,NAOMI,DISTRAUGHT WOMAN'S VOICE,0.8
112,JOEL,DISTRAUGHT WOMAN'S VOICE,1.0
112,NAOMI,DISTRAUGHT WOMAN'S VOICE,0.8
112,JOEL,DISTRAUGHT WOMAN'S VOICE,1.0
112,Naomi,DISTRAUGHT WOMAN'S VOICE,1.0
112,Joel,DISTRAUGHT WOMAN'S VOICE,1.0
112,Naomi,DISTRAUGHT WOMAN'S VOICE,1.0
112,Joel,DISTRAUGHT WOMAN'S VOICE,1.0
113,JOEL,DISTRAUGHT WOMAN'S VOICE,1.0
113,JOEL,DISTRAUGHT WOMAN'S VOICE,1.0
113,CLEMENTINE,DISTRAUGHT WOMAN'S VOICE,0.8
113,JOEL,DISTRAUGHT WOMAN'S VOICE,1.0
113,CLEMENTINE,DISTRAUGHT WOMAN'S VOICE,0.8
113,JOEL,DISTRAUGHT WOMAN'S VOICE,1.0
113,CLEMENTINE,DISTRAUGHT WOMAN'S VOICE,0.8
113,JOEL,DISTRAUGHT WOMAN'S VOICE,1.0
113,CLEMENTINE,DISTRAUGHT WOMAN'S VOICE,0.8
113,JOEL,DISTRAUGHT WOMAN'S VOICE,1.0
113,CLEMENTINE,DISTRAUGHT WOMAN'S VOICE,0.8
113,JOEL,DISTRAUGHT WOMAN'S VOICE,1.0
113,CLEMENTINE,DISTRAUGHT WOMAN'S VOICE,0.8
113,JOEL,DISTRAUGHT WOMAN'S VOICE,1.0
113,CLEMENTINE,DISTRAUGHT WOMAN'S VOICE,0.8
113,JOEL,DISTRAUGHT WOMAN'S VOICE,1.0
113,CLEMENTINE,DISTRAUGHT WOMAN'S VOICE,0.8
113,JOEL,DISTRAUGHT WOMAN'S VOICE,1.0
113,CLEMENTINE,DISTRAUGHT WOMAN'S VOICE,0.8
113,JOEL,DISTRAUGHT WOMAN'S VOICE,1.0
113,CLEMENTINE,DISTRAUGHT WOMAN'S VOICE,0.8
113,Joel,DISTRAUGHT WOMAN'S VOICE,1.0
113,Mark,DISTRAUGHT WOMAN'S VOICE,1.0
113,Joel,DISTRAUGHT WOMAN'S VOICE,1.0
113,Joel,DISTRAUGHT WOMAN'S VOICE,1.0
113,Joel,DISTRAUGHT WOMAN'S VOICE,1.0
113,Joel,DISTRAUGHT WOMAN'S VOICE,1.0
113,MALE EMPLOYEE,DISTRAUGHT WOMAN'S VOICE,0.7
113,MALE EMPLOYEE,DISTRAUGHT WOMAN'S VOICE,0.7
114,JOEL,DISTRAUGHT WOMAN'S VOICE,1.0
114,CARRIE,DISTRAUGHT WOMAN'S VOICE,1.0
114,JOEL,DISTRAUGHT WOMAN'S VOICE,1.0
114,CARRIE,DISTRAUGHT WOMAN'S VOICE,1.0
114,Joel,DISTRAUGHT WOMAN'S VOICE,1.0
114,Joel,DISTRAUGHT WOMAN'S VOICE,1.0
114,Naomi,DISTRAUGHT WOMAN'S VOICE,1.0
115,Joel,DISTRAUGHT WOMAN'S VOICE,1.0
116,NAOMI,DISTRAUGHT WOMAN'S VOICE,0.8
116,JOEL,DISTRAUGHT WOMAN'S VOICE,1.0
116,NAOMI,DISTRAUGHT WOMAN'S VOICE,0.8
116,JOEL,DISTRAUGHT WOMAN'S VOICE,1.0
116,NAOMI,DISTRAUGHT WOMAN'S VOICE,0.8
116,JOEL,DISTRAUGHT WOMAN'S VOICE,1.0
116,NAOMI,DISTRAUGHT WOMAN'S VOICE,0.8
116,JOEL,DISTRAUGHT WOMAN'S VOICE,1.0
116,Joel,DISTRAUGHT WOMAN'S VOICE,1.0
116,Naomi,DISTRAUGHT WOMAN'S VOICE,1.0
116,Naomi,DISTRAUGHT WOMAN'S VOICE,1.0
116,Joel,DISTRAUGHT WOMAN'S VOICE,1.0
116,Naomi,DISTRAUGHT WOMAN'S VOICE,1.0
116,Joel,DISTRAUGHT WOMAN'S VOICE,1.0
117,JOEL,DISTRAUGHT WOMAN'S VOICE,1.0
117,NAOMI,DISTRAUGHT WOMAN'S VOICE,0.8
117,JOEL,DISTRAUGHT WOMAN'S VOICE,1.0
117,NAOMI,DISTRAUGHT WOMAN'S VOICE,1.0
117,NAOMI,DISTRAUGHT WOMAN'S VOICE,1.0
117,JOEL,DISTRAUGHT WOMAN'S VOICE,1.0
117,NAOMI,DISTRAUGHT WOMAN'S VOICE,0.8
117,Joel,DISTRAUGHT WOMAN'S VOICE,1.0
117,Naomi,DISTRAUGHT WOMAN'S VOICE,1.0
117,Joel,DISTRAUGHT WOMAN'S VOICE,1.0
117,Naomi,DISTRAUGHT WOMAN'S VOICE,1.0
118,CARRIE,DISTRAUGHT WOMAN'S VOICE,1.0
118,JOEL,DISTRAUGHT WOMAN'S VOICE,1.0
118,JOEL,DISTRAUGHT WOMAN'S VOICE,1.0
118,CARRIE,DISTRAUGHT WOMAN'S VOICE,1.0
118,JOEL,DISTRAUGHT WOMAN'S VOICE,1.0
118,CARRIE,DISTRAUGHT WOMAN'S VOICE,1.0
118,JOEL,DISTRAUGHT WOMAN'S VOICE,1.0
118,CARRIE,DISTRAUGHT WOMAN'S VOICE,1.0
118,Joel,DISTRAUGHT WOMAN'S VOICE,1.0
118,Naomi,DISTRAUGHT WOMAN'S VOICE,1.0
118,Joel,DISTRAUGHT WOMAN'S VOICE,1.0
118,Joel,DISTRAUGHT WOMAN'S VOICE,1.0
118,Joel,DISTRAUGHT WOMAN'S VOICE,1.0
119,CARRIE,DISTRAUGHT WOMAN'S VOICE,1.0
119,JOEL,DISTRAUGHT WOMAN'S VOICE,1.0
119,Joel,DISTRAUGHT WOMAN'S VOICE,1.0
120,Joel,DISTRAUGHT WOMAN'S VOICE,1.0
121,CARRIE,DISTRAUGHT WOMAN'S VOICE,1.0
121,Joel,DISTRAUGHT WOMAN'S VOICE,1.0
122,Joel,DISTRAUGHT WOMAN'S VOICE,1.0
122,Rob,DISTRAUGHT WOMAN'S VOICE,1.0
123,JOEL,DISTRAUGHT WOMAN'S VOICE,1.0
123,JOEL,DISTRAUGHT WOMAN'S VOICE,1.0
123,JOEL,DISTRAUGHT WOMAN'S VOICE,1.0
123,CLEMENTINE,DISTRAUGHT WOMAN'S VOICE,0.8
123,JOEL,DISTRAUGHT WOMAN'S VOICE,1.0
123,JOEL,DISTRAUGHT WOMAN'S VOICE,1.0
123,CLEMENTINE,DISTRAUGHT WOMAN'S VOICE,0.8
123,JOEL,DISTRAUGHT WOMAN'S VOICE,1.0
123,CLEMENTINE,DISTRAUGHT WOMAN'S VOICE,0.8
123,JOEL,DISTRAUGHT WOMAN'S VOICE,1.0
123,CLEMENTINE,DISTRAUGHT WOMAN'S VOICE,0.8
123,CLEMENTINE,DISTRAUGHT WOMAN'S VOICE,1.0
123,JOEL,DISTRAUGHT WOMAN'S VOICE,1.0
123,CLEMENTINE,DISTRAUGHT WOMAN'S VOICE,0.8
123,JOEL,DISTRAUGHT WOMAN'S VOICE,1.0
123,CLEMENTINE,DISTRAUGHT WOMAN'S VOICE,0.8
123,JOEL,DISTRAUGHT WOMAN'S VOICE,1.0
123,JOEL,DISTRAUGHT WOMAN'S VOICE,1.0
123,CLEMENTINE,DISTRAUGHT WOMAN'S VOICE,0.8
123,JOEL,DISTRAUGHT WOMAN'S VOICE,1.0
123,CLEMENTINE,DISTRAUGHT WOMAN'S VOICE,1.0
123,JOEL,DISTRAUGHT WOMAN'S VOICE,1.0
123,CLEMENTINE,DISTRAUGHT WOMAN'S VOICE,0.8
123,JOEL,DISTRAUGHT WOMAN'S VOICE,1.0
123,CLEMENTINE,DISTRAUGHT WOMAN'S VOICE,0.8
123,JOEL,DISTRAUGHT WOMAN'S VOICE,1.0
123,CLEMENTINE,DISTRAUGHT WOMAN'S VOICE,0.8
123,JOEL,DISTRAUGHT WOMAN'S VOICE,1.0
123,JOEL,DISTRAUGHT WOMAN'S VOICE,1.0
123,CLEMENTINE,DISTRAUGHT WOMAN'S VOICE,0.8
123,JOEL,DISTRAUGHT WOMAN'S VOICE,1.0
123,CLEMENTINE,DISTRAUGHT WOMAN'S VOICE,0.8
123,JOEL,DISTRAUGHT WOMAN'S VOICE,1.0
123,CLEMENTINE,DISTRAUGHT WOMAN'S VOICE,0.8
123,JOEL,DISTRAUGHT WOMAN'S VOICE,1.0
123,CLEMENTINE,DISTRAUGHT WOMAN'S VOICE,0.8
123,JOEL,DISTRAUGHT WOMAN'S VOICE,1.0
123,CLEMENTINE,DISTRAUGHT WOMAN'S VOICE,0.8
123,JOEL,DISTRAUGHT WOMAN'S VOICE,1.0
123,CLEMENTINE,DISTRAUGHT WOMAN'S VOICE,0.8
123,JOEL,DISTRAUGHT WOMAN'S VOICE,1.0
123,CLEMENTINE,DISTRAUGHT WOMAN'S VOICE,0.8
123,JOEL,DISTRAUGHT WOMAN'S VOICE,1.0
123,CLEMENTINE,DISTRAUGHT WOMAN'S VOICE,0.8
123,JOEL,DISTRAUGHT WOMAN'S VOICE,1.0
123,CLEMENTINE,DISTRAUGHT WOMAN'S VOICE,0.8
123,CLEMENTINE,DISTRAUGHT WOMAN'S VOICE,1.0
123,JOEL,DISTRAUGHT WOMAN'S VOICE,1.0
123,CLEMENTINE,DISTRAUGHT WOMAN'S VOICE,0.8
123,CLEMENTINE,DISTRAUGHT WOMAN'S VOICE,1.0
123,JOEL,DISTRAUGHT WOMAN'S VOICE,1.0
123,CLEMENTINE,DISTRAUGHT WOMAN'S VOICE,0.8
123,JOEL,DISTRAUGHT WOMAN'S VOICE,1.0
123,CLEMENTINE,DISTRAUGHT WOMAN'S VOICE,0.8
123,CLEMENTINE,DISTRAUGHT WOMAN'S VOICE,1.0
123,JOEL,DISTRAUGHT WOMAN'S VOICE,1.0
123,CLEMENTINE,DISTRAUGHT WOMAN'S VOICE,0.8
123,CLEMENTINE,DISTRAUGHT WOMAN'S VOICE,1.0
123,JOEL,DISTRAUGHT WOMAN'S VOICE,1.0
123,CLEMENTINE,DISTRAUGHT WOMAN'S VOICE,0.8
123,JOEL,DISTRAUGHT WOMAN'S VOICE,1.0
123,CLEMENTINE,DISTRAUGHT WOMAN'S VOICE,1.0
123,JOEL,DISTRAUGHT WOMAN'S VOICE,1.0
123,CLEMENTINE,DISTRAUGHT WOMAN'S VOICE,0.8
123,CLEMENTINE,DISTRAUGHT WOMAN'S VOICE,1.0
123,Joel,DISTRAUGHT WOMAN'S VOICE,1.0
123,Rob,DISTRAUGHT WOMAN'S VOICE,1.0
123,Joel,DISTRAUGHT WOMAN'S VOICE,1.0
123,Joel,DISTRAUGHT WOMAN'S VOICE,1.0
123,Green,DISTRAUGHT WOMAN'S VOICE,1.0
123,Joel,DISTRAUGHT WOMAN'S VOICE,1.0
123,Joel,DISTRAUGHT WOMAN'S VOICE,1.0
123,Hound,DISTRAUGHT WOMAN'S VOICE,0.9456879573483623
123,Joel,DISTRAUGHT WOMAN'S VOICE,1.0
123,Joel,DISTRAUGHT WOMAN'S VOICE,1.0
123,Joel,DISTRAUGHT WOMAN'S VOICE,1.0
123,Joel,DISTRAUGHT WOMAN'S VOICE,1.0
123,Joel,DISTRAUGHT WOMAN'S VOICE,1.0
123,Joel,DISTRAUGHT WOMAN'S VOICE,1.0
123,Joel,DISTRAUGHT WOMAN'S VOICE,1.0
124,JOEL,DISTRAUGHT WOMAN'S VOICE,1.0
124,CLEMENTINE,DISTRAUGHT WOMAN'S VOICE,0.8
124,JOEL,DISTRAUGHT WOMAN'S VOICE,1.0
124,CLEMENTINE,DISTRAUGHT WOMAN'S VOICE,0.8
124,JOEL,DISTRAUGHT WOMAN'S VOICE,1.0
124,CLEMENTINE,DISTRAUGHT WOMAN'S VOICE,0.8
124,JOEL,DISTRAUGHT WOMAN'S VOICE,1.0
124,CLEMENTINE,DISTRAUGHT WOMAN'S VOICE,0.8
124,JOEL,DISTRAUGHT WOMAN'S VOICE,1.0
124,CLEMENTINE,DISTRAUGHT WOMAN'S VOICE,1.0
124,JOEL,DISTRAUGHT WOMAN'S VOICE,1.0
124,CLEMENTINE,DISTRAUGHT WOMAN'S VOICE,1.0
124,JOEL,DISTRAUGHT WOMAN'S VOICE,1.0
124,CLEMENTINE,DISTRAUGHT WOMAN'S VOICE,0.8
124,CLEMENTINE,DISTRAUGHT WOMAN'S VOICE,1.0
124,JOEL,DISTRAUGHT WOMAN'S VOICE,1.0
124,CLEMENTINE,DISTRAUGHT WOMAN'S VOICE,0.8
124,Joel,DISTRAUGHT WOMAN'S VOICE,1.0
124,Naomi,DISTRAUGHT WOMAN'S VOICE,1.0
124,Naomi,DISTRAUGHT WOMAN'S VOICE,1.0
124,Ah,DISTRAUGHT WOMAN'S VOICE,1.0
124,David,DISTRAUGHT WOMAN'S VOICE,1.0
124,Joel,DISTRAUGHT WOMAN'S VOICE,1.0
125,Joel,DISTRAUGHT WOMAN'S VOICE,1.0
126,CARRIE,DISTRAUGHT WOMAN'S VOICE,1.0
126,Rob,DISTRAUGHT WOMAN'S VOICE,1.0
126,Joel,DISTRAUGHT WOMAN'S VOICE,1.0
126,Joel,DISTRAUGHT WOMAN'S VOICE,1.0
126,Rob,DISTRAUGHT WOMAN'S VOICE,1.0
127,HOWARD,DISTRAUGHT WOMAN'S VOICE,1.0
127,HOLLIS'S VOICE,DISTRAUGHT WOMAN'S VOICE,0.7
127,Howard,DISTRAUGHT WOMAN'S VOICE,1.0
127,Stan,DISTRAUGHT WOMAN'S VOICE,1.0
127,Stan,DISTRAUGHT WOMAN'S VOICE,1.0
127,Joel,DISTRAUGHT WOMAN'S VOICE,1.0
127,Howard,DISTRAUGHT WOMAN'S VOICE,1.0
127,Howard,DISTRAUGHT WOMAN'S VOICE,1.0
128,STAN,DISTRAUGHT WOMAN'S VOICE,1.0
128,MIERZWIAK,DISTRAUGHT WOMAN'S VOICE,0.7
128,Stan,DISTRAUGHT WOMAN'S VOICE,1.0
128,Howard,DISTRAUGHT WOMAN'S VOICE,1.0
128,Howard,DISTRAUGHT WOMAN'S VOICE,1.0
128,Stan,DISTRAUGHT WOMAN'S VOICE,1.0
129,PATRICK,DISTRAUGHT WOMAN'S VOICE,1.0
129,PATRICK,DISTRAUGHT WOMAN'S VOICE,1.0
129,PATRICK,DISTRAUGHT WOMAN'S VOICE,1.0
129,Patrick,DISTRAUGHT WOMAN'S VOICE,1.0
129,Mary,DISTRAUGHT WOMAN'S VOICE,1.0
129,Mary,DISTRAUGHT WOMAN'S VOICE,1.0
129,Patrick,DISTRAUGHT WOMAN'S VOICE,1.0
129,Mary,DISTRAUGHT WOMAN'S VOICE,1.0
129,Mary,DISTRAUGHT WOMAN'S VOICE,1.0
130,STAN,DISTRAUGHT WOMAN'S VOICE,1.0
130,MARY,DISTRAUGHT WOMAN'S VOICE,1.0
130,STAN,DISTRAUGHT WOMAN'S VOICE,1.0
130,MARY,DISTRAUGHT WOMAN'S VOICE,1.0
130,STAN,DISTRAUGHT WOMAN'S VOICE,1.0
130,STAN,DISTRAUGHT WOMAN'S VOICE,1.0
130,MARY,DISTRAUGHT WOMAN'S VOICE,1.0
130,STAN,DISTRAUGHT WOMAN'S VOICE,1.0
130,MARY,DISTRAUGHT WOMAN'S VOICE,1.0
130,STAN,DISTRAUGHT WOMAN'S VOICE,1.0
130,STAN,DISTRAUGHT WOMAN'S VOICE,1.0
130,MARY,DISTRAUGHT WOMAN'S VOICE,1.0
130,STAN,DISTRAUGHT WOMAN'S VOICE,1.0
130,MARY,DISTRAUGHT WOMAN'S VOICE,1.0
130,MARY,DISTRAUGHT WOMAN'S VOICE,1.0
130,Stan,DISTRAUGHT WOMAN'S VOICE,1.0
130,Mary,DISTRAUGHT WOMAN'S VOICE,1.0
130,Mary,DISTRAUGHT WOMAN'S VOICE,1.0
130,Mary,DISTRAUGHT WOMAN'S VOICE,1.0
130,Mary,DISTRAUGHT WOMAN'S VOICE,1.0
130,Stan,DISTRAUGHT WOMAN'S VOICE,1.0
131,Joel,DISTRAUGHT WOMAN'S VOICE,1.0
132,Joel,DISTRAUGHT WOMAN'S VOICE,1.0
132,Joel,DISTRAUGHT WOMAN'S VOICE,1.0
133,JOEL,DISTRAUGHT WOMAN'S VOICE,1.0
133,Naomi,DISTRAUGHT WOMAN'S VOICE,1.0
134,Mary,DISTRAUGHT WOMAN'S VOICE,1.0
135,MARY,DISTRAUGHT WOMAN'S VOICE,1.0
135,MARY,DISTRAUGHT WOMAN'S VOICE,1.0
135,MIERZWIAK,DISTRAUGHT WOMAN'S VOICE,0.7
135,MARY,DISTRAUGHT WOMAN'S VOICE,1.0
135,MIERZWIAK,DISTRAUGHT WOMAN'S VOICE,0.7
135,MARY,DISTRAUGHT WOMAN'S VOICE,1.0
135,MIERZWIAK,DISTRAUGHT WOMAN'S VOICE,0.7
135,MARY,DISTRAUGHT WOMAN'S VOICE,1.0
135,MIERZWIAK,DISTRAUGHT WOMAN'S VOICE,0.7
135,Mary,DISTRAUGHT WOMAN'S VOICE,1.0
135,Howard,DISTRAUGHT WOMAN'S VOICE,1.0
135,Mary,DISTRAUGHT WOMAN'S VOICE,1.0
135,Mary,DISTRAUGHT WOMAN'S VOICE,1.0
136,NAOMI,DISTRAUGHT WOMAN'S VOICE,0.8
136,JOEL,DISTRAUGHT WOMAN'S VOICE,1.0
136,NAOMI,DISTRAUGHT WOMAN'S VOICE,0.8
136,JOEL,DISTRAUGHT WOMAN'S VOICE,1.0
136,NAOMI,DISTRAUGHT WOMAN'S VOICE,0.8
136,JOEL,DISTRAUGHT WOMAN'S VOICE,1.0
136,NAOMI,DISTRAUGHT WOMAN'S VOICE,0.8
136,JOEL,DISTRAUGHT WOMAN'S VOICE,1.0
136,NAOMI,DISTRAUGHT WOMAN'S VOICE,0.8
136,JOEL,DISTRAUGHT WOMAN'S VOICE,1.0
136,NAOMI,DISTRAUGHT WOMAN'S VOICE,0.8
137,JOEL,DISTRAUGHT WOMAN'S VOICE,1.0
137,NAOMI,DISTRAUGHT WOMAN'S VOICE,0.8
138,Patrick,DISTRAUGHT WOMAN'S VOICE,1.0
139,Joel,DISTRAUGHT WOMAN'S VOICE,1.0
139,Joel,DISTRAUGHT WOMAN'S VOICE,1.0
140,Mary,DISTRAUGHT WOMAN'S VOICE,1.0
140,Joel,DISTRAUGHT WOMAN'S VOICE,1.0
141,CLEMENTINE,DISTRAUGHT WOMAN'S VOICE,0.8
141,JOEL,DISTRAUGHT WOMAN'S VOICE,1.0
141,CLEMENTINE,DISTRAUGHT WOMAN'S VOICE,0.8
141,JOEL,DISTRAUGHT WOMAN'S VOICE,1.0
141,CLEMENTINE,DISTRAUGHT WOMAN'S VOICE,0.8
141,JOEL,DISTRAUGHT WOMAN'S VOICE,1.0
141,Joel,DISTRAUGHT WOMAN'S VOICE,1.0
141,Joel,DISTRAUGHT WOMAN'S VOICE,1.0
141,Joel,DISTRAUGHT WOMAN'S VOICE,1.0
142,JOEL,DISTRAUGHT WOMAN'S VOICE,1.0
142,NAOMI'S VOICE,DISTRAUGHT WOMAN'S VOICE,0.7
142,JOEL,DISTRAUGHT WOMAN'S VOICE,1.0
142,NAOMI'S VOICE,DISTRAUGHT WOMAN'S VOICE,0.7
142,JOEL,DISTRAUGHT WOMAN'S VOICE,1.0
142,NAOMI'S VOICE,DISTRAUGHT WOMAN'S VOICE,0.7
142,JOEL,DISTRAUGHT WOMAN'S VOICE,1.0
142,NAOMI'S VOICE,DISTRAUGHT WOMAN'S VOICE,0.7
142,JOEL,DISTRAUGHT WOMAN'S VOICE,1.0
142,NAOMI'S VOICE,DISTRAUGHT WOMAN'S VOICE,0.7
142,JOEL,DISTRAUGHT WOMAN'S VOICE,1.0
142,NAOMI,DISTRAUGHT WOMAN'S VOICE,0.8
142,JOEL,DISTRAUGHT WOMAN'S VOICE,1.0
142,NAOMI,DISTRAUGHT WOMAN'S VOICE,0.8
142,JOEL,DISTRAUGHT WOMAN'S VOICE,1.0
142,NAOMI,DISTRAUGHT WOMAN'S VOICE,0.8
142,CLEMENTINE'S VOICE,DISTRAUGHT WOMAN'S VOICE,0.7
142,JOEL,DISTRAUGHT WOMAN'S VOICE,1.0
142,CLEMENTINE'S VOICE,DISTRAUGHT WOMAN'S VOICE,0.7
142,JOEL,DISTRAUGHT WOMAN'S VOICE,1.0
142,CLEMENTINE'S VOICE,DISTRAUGHT WOMAN'S VOICE,0.7
142,JOEL,DISTRAUGHT WOMAN'S VOICE,1.0
142,CLEMENTINE'S VOICE,DISTRAUGHT WOMAN'S VOICE,0.7
142,Joel,DISTRAUGHT WOMAN'S VOICE,1.0
142,Naomi,DISTRAUGHT WOMAN'S VOICE,0.9686392653720083
142,Joel,DISTRAUGHT WOMAN'S VOICE,1.0
142,Naomi,DISTRAUGHT WOMAN'S VOICE,0.9685499426220553
142,Joel,DISTRAUGHT WOMAN'S VOICE,1.0
142,Joel,DISTRAUGHT WOMAN'S VOICE,1.0
143,CLEMENTINE,DISTRAUGHT WOMAN'S VOICE,0.8
143,JOEL,DISTRAUGHT WOMAN'S VOICE,1.0
143,JOEL,DISTRAUGHT WOMAN'S VOICE,1.0
143,CLEMENTINE,DISTRAUGHT WOMAN'S VOICE,0.8
143,JOEL,DISTRAUGHT WOMAN'S VOICE,1.0
143,CLEMENTINE,DISTRAUGHT WOMAN'S VOICE,0.8
143,JOEL,DISTRAUGHT WOMAN'S VOICE,1.0
143,CLEMENTINE,DISTRAUGHT WOMAN'S VOICE,0.8
143,JOEL,DISTRAUGHT WOMAN'S VOICE,1.0
143,CLEMENTINE,DISTRAUGHT WOMAN'S VOICE,0.8
143,JOEL,DISTRAUGHT WOMAN'S VOICE,1.0
143,CLEMENTINE,DISTRAUGHT WOMAN'S VOICE,0.8
143,JOEL,DISTRAUGHT WOMAN'S VOICE,1.0
143,CLEMENTINE,DISTRAUGHT WOMAN'S VOICE,0.8
143,JOEL,DISTRAUGHT WOMAN'S VOICE,1.0
143,CLEMENTINE,DISTRAUGHT WOMAN'S VOICE,0.8
143,JOEL,DISTRAUGHT WOMAN'S VOICE,1.0
143,CLEMENTINE,DISTRAUGHT WOMAN'S VOICE,0.8
143,JOEL,DISTRAUGHT WOMAN'S VOICE,1.0
143,CLEMENTINE,DISTRAUGHT WOMAN'S VOICE,0.8
143,JOEL,DISTRAUGHT WOMAN'S VOICE,1.0
143,CLEMENTINE,DISTRAUGHT WOMAN'S VOICE,0.8
143,Joel,DISTRAUGHT WOMAN'S VOICE,1.0
143,Joel,DISTRAUGHT WOMAN'S VOICE,1.0
143,Joel,DISTRAUGHT WOMAN'S VOICE,1.0
143,Listen,DISTRAUGHT WOMAN'S VOICE,0.7603124899218207
143,Joel,DISTRAUGHT WOMAN'S VOICE,1.0
144,Joel,DISTRAUGHT WOMAN'S VOICE,1.0
145,CLEMENTINE'S VOICE,DISTRAUGHT WOMAN'S VOICE,0.7
145,JOEL,DISTRAUGHT WOMAN'S VOICE,1.0
145,CLEMENTINE'S VOICE,DISTRAUGHT WOMAN'S VOICE,0.7
145,JOEL,DISTRAUGHT WOMAN'S VOICE,1.0
145,CLEMENTINE'S VOICE,DISTRAUGHT WOMAN'S VOICE,0.7
145,JOEL,DISTRAUGHT WOMAN'S VOICE,1.0
145,CLEMENTINE,DISTRAUGHT WOMAN'S VOICE,0.8
145,Joel,DISTRAUGHT WOMAN'S VOICE,1.0
145,Joel,DISTRAUGHT WOMAN'S VOICE,1.0
146,CARRIE,DISTRAUGHT WOMAN'S VOICE,1.0
146,Joel,DISTRAUGHT WOMAN'S VOICE,1.0
147,JOEL,DISTRAUGHT WOMAN'S VOICE,1.0
147,CLEMENTINE'S VOICE,DISTRAUGHT WOMAN'S VOICE,0.7
147,JOEL,DISTRAUGHT WOMAN'S VOICE,1.0
147,CLEMENTINE'S VOICE,DISTRAUGHT WOMAN'S VOICE,0.7
147,Joel,DISTRAUGHT WOMAN'S VOICE,1.0
147,Joel,DISTRAUGHT WOMAN'S VOICE,1.0
147,Joel,DISTRAUGHT WOMAN'S VOICE,1.0
147,Joel,DISTRAUGHT WOMAN'S VOICE,1.0
147,CLEMENTINE'S VOICE,DISTRAUGHT WOMAN'S VOICE,0.7
148,CLEMENTINE,DISTRAUGHT WOMAN'S VOICE,0.8
148,JOEL,DISTRAUGHT WOMAN'S VOICE,1.0
148,CLEMENTINE,DISTRAUGHT WOMAN'S VOICE,0.8
148,JOEL,DISTRAUGHT WOMAN'S VOICE,1.0
148,CLEMENTINE,DISTRAUGHT WOMAN'S VOICE,0.8
148,JOEL,DISTRAUGHT WOMAN'S VOICE,1.0
148,CLEMENTINE,DISTRAUGHT WOMAN'S VOICE,0.8
148,JOEL,DISTRAUGHT WOMAN'S VOICE,1.0
148,CLEMENTINE,DISTRAUGHT WOMAN'S VOICE,0.8
148,JOEL,DISTRAUGHT WOMAN'S VOICE,1.0
148,CLEMENTINE,DISTRAUGHT WOMAN'S VOICE,0.8
148,JOEL,DISTRAUGHT WOMAN'S VOICE,1.0
148,CLEMENTINE,DISTRAUGHT WOMAN'S VOICE,0.8
148,CLEMENTINE,DISTRAUGHT WOMAN'S VOICE,1.0
148,CLEMENTINE,DISTRAUGHT WOMAN'S VOICE,1.0
148,JOEL,DISTRAUGHT WOMAN'S VOICE,1.0
148,Joel,DISTRAUGHT WOMAN'S VOICE,1.0
149,RECEPTIONIST,DISTRAUGHT WOMAN'S VOICE,0.8
149,STAN,DISTRAUGHT WOMAN'S VOICE,1.0
149,RECEPTIONIST,DISTRAUGHT WOMAN'S VOICE,0.8
149,Stan,DISTRAUGHT WOMAN'S VOICE,1.0
149,Stan,DISTRAUGHT WOMAN'S VOICE,1.0
149,Howard I,DISTRAUGHT WOMAN'S VOICE,1.0
149,Mierzwiak,DISTRAUGHT WOMAN'S VOICE,1.0
149,Stan,DISTRAUGHT WOMAN'S VOICE,1.0
149,Stan,DISTRAUGHT WOMAN'S VOICE,1.0
150,MIERZWIAK,DISTRAUGHT WOMAN'S VOICE,0.7
150,STAN,DISTRAUGHT WOMAN'S VOICE,1.0
150,MIERZWIAK,DISTRAUGHT WOMAN'S VOICE,0.7
150,STAN,DISTRAUGHT WOMAN'S VOICE,1.0
150,YOUNG WOMAN,DISTRAUGHT WOMAN'S VOICE,1.0
150,MIERZWIAK,DISTRAUGHT WOMAN'S VOICE,0.7
150,YOUNG WOMAN,DISTRAUGHT WOMAN'S VOICE,1.0
150,PATRICK,DISTRAUGHT WOMAN'S VOICE,1.0
150,MIERZWIAK,DISTRAUGHT WOMAN'S VOICE,0.7
150,Stan,DISTRAUGHT WOMAN'S VOICE,1.0
150,Mierzwiak,DISTRAUGHT WOMAN'S VOICE,1.0
150,Stan,DISTRAUGHT WOMAN'S VOICE,1.0
150,Howard,DISTRAUGHT WOMAN'S VOICE,1.0
150,Mary,DISTRAUGHT WOMAN'S VOICE,1.0
150,Patrick,DISTRAUGHT WOMAN'S VOICE,1.0
150,Stan,DISTRAUGHT WOMAN'S VOICE,1.0
150,Stan,DISTRAUGHT WOMAN'S VOICE,1.0
150,Mary,DISTRAUGHT WOMAN'S VOICE,1.0
151,JOEL,DISTRAUGHT WOMAN'S VOICE,1.0
151,CLEMENTINE'S VOICE,DISTRAUGHT WOMAN'S VOICE,0.7
151,JOEL,DISTRAUGHT WOMAN'S VOICE,1.0
151,CLEMENTINE'S VOICE,DISTRAUGHT WOMAN'S VOICE,0.7
151,JOEL,DISTRAUGHT WOMAN'S VOICE,1.0
151,CLEMENTINE'S VOICE,DISTRAUGHT WOMAN'S VOICE,0.7
151,JOEL,DISTRAUGHT WOMAN'S VOICE,1.0
151,CLEMENTINE'S VOICE,DISTRAUGHT WOMAN'S VOICE,0.7
151,JOEL,DISTRAUGHT WOMAN'S VOICE,1.0
151,CLEMENTINE,DISTRAUGHT WOMAN'S VOICE,0.8
151,JOEL,DISTRAUGHT WOMAN'S VOICE,1.0
151,CLEMENTINE,DISTRAUGHT WOMAN'S VOICE,0.8
151,JOEL,DISTRAUGHT WOMAN'S VOICE,1.0
151,CLEMENTINE,DISTRAUGHT WOMAN'S VOICE,0.8
151,Meet,DISTRAUGHT WOMAN'S VOICE,0.8141451878808915
152,MARY,DISTRAUGHT WOMAN'S VOICE,1.0
152,STAN,DISTRAUGHT WOMAN'S VOICE,1.0
152,MARY,DISTRAUGHT WOMAN'S VOICE,1.0
152,STAN,DISTRAUGHT WOMAN'S VOICE,1.0
152,STAN,DISTRAUGHT WOMAN'S VOICE,1.0
152,MARY,DISTRAUGHT WOMAN'S VOICE,1.0
152,STAN,DISTRAUGHT WOMAN'S VOICE,1.0
152,MARY,DISTRAUGHT WOMAN'S VOICE,1.0
152,STAN,DISTRAUGHT WOMAN'S VOICE,1.0
152,MARY,DISTRAUGHT WOMAN'S VOICE,1.0
152,STAN,DISTRAUGHT WOMAN'S VOICE,1.0
152,MARY,DISTRAUGHT WOMAN'S VOICE,1.0
152,STAN,DISTRAUGHT WOMAN'S VOICE,1.0
152,MARY,DISTRAUGHT WOMAN'S VOICE,1.0
152,STAN,DISTRAUGHT WOMAN'S VOICE,1.0
152,MARY,DISTRAUGHT WOMAN'S VOICE,1.0
152,Mary,DISTRAUGHT WOMAN'S VOICE,1.0
152,Stan,DISTRAUGHT WOMAN'S VOICE,1.0
152,Stan,DISTRAUGHT WOMAN'S VOICE,1.0
152,Stan,DISTRAUGHT WOMAN'S VOICE,1.0
152,Howard,DISTRAUGHT WOMAN'S VOICE,1.0
152,Stan,DISTRAUGHT WOMAN'S VOICE,1.0
152,Mary,DISTRAUGHT WOMAN'S VOICE,1.0
152,Mary,DISTRAUGHT WOMAN'S VOICE,1.0
152,Mary,DISTRAUGHT WOMAN'S VOICE,1.0
152,Stan,DISTRAUGHT WOMAN'S VOICE,1.0
153,SAD WOMAN'S VOICE,DISTRAUGHT WOMAN'S VOICE,1.0
153,MAN,DISTRAUGHT WOMAN'S VOICE,1.0
153,MAN,DISTRAUGHT WOMAN'S VOICE,1.0
153,MAN,DISTRAUGHT WOMAN'S VOICE,1.0
153,DISTRAUGHT WOMAN'S VOICE,DISTRAUGHT WOMAN'S VOICE,0.7
153,SAD WOMAN,DISTRAUGHT WOMAN'S VOICE,0.7
153,SAD WOMAN,DISTRAUGHT WOMAN'S VOICE,0.7
153,MAN,DISTRAUGHT WOMAN'S VOICE,0.7
154,MARY,DISTRAUGHT WOMAN'S VOICE,1.0
154,MARY,DISTRAUGHT WOMAN'S VOICE,1.0
154,MARY,DISTRAUGHT WOMAN'S VOICE,1.0
154,SAD WOMAN'S VOICE,DISTRAUGHT WOMAN'S VOICE,1.0
154,Mary,DISTRAUGHT WOMAN'S VOICE,1.0
154,Mary,DISTRAUGHT WOMAN'S VOICE,1.0
154,Howard,DISTRAUGHT WOMAN'S VOICE,1.0
156,MAN,DISTRAUGHT WOMAN'S VOICE,1.0
156,Mary,DISTRAUGHT WOMAN'S VOICE,1.0
158,OLD MAN,DISTRAUGHT WOMAN'S VOICE,1.0
158,SECOND OLD WOMAN,DISTRAUGHT WOMAN'S VOICE,1.0
158,Mary,DISTRAUGHT WOMAN'S VOICE,1.0
158,Howard,DISTRAUGHT WOMAN'S VOICE,1.0
158,Howard,DISTRAUGHT WOMAN'S VOICE,1.0
158,Mary,DISTRAUGHT WOMAN'S VOICE,1.0
158,OLD WOMAN,DISTRAUGHT WOMAN'S VOICE,0.7
158,OLD MAN,DISTRAUGHT WOMAN'S VOICE,0.7
158,OLD WOMAN,DISTRAUGHT WOMAN'S VOICE,0.7
158,OLD WOMAN,DISTRAUGHT WOMAN'S VOICE,0.7
158,OLD WOMAN,DISTRAUGHT WOMAN'S VOICE,0.7
159,Howard,DISTRAUGHT WOMAN'S VOICE,1.0
159,Mary,DISTRAUGHT WOMAN'S VOICE,1.0
159,Mierzwiak,DISTRAUGHT WOMAN'S VOICE,1.0
159,Howard,DISTRAUGHT WOMAN'S VOICE,1.0
159,Kruczynski,DISTRAUGHT WOMAN'S VOICE,1.0
159,Joel Barish,DISTRAUGHT WOMAN'S VOICE,1.0
159,OLD WOMAN,DISTRAUGHT WOMAN'S VOICE,0.7
159,OLD MAN,DISTRAUGHT WOMAN'S VOICE,0.7
159,OLD MAN,DISTRAUGHT WOMAN'S VOICE,0.7
159,OLD MAN,DISTRAUGHT WOMAN'S VOICE,0.7
159,OLD WOMAN,DISTRAUGHT WOMAN'S VOICE,0.7
160,OLD WOMAN,DISTRAUGHT WOMAN'S VOICE,0.7
161,OLD WOMAN,DISTRAUGHT WOMAN'S VOICE,0.7
161,OLD WOMAN,DISTRAUGHT WOMAN'S VOICE,0.7
162,OLD WOMAN,DISTRAUGHT WOMAN'S VOICE,0.7
163,OLD MAN'S VOICE,DISTRAUGHT WOMAN'S VOICE,1.0
