1,1,"CLARICE STARLING",PERSON_INTRO,"concentration. This is CLARICE STARLING, mid-20's, trim,",0.7,null
2,2,"CLARICE",SPEAKER_ABOVE_DIALOGUE,"CLARICE/Freeze! FBI!",0.8,NameDatabase@7f63425a
2,2,"BRIGHAM",SPEAKER_WITH_VO_OS,"BRIGHAM (O.S.)/Okay, people, good exercise...",1.0,NameDatabase@7f63425a
2,2,"BRIGHAM",SPEAKER_ABOVE_DIALOGUE,"BRIGHAM/Starling's reaction time was",0.7,NameDatabase@7f63425a
2,2,"ARDELIA",SPEAKER_ABOVE_DIALOGUE,"ARDELIA/Damn, Clarice, how'd you make me?",0.8,NameDatabase@7f63425a
2,2,"CLARICE",SPEAKER_ABOVE_DIALOGUE,"CLARICE/(indicating her gun)",0.8,NameDatabase@7f63425a
2,2,"ARDELIA",SPEAKER_ABOVE_DIALOGUE,"ARDELIA/(grins)",0.8,NameDatabase@7f63425a
2,2,"BRIGHAM",SPEAKER_ABOVE_DIALOGUE,"BRIGHAM/What're you laughin' at, Junior G-",0.7,NameDatabase@7f63425a
2,2,"BRIGHAM",SPEAKER_ABOVE_DIALOGUE,"BRIGHAM/(continuing)",0.7,NameDatabase@7f63425a
2,2,"SPECIAL AGENT JACK CRAWFORD",SPEAKER_ABOVE_DIALOGUE,"SPECIAL AGENT JACK CRAWFORD/sits on the top step of the aisle, looking down at her. He",1.0,NameDatabase@7f63425a
2,2,"CLARICE",SPEAKER_ABOVE_DIALOGUE,"CLARICE/What'd I do?",0.8,NameDatabase@7f63425a
2,2,"ARDELIA",SPEAKER_ABOVE_DIALOGUE,"ARDELIA/Stay cool. Just remember to call him",0.8,NameDatabase@7f63425a
2,2,"JOHN BRIGHAM",NAMEFINDER_ME,"as a training set . JOHN BRIGHAM walks onto this set ,",1.0,NameDatabase@7f63425a
2,2,"As Brigham",NAMEFINDER_ME,"when you talk dirty . As Brigham joins them , Clarice can",1.0,NameDatabase@7f63425a
2,2,"FEMALE HOSTAGE",PERSON_ADJ,"edge of a bed - a FEMALE HOSTAGE. Black, late 20's, gagged,",0.7,null
2,2,"MALE SUSPECT",PERSON_ADJ,"MALE SUSPECT, white, mid-20's, standing by a window with a",0.7,null
2,2,"ARDELIA MAPP",PERSON_INTRO,"""Hostage"" a hand up. It's ARDELIA MAPP, her roommate. Her",0.7,null
3,3,"CRAWFORD",SPEAKER_ABOVE_DIALOGUE,"CRAWFORD/Starling, Clarice M., good morning.",0.7,NameDatabase@7f63425a
3,3,"CLARICE",SPEAKER_ABOVE_DIALOGUE,"CLARICE/Good morning, Mr. Crawford.",0.8,NameDatabase@7f63425a
3,3,"CRAWFORD",SPEAKER_ABOVE_DIALOGUE,"CRAWFORD/Your instructors tell me you're doing",0.7,NameDatabase@7f63425a
3,3,"CLARICE",SPEAKER_ABOVE_DIALOGUE,"CLARICE/I hope so. They haven't posted",0.8,NameDatabase@7f63425a
3,3,"CRAWFORD",SPEAKER_ABOVE_DIALOGUE,"CRAWFORD/A job's come up and I thought about",0.7,NameDatabase@7f63425a
3,3,"CRAWFORD",SPEAKER_ABOVE_DIALOGUE,"CRAWFORD/We're trying to interview all of the",0.7,NameDatabase@7f63425a
3,3,"CLARICE",SPEAKER_ABOVE_DIALOGUE,"CLARICE/Not yet.",0.8,NameDatabase@7f63425a
3,3,"CRAWFORD",SPEAKER_ABOVE_DIALOGUE,"CRAWFORD/You see, the one we want most refuses",0.7,NameDatabase@7f63425a
3,3,"CLARICE",SPEAKER_ABOVE_DIALOGUE,"CLARICE/Who's the subject?",0.8,NameDatabase@7f63425a
3,3,"CRAWFORD",SPEAKER_ABOVE_DIALOGUE,"CRAWFORD/The psychiatrist - Dr. Hannibal",0.7,NameDatabase@7f63425a
3,3,"CLARICE",SPEAKER_ABOVE_DIALOGUE,"CLARICE/The cannibal...",0.8,NameDatabase@7f63425a
3,3,"CLARICE",SPEAKER_ABOVE_DIALOGUE,"CLARICE/Yes, well... Okay, right. I'm glad",0.8,NameDatabase@7f63425a
3,3,"CRAWFORD",SPEAKER_ABOVE_DIALOGUE,"CRAWFORD/You're qualified and available. And",0.7,NameDatabase@7f63425a
3,3,"CRAWFORD",SPEAKER_ABOVE_DIALOGUE,"CRAWFORD/I don't expect him to talk to you,",0.7,NameDatabase@7f63425a
3,3,"CRAWFORD",SPEAKER_ABOVE_DIALOGUE,"CRAWFORD/Now. I want your full attention,",0.7,NameDatabase@7f63425a
3,3,"CLARICE",SPEAKER_ABOVE_DIALOGUE,"CLARICE/Yes sir.",0.8,NameDatabase@7f63425a
3,3,"CRAWFORD",SPEAKER_ABOVE_DIALOGUE,"CRAWFORD/Be very careful with Hannibal Lecter.",0.7,NameDatabase@7f63425a
3,3,"CLARICE",SPEAKER_ABOVE_DIALOGUE,"CLARICE/(a bit unnerved)",0.8,NameDatabase@7f63425a
3,3,"CHILTON",SPEAKER_WITH_VO_OS,"CHILTON (V.O.)/Oh, he's a monster. A pure",1.0,NameDatabase@7f63425a
3,3,"Crawford",NAMEFINDER_ME,"Good morning , Mr . Crawford . Your instructors tell me",1.0,NameDatabase@7f63425a
3,3,"Hannibal Lecter",NAMEFINDER_ME,"The psychiatrist - Dr . Hannibal Lecter . Clarice stops walking ,",1.0,NameDatabase@7f63425a
3,3,"Lecter",NAMEFINDER_ME,"to say we tried ... Lecter was a brilliant psychiatrist ,",0.8617608788192666,NameDatabase@7f63425a
3,3,"Hannibal Lecter",NAMEFINDER_ME,". Be very careful with Hannibal Lecter . Dr . Chilton at",1.0,NameDatabase@7f63425a
3,3,"Chilton",NAMEFINDER_ME,"Hannibal Lecter . Dr . Chilton at the asylum will go",0.9328302361856242,NameDatabase@7f63425a
4,4,"CHILTON",SPEAKER_WITH_VO_OS,"CHILTON (O.S.)/It's so rare to capture one alive.",1.0,NameDatabase@7f63425a
4,4,"CHILTON",SPEAKER_ABOVE_DIALOGUE,"CHILTON/You know, we get a lot of detectives",0.7,NameDatabase@7f63425a
4,4,"CHILTON",SPEAKER_ABOVE_DIALOGUE,"CHILTON/Will you be in Baltimore overnight...?",0.7,NameDatabase@7f63425a
4,4,"CLARICE",SPEAKER_ABOVE_DIALOGUE,"CLARICE/I'm sure it's a great town, Dr.",0.8,NameDatabase@7f63425a
4,4,"CHILTON",SPEAKER_ABOVE_DIALOGUE,"CHILTON/(pause, sourly)",0.7,NameDatabase@7f63425a
4,4,"Lecter",NAMEFINDER_ME,"of view , Dr . Lecter is our most prized asset",1.0,NameDatabase@7f63425a
4,4,"FREDERICK CHILTON",NAMEFINDER_ME,"prized asset ... DR . FREDERICK CHILTON looks up from her card",1.0,NameDatabase@7f63425a
4,4,"Chilton",NAMEFINDER_ME,"great town , Dr . Chilton , but my instructions are",1.0,NameDatabase@7f63425a
5,5,"CHILTON",SPEAKER_ABOVE_DIALOGUE,"CHILTON/Lecter carved up nine people - that",0.7,NameDatabase@7f63425a
5,5,"CLARICE",SPEAKER_ABOVE_DIALOGUE,"CLARICE/How do you mean, Dr. Chilton?",0.8,NameDatabase@7f63425a
5,5,"CHILTON",SPEAKER_ABOVE_DIALOGUE,"CHILTON/A pretty young woman, to turn him",0.7,NameDatabase@7f63425a
5,5,"CLARICE",SPEAKER_ABOVE_DIALOGUE,"CLARICE/I graduated magna from UVA, Doctor.",0.8,NameDatabase@7f63425a
5,5,"CHILTON",SPEAKER_ABOVE_DIALOGUE,"CHILTON/Good. Then you should be able to",0.7,NameDatabase@7f63425a
5,5,"Chilton",NAMEFINDER_ME,"the bolt shooting home . Chilton walks ahead of her .",1.0,NameDatabase@7f63425a
5,5,"Chilton",NAMEFINDER_ME,"you mean , Dr . Chilton ? A pretty young woman",1.0,NameDatabase@7f63425a
6,6,"CHILTON",SPEAKER_ABOVE_DIALOGUE,"CHILTON/Do not reach through the bars, do",0.7,NameDatabase@7f63425a
6,6,"CLARICE",SPEAKER_ABOVE_DIALOGUE,"CLARICE/I understand.",0.8,NameDatabase@7f63425a
6,6,"CHILTON",SPEAKER_ABOVE_DIALOGUE,"CHILTON/I'm going to show you why we insist",0.7,NameDatabase@7f63425a
6,6,"CHILTON",SPEAKER_ABOVE_DIALOGUE,"CHILTON/The doctors managed to re-set her",0.7,NameDatabase@7f63425a
6,6,"CLARICE",SPEAKER_ABOVE_DIALOGUE,"CLARICE/(quickly blocking him)",0.8,NameDatabase@7f63425a
6,6,"CHILTON",SPEAKER_ABOVE_DIALOGUE,"CHILTON/(annoyed)",0.7,NameDatabase@7f63425a
6,6,"CLARICE",SPEAKER_ABOVE_DIALOGUE,"CLARICE/But then I would've missed the",0.8,NameDatabase@7f63425a
6,6,"CHILTON",SPEAKER_ABOVE_DIALOGUE,"CHILTON/When she's finished, bring her out.",0.7,NameDatabase@7f63425a
6,6,"BARNEY",SPEAKER_ABOVE_DIALOGUE,"BARNEY/Hi, I'm Barney. He told you, don't",1.0,NameDatabase@7f63425a
6,6,"CLARICE",SPEAKER_ABOVE_DIALOGUE,"CLARICE/(shaking his hand)",0.8,NameDatabase@7f63425a
6,6,"BARNEY",SPEAKER_ABOVE_DIALOGUE,"BARNEY/Okay. Past the others, it's the last",1.0,NameDatabase@7f63425a
6,6,"BARNEY",SPEAKER_ABOVE_DIALOGUE,"BARNEY/I'm watching. You'll do fine.",1.0,NameDatabase@7f63425a
6,6,"Chilton",NAMEFINDER_ME,"blocking him ) Dr . Chilton - if Lecter feels you",1.0,NameDatabase@7f63425a
7,7,"DARK FIGURE",SPEAKER_ABOVE_DIALOGUE,"DARK FIGURE/I c-can sssmell your cunt!",0.7,NameDatabase@7f63425a
7,7,"CLARICE",SPEAKER_ABOVE_DIALOGUE,"CLARICE/Dr. Lecter... My name is Clarice",0.8,NameDatabase@7f63425a
7,7,"DR. LECTER",SPEAKER_ABOVE_DIALOGUE,"DR. LECTER/Good morning.",0.7,NameDatabase@7f63425a
7,7,"CLARICE",SPEAKER_ABOVE_DIALOGUE,"CLARICE/Doctor, we have a hard problem in",0.8,NameDatabase@7f63425a
7,7,"DR. LECTER",SPEAKER_ABOVE_DIALOGUE,"DR. LECTER/""We"" being the Behavioral Science",0.7,NameDatabase@7f63425a
7,7,"CLARICE",SPEAKER_ABOVE_DIALOGUE,"CLARICE/I am, yes.",0.8,NameDatabase@7f63425a
7,7,"DR. LECTER",SPEAKER_ABOVE_DIALOGUE,"DR. LECTER/May I see your credentials?",0.7,NameDatabase@7f63425a
7,7,"DR. LECTER",SPEAKER_ABOVE_DIALOGUE,"DR. LECTER/Closer, please... Clo-ser...",0.7,NameDatabase@7f63425a
7,7,"DR. LECTER",SPEAKER_ABOVE_DIALOGUE,"DR. LECTER/(continuing)",0.7,NameDatabase@7f63425a
7,7,"CLARICE",SPEAKER_ABOVE_DIALOGUE,"CLARICE/I'm - still in training at the",0.8,NameDatabase@7f63425a
7,7,"DR. LECTER",SPEAKER_ABOVE_DIALOGUE,"DR. LECTER/Jack Crawford sent a trainee to me?",0.7,NameDatabase@7f63425a
7,7,"CLARICE",SPEAKER_ABOVE_DIALOGUE,"CLARICE/We're talking about psychology,",0.8,NameDatabase@7f63425a
7,7,"DR. LECTER",SPEAKER_ABOVE_DIALOGUE,"DR. LECTER/Mmmmm... That's rather slippery of",0.7,NameDatabase@7f63425a
7,7,"DR. LECTER",SPEAKER_ABOVE_DIALOGUE,"DR. LECTER/Now then. What did Miggs say to you?",0.7,NameDatabase@7f63425a
7,7,"CLARICE",SPEAKER_ABOVE_DIALOGUE,"CLARICE/He said - ""I can smell your cunt.""",0.8,NameDatabase@7f63425a
7,7,"DR. LECTER",SPEAKER_ABOVE_DIALOGUE,"DR. LECTER/I see. I myself cannot. You use Evyan",0.7,NameDatabase@7f63425a
7,7,"CLARICE",SPEAKER_ABOVE_DIALOGUE,"CLARICE/(beat)",0.8,NameDatabase@7f63425a
7,7,"DR. LECTER",SPEAKER_ABOVE_DIALOGUE,"DR. LECTER/It's much better than your shoes.",0.7,NameDatabase@7f63425a
7,7,"CLARICE",SPEAKER_ABOVE_DIALOGUE,"CLARICE/Maybe they'll catch up.",0.8,NameDatabase@7f63425a
7,7,"DR. LECTER",SPEAKER_ABOVE_DIALOGUE,"DR. LECTER/I have no doubt of it.",0.7,NameDatabase@7f63425a
7,7,"CLARICE",SPEAKER_ABOVE_DIALOGUE,"CLARICE/(shifting uncomfortably)",0.8,NameDatabase@7f63425a
7,7,"DR. LECTER",SPEAKER_ABOVE_DIALOGUE,"DR. LECTER/Yes. That's the Duomo, seen from the",0.7,NameDatabase@7f63425a
7,7,"CLARICE",SPEAKER_ABOVE_DIALOGUE,"CLARICE/All that detail, just from memory...?",0.8,NameDatabase@7f63425a
7,7,"DR. LECTER",SPEAKER_ABOVE_DIALOGUE,"DR. LECTER/Memory, Officer Starling, is what I",0.7,NameDatabase@7f63425a
7,7,"CLARICE",SPEAKER_ABOVE_DIALOGUE,"CLARICE/Dr. Lecter, if you'd please consider -",0.8,NameDatabase@7f63425a
7,7,"DR. LECTER",SPEAKER_ABOVE_DIALOGUE,"DR. LECTER/No, no, no. You were doing fine,",0.7,NameDatabase@7f63425a
7,7,"CLARICE",SPEAKER_ABOVE_DIALOGUE,"CLARICE/I'm only asking you to look at this,",0.8,NameDatabase@7f63425a
7,7,"DR. LECTER",SPEAKER_ABOVE_DIALOGUE,"DR. LECTER/Jack Crawford must be very busy indeed",0.7,NameDatabase@7f63425a
7,7,"CLARICE",SPEAKER_ABOVE_DIALOGUE,"CLARICE/No, I came because we need -",0.8,NameDatabase@7f63425a
7,7,"DR. LECTER",SPEAKER_ABOVE_DIALOGUE,"DR. LECTER/How many women has he used, our Bill?",0.7,NameDatabase@7f63425a
7,7,"CLARICE",SPEAKER_ABOVE_DIALOGUE,"CLARICE/Five... so far.",0.8,NameDatabase@7f63425a
7,7,"DR. LECTER",SPEAKER_ABOVE_DIALOGUE,"DR. LECTER/All flayed...?",0.7,NameDatabase@7f63425a
7,7,"CLARICE",SPEAKER_ABOVE_DIALOGUE,"CLARICE/Partially, yes. But Doctor, that's",0.8,NameDatabase@7f63425a
7,7,"DR. LECTER",SPEAKER_ABOVE_DIALOGUE,"DR. LECTER/Do you know why he's called Buffalo",0.7,NameDatabase@7f63425a
7,7,"CLARICE",SPEAKER_ABOVE_DIALOGUE,"CLARICE/I'll tell you if you'll look at this",0.8,NameDatabase@7f63425a
7,7,"DR. LECTER",SPEAKER_ABOVE_DIALOGUE,"DR. LECTER/Witless and misleading. Why do you",0.7,NameDatabase@7f63425a
7,7,"CLARICE",SPEAKER_ABOVE_DIALOGUE,"CLARICE/It excites him. Most serial killers",0.8,NameDatabase@7f63425a
7,7,"DR. LECTER",SPEAKER_ABOVE_DIALOGUE,"DR. LECTER/I didn't.",0.7,NameDatabase@7f63425a
7,7,"CLARICE",SPEAKER_ABOVE_DIALOGUE,"CLARICE/No. You ate yours.",0.8,NameDatabase@7f63425a
7,7,"DR. LECTER",SPEAKER_ABOVE_DIALOGUE,"DR. LECTER/Send that through.",0.7,NameDatabase@7f63425a
7,7,"DR. LECTER",SPEAKER_ABOVE_DIALOGUE,"DR. LECTER/Oh, Officer Starling... do you think",0.7,NameDatabase@7f63425a
7,7,"CLARICE",SPEAKER_ABOVE_DIALOGUE,"CLARICE/No. I only hoped that your knowledge -",0.8,NameDatabase@7f63425a
7,7,"DR. LECTER",SPEAKER_ABOVE_DIALOGUE,"DR. LECTER/You're sooo ambitious, aren't you...?",0.7,NameDatabase@7f63425a
7,7,"CLARICE",SPEAKER_ABOVE_DIALOGUE,"CLARICE/You see a lot, Dr. Lecter. But are",0.8,NameDatabase@7f63425a
7,7,"DR. LECTER",SPEAKER_ABOVE_DIALOGUE,"DR. LECTER/You're a tough one, aren't you?",0.7,NameDatabase@7f63425a
7,7,"CLARICE",SPEAKER_ABOVE_DIALOGUE,"CLARICE/Reasonably so. Yes.",0.8,NameDatabase@7f63425a
7,7,"DR. LECTER",SPEAKER_ABOVE_DIALOGUE,"DR. LECTER/And you'd hate to think you were",0.7,NameDatabase@7f63425a
7,7,"CLARICE",SPEAKER_ABOVE_DIALOGUE,"CLARICE/And the questionnaire...?",0.8,NameDatabase@7f63425a
7,7,"DR. LECTER",SPEAKER_ABOVE_DIALOGUE,"DR. LECTER/A census taker once tried to test",0.7,NameDatabase@7f63425a
7,7,"CLARICE",SPEAKER_ABOVE_DIALOGUE,"CLARICE/is spattered on the face and neck - not with blood, but with",0.8,NameDatabase@7f63425a
7,7,"DR. LECTER",SPEAKER_ABOVE_DIALOGUE,"DR. LECTER/Who's shivering with rage. For an instant his face opens,",0.7,NameDatabase@7f63425a
7,7,"DR. LECTER",SPEAKER_ABOVE_DIALOGUE,"DR. LECTER/I would not have had that happen to",0.7,NameDatabase@7f63425a
7,7,"CLARICE",SPEAKER_ABOVE_DIALOGUE,"CLARICE/Then please - do this test for me.",0.8,NameDatabase@7f63425a
7,7,"DR. LECTER",SPEAKER_ABOVE_DIALOGUE,"DR. LECTER/No. But I will make you happy...",0.7,NameDatabase@7f63425a
7,7,"CLARICE",SPEAKER_ABOVE_DIALOGUE,"CLARICE/What's that, Dr. Lecter?",0.8,NameDatabase@7f63425a
7,7,"DR. LECTER",SPEAKER_ABOVE_DIALOGUE,"DR. LECTER/Advancement, of course.",0.7,NameDatabase@7f63425a
7,7,"Hannibal Lecter",NAMEFINDER_ME,"with you ? Dr . Hannibal Lecter is lounging on his bunk",1.0,NameDatabase@7f63425a
7,7,"Jack Crawford",NAMEFINDER_ME,"You ' re one of Jack Crawford ' s , I expect",1.0,NameDatabase@7f63425a
7,7,"Closer",NAMEFINDER_ME,"He smiles , soothingly . Closer , please ... Clo -",0.6696138937607392,NameDatabase@7f63425a
7,7,"Lecter",NAMEFINDER_ME,"her fear . Dr . Lecter ' s nostrils lift ,",1.0,NameDatabase@7f63425a
7,7,"Jack Crawford",NAMEFINDER_ME,"training at the Academy . Jack Crawford sent a trainee to me",1.0,NameDatabase@7f63425a
7,7,"Doctor",NAMEFINDER_ME,"re talking about psychology , Doctor , not the Bureau .",0.8607513690413899,NameDatabase@7f63425a
7,7,"Starling",NAMEFINDER_ME,"... ? Memory , Officer Starling , is what I have",0.664582457926793,NameDatabase@7f63425a
7,7,"Lecter",NAMEFINDER_ME,"her case . Dr . Lecter , if you ' d",1.0,NameDatabase@7f63425a
7,7,"Did Crawford",NAMEFINDER_ME,"Such a naughty boy ! Did Crawford send you to ask for",1.0,NameDatabase@7f63425a
7,7,"Lecter",NAMEFINDER_ME,"behind her , Dr . Lecter calls out , very agitated",1.0,NameDatabase@7f63425a
7,7,"Lecter",NAMEFINDER_ME,"s that , Dr . Lecter ? Advancement , of course",0.8214684872345266,NameDatabase@7f63425a
8,8,"THE YOUNG CLARICE",SPEAKER_ABOVE_DIALOGUE,"THE YOUNG CLARICE/rushes into them, and he sweeps her up in a hug, spinning",1.0,NameDatabase@7f63425a
8,8,"THE ADULT CLARICE",SPEAKER_ABOVE_DIALOGUE,"THE ADULT CLARICE/alone in the parking lot, sagging against her car. Her face",0.7,NameDatabase@7f63425a
8,8,"THE GIRL",PERSON_NOUN,"MOVING ANGLE - THE GIRL'S POV",0.7,null
10,10,"ARDELIA",SPEAKER_ABOVE_DIALOGUE,"ARDELIA/Phone call, Clarice. It's God.",0.8,NameDatabase@7f63425a
10,10,"CLARICE",SPEAKER_ABOVE_DIALOGUE,"CLARICE/Thanks, Ardelia.",0.8,NameDatabase@7f63425a
10,10,"ARDELIA",SPEAKER_ABOVE_DIALOGUE,"ARDELIA/You missed Fourth Amendment law.",0.8,NameDatabase@7f63425a
10,10,"CLARICE",SPEAKER_ABOVE_DIALOGUE,"CLARICE/Pleading with a crazy man, with come",0.8,NameDatabase@7f63425a
10,10,"ARDELIA",SPEAKER_ABOVE_DIALOGUE,"ARDELIA/Damn. Wish I had time for a social",0.8,NameDatabase@7f63425a
10,10,"CLARICE",SPEAKER_ABOVE_DIALOGUE,"CLARICE/(on phone)",0.8,NameDatabase@7f63425a
10,10,"Lecter",NAMEFINDER_ME,"grainy newsphoto of Dr . Lecter , scrawling past , with",1.0,NameDatabase@7f63425a
10,10,"Crawford",NAMEFINDER_ME,"on phone ) Mr . Crawford ? CUT TO :",1.0,NameDatabase@7f63425a
11,11,"CRAWFORD",SPEAKER_ABOVE_DIALOGUE,"CRAWFORD/I've read your interim memo on Lecter.",0.7,NameDatabase@7f63425a
11,11,"CLARICE",SPEAKER_ABOVE_DIALOGUE,"CLARICE/It's all there, sir, practically",0.8,NameDatabase@7f63425a
11,11,"CRAWFORD",SPEAKER_ABOVE_DIALOGUE,"CRAWFORD/Every word, Starling? Every gesture?",0.7,NameDatabase@7f63425a
11,11,"CLARICE",SPEAKER_ABOVE_DIALOGUE,"CLARICE/(a bit heatedly)",0.8,NameDatabase@7f63425a
11,11,"CRAWFORD",SPEAKER_ABOVE_DIALOGUE,"CRAWFORD/He mentioned a name, at the very",0.7,NameDatabase@7f63425a
11,11,"CLARICE",SPEAKER_ABOVE_DIALOGUE,"CLARICE/I spent all evening on the mainframe.",0.8,NameDatabase@7f63425a
11,11,"CRAWFORD",SPEAKER_ABOVE_DIALOGUE,"CRAWFORD/Well? Why aren't you there right",0.7,NameDatabase@7f63425a
11,11,"CLARICE",SPEAKER_ABOVE_DIALOGUE,"CLARICE/Sir, that's a field job. It's outside",0.8,NameDatabase@7f63425a
11,11,"CRAWFORD",SPEAKER_ABOVE_DIALOGUE,"CRAWFORD/Do you recall my instructions to",0.7,NameDatabase@7f63425a
11,11,"CLARICE",SPEAKER_ABOVE_DIALOGUE,"CLARICE/To complete and file my report by",0.8,NameDatabase@7f63425a
11,11,"CRAWFORD",SPEAKER_ABOVE_DIALOGUE,"CRAWFORD/Then do that, Starling. Do just",0.7,NameDatabase@7f63425a
11,11,"CLARICE",SPEAKER_ABOVE_DIALOGUE,"CLARICE/Sir, what is it? There's something",0.8,NameDatabase@7f63425a
11,11,"CRAWFORD",SPEAKER_ABOVE_DIALOGUE,"CRAWFORD/(beat)",0.7,NameDatabase@7f63425a
11,11,"CLARICE",SPEAKER_ABOVE_DIALOGUE,"CLARICE/(startled, upset)",0.8,NameDatabase@7f63425a
11,11,"CRAWFORD",SPEAKER_ABOVE_DIALOGUE,"CRAWFORD/The orderly heard Lecter whispering",0.7,NameDatabase@7f63425a
11,11,"CLARICE",SPEAKER_ABOVE_DIALOGUE,"CLARICE/I'm here, sir, I just - I don't know",0.8,NameDatabase@7f63425a
11,11,"CRAWFORD",SPEAKER_ABOVE_DIALOGUE,"CRAWFORD/You don't have to feel any way about",0.7,NameDatabase@7f63425a
11,11,"CLARICE",SPEAKER_ABOVE_DIALOGUE,"CLARICE/Well God damn it! You old creep.",0.8,NameDatabase@7f63425a
11,11,"Lecter",NAMEFINDER_ME,"evening on the mainframe . Lecter altered or destroyed most of",0.8524688015919617,NameDatabase@7f63425a
11,11,"Lecter",NAMEFINDER_ME,"facility outside Baltimore , where Lecter had his practice . She",1.0,NameDatabase@7f63425a
11,11,"Lecter",NAMEFINDER_ME,"How ? The orderly heard Lecter whispering to him , all",0.8632398293919468,NameDatabase@7f63425a
11,11,"Lecter",NAMEFINDER_ME,"any way about it . Lecter did it to amuse himself",1.0,NameDatabase@7f63425a
12,12,"CRAWFORD",SPEAKER_ABOVE_DIALOGUE,"CRAWFORD/I'll take over, Patricia. You get",0.7,NameDatabase@7f63425a
12,12,"BELLA CRAWFORD",SPEAKER_ABOVE_DIALOGUE,"BELLA CRAWFORD/who lies in an elevated hospital bed. Nearby are an oxygen",1.0,NameDatabase@7f63425a
12,12,"Crawford",NAMEFINDER_ME,"a clipboard chart , as Crawford enters his tidy bedroom .",0.8925076427839289,NameDatabase@7f63425a
13,13,"Hester Mofet",NAMEFINDER_ME,"the name of "" Miss Hester Mofet . "" CUT TO :",1.0,NameDatabase@7f63425a
14,14,"CLARICE",SPEAKER_ABOVE_DIALOGUE,"CLARICE/So no one's been in here since -",0.8,NameDatabase@7f63425a
14,14,"MR. YOW",SPEAKER_ABOVE_DIALOGUE,"MR. YOW/Not to my knowledge. Privacy is a",0.7,NameDatabase@7f63425a
14,14,"CLARICE",SPEAKER_ABOVE_DIALOGUE,"CLARICE/I won't disturb anything, Mr. Yow, I",0.8,NameDatabase@7f63425a
14,14,"MR. YOW",SPEAKER_ABOVE_DIALOGUE,"MR. YOW/We could return tomorrow, with my",0.7,NameDatabase@7f63425a
14,14,"CLARICE",SPEAKER_ABOVE_DIALOGUE,"CLARICE/Would you hold these, please?",0.8,NameDatabase@7f63425a
14,14,"Yow",NAMEFINDER_ME,"disturb anything , Mr . Yow , I promise . Be",1.0,NameDatabase@7f63425a
14,14,"Yow",NAMEFINDER_ME,"no good . Mr . Yow stoops to help , puffing",1.0,NameDatabase@7f63425a
14,14,"Yow",NAMEFINDER_ME,"her headlights . Mr . Yow blinks in the sudden brightness",1.0,NameDatabase@7f63425a
14,14,"Yow",NAMEFINDER_ME,"the flashlight from Mr . Yow , then lies on the",1.0,NameDatabase@7f63425a
15,15,"MR. YOW",SPEAKER_ABOVE_DIALOGUE,"MR. YOW/It smells like mice... I think I",0.7,NameDatabase@7f63425a
15,15,"MR. YOW",SPEAKER_ABOVE_DIALOGUE,"MR. YOW/You're going in there?",0.7,NameDatabase@7f63425a
15,15,"Yow",NAMEFINDER_ME,"small RUSTLINGS . Mr . Yow ' s chubby face appears",1.0,NameDatabase@7f63425a
16,16,"CLARICE",SPEAKER_ABOVE_DIALOGUE,"CLARICE/Mr. Yow, if this door should fall",0.8,NameDatabase@7f63425a
16,16,"MR. YOW",SPEAKER_ABOVE_DIALOGUE,"MR. YOW/Might I suggest tucking your pants",0.7,NameDatabase@7f63425a
16,16,"CLARICE",SPEAKER_ABOVE_DIALOGUE,"CLARICE/(beat)",0.8,NameDatabase@7f63425a
16,16,"Yow",NAMEFINDER_ME,"appear nonchalant . Mr . Yow , if this door should",1.0,NameDatabase@7f63425a
17,17,"CLARICE",SPEAKER_ABOVE_DIALOGUE,"CLARICE/Okay, Mr. Yow...",0.8,NameDatabase@7f63425a
17,17,"CLARICE",SPEAKER_ABOVE_DIALOGUE,"CLARICE/That wasn't me.",0.8,NameDatabase@7f63425a
17,17,"CLARICE",SPEAKER_ABOVE_DIALOGUE,"CLARICE/peers in through the gap, aiming her flashlight.",0.8,NameDatabase@7f63425a
17,17,"CLARICE",SPEAKER_ABOVE_DIALOGUE,"CLARICE/Mr. Yow? Oh Mr. Yow...? It looks",0.8,NameDatabase@7f63425a
17,17,"CLARICE",SPEAKER_ABOVE_DIALOGUE,"CLARICE/Not yet! - just wait for me.",0.8,NameDatabase@7f63425a
17,17,"CLARICE",SPEAKER_ABOVE_DIALOGUE,"CLARICE/sighs with relief. She takes a couple more FLASHES, then",0.8,NameDatabase@7f63425a
17,17,"CLARICE",SPEAKER_ABOVE_DIALOGUE,"CLARICE/staring at this terrible thing, is pleased to find herself",0.8,NameDatabase@7f63425a
17,17,"CLARICE",SPEAKER_ABOVE_DIALOGUE,"CLARICE/Well, Toto, we're not in Kansas",0.8,NameDatabase@7f63425a
17,17,"Yow",NAMEFINDER_ME,"? Okay , Mr . Yow ... She shines her light",1.0,NameDatabase@7f63425a
17,17,"Yow",NAMEFINDER_ME,"steadies herself . Mr . Yow ? Oh Mr . Yow",1.0,NameDatabase@7f63425a
17,17,"Yow",NAMEFINDER_ME,"Yow ? Oh Mr . Yow ... ? It looks like",1.0,NameDatabase@7f63425a
17,17,"SEVERED HUMAN",PERSON_NOUN,"A SEVERED HUMAN HEAD stares back at her, as the beaded",0.7,null
19,19,"CLARICE",SPEAKER_WITH_VO_OS,"CLARICE (O.S.)/It's an anagram, isn't it, Doctor?",1.0,NameDatabase@7f63425a
19,19,"CLARICE",SPEAKER_ABOVE_DIALOGUE,"CLARICE/Hester Mofet... ""The rest of me.""",0.8,NameDatabase@7f63425a
19,19,"CLARICE",SPEAKER_ABOVE_DIALOGUE,"CLARICE/You put those - things in there.",0.8,NameDatabase@7f63425a
19,19,"CLARICE",SPEAKER_ABOVE_DIALOGUE,"CLARICE/Thank you.",0.8,NameDatabase@7f63425a
19,19,"DR. LECTER",SPEAKER_ABOVE_DIALOGUE,"DR. LECTER/Your bleeding has stopped.",0.7,NameDatabase@7f63425a
19,19,"CLARICE",SPEAKER_ABOVE_DIALOGUE,"CLARICE/How did -",0.8,NameDatabase@7f63425a
19,19,"DR. LECTER",SPEAKER_ABOVE_DIALOGUE,"DR. LECTER/Why don't you ask me about Buffalo",0.7,NameDatabase@7f63425a
19,19,"CLARICE",SPEAKER_ABOVE_DIALOGUE,"CLARICE/(surprised, a beat)",0.8,NameDatabase@7f63425a
19,19,"DR. LECTER",SPEAKER_ABOVE_DIALOGUE,"DR. LECTER/I might if I saw the case file. You",0.7,NameDatabase@7f63425a
19,19,"CLARICE",SPEAKER_ABOVE_DIALOGUE,"CLARICE/Why don't you tell me about ""Miss",0.8,NameDatabase@7f63425a
19,19,"DR. LECTER",SPEAKER_ABOVE_DIALOGUE,"DR. LECTER/(sighs)",0.7,NameDatabase@7f63425a
19,19,"CLARICE",SPEAKER_ABOVE_DIALOGUE,"CLARICE/If you didn't kill him, then who",0.8,NameDatabase@7f63425a
19,19,"DR. LECTER",SPEAKER_ABOVE_DIALOGUE,"DR. LECTER/Who can say...? Best thing for him,",0.7,NameDatabase@7f63425a
19,19,"CLARICE",SPEAKER_ABOVE_DIALOGUE,"CLARICE/Wouldn't it have been easier to just",0.8,NameDatabase@7f63425a
19,19,"DR. LECTER",SPEAKER_ABOVE_DIALOGUE,"DR. LECTER/And have them clomping about in my",0.7,NameDatabase@7f63425a
19,19,"CLARICE",SPEAKER_ABOVE_DIALOGUE,"CLARICE/Scared, at first. Then - exhilarated.",0.8,NameDatabase@7f63425a
19,19,"DR. LECTER",SPEAKER_ABOVE_DIALOGUE,"DR. LECTER/Ahhh... Why?",0.7,NameDatabase@7f63425a
19,19,"CLARICE",SPEAKER_ABOVE_DIALOGUE,"CLARICE/Because you weren't wasting my time.",0.8,NameDatabase@7f63425a
19,19,"DR. LECTER",SPEAKER_ABOVE_DIALOGUE,"DR. LECTER/Do you have something you use, when",0.7,NameDatabase@7f63425a
19,19,"CLARICE",SPEAKER_ABOVE_DIALOGUE,"CLARICE/I don't know. Next time I'll have to",0.8,NameDatabase@7f63425a
19,19,"DR. LECTER",SPEAKER_ABOVE_DIALOGUE,"DR. LECTER/Jack Crawford is helping your career,",0.7,NameDatabase@7f63425a
19,19,"CLARICE",SPEAKER_ABOVE_DIALOGUE,"CLARICE/I never thought about it.",0.8,NameDatabase@7f63425a
19,19,"DR. LECTER",SPEAKER_ABOVE_DIALOGUE,"DR. LECTER/Your first lie to me, Clarice. How",0.7,NameDatabase@7f63425a
19,19,"CLARICE",SPEAKER_ABOVE_DIALOGUE,"CLARICE/That doesn't interest me, Doctor.",0.8,NameDatabase@7f63425a
19,19,"DR. LECTER",SPEAKER_ABOVE_DIALOGUE,"DR. LECTER/Not anymore.",0.7,NameDatabase@7f63425a
19,19,"CLARICE",SPEAKER_ABOVE_DIALOGUE,"CLARICE/I don't know. Is it?",0.8,NameDatabase@7f63425a
19,19,"DR. LECTER",SPEAKER_ABOVE_DIALOGUE,"DR. LECTER/Or doesn't this all begin to suggest",0.7,NameDatabase@7f63425a
19,19,"DR. LECTER",SPEAKER_ABOVE_DIALOGUE,"DR. LECTER/Punishment, you see. For Miggs. Just",0.7,NameDatabase@7f63425a
19,19,"CLARICE",SPEAKER_ABOVE_DIALOGUE,"CLARICE/Who killed Raspail, Doctor...? You",0.8,NameDatabase@7f63425a
19,19,"DR. LECTER",SPEAKER_ABOVE_DIALOGUE,"DR. LECTER/I've been in this room for eight",0.7,NameDatabase@7f63425a
19,19,"CLARICE",SPEAKER_ABOVE_DIALOGUE,"CLARICE/(almost a whisper)",0.8,NameDatabase@7f63425a
19,19,"DR. LECTER",SPEAKER_ABOVE_DIALOGUE,"DR. LECTER/Oh, a very naughty boy. Someone you",0.7,NameDatabase@7f63425a
19,19,"CLARICE",SPEAKER_ABOVE_DIALOGUE,"CLARICE/Buffalo Bill...?",0.8,NameDatabase@7f63425a
19,19,"DR. LECTER",SPEAKER_ABOVE_DIALOGUE,"DR. LECTER/Who is he stalking right now, Clarice?",0.7,NameDatabase@7f63425a
19,19,"Lecter",NAMEFINDER_ME,"stationed so that Dr . Lecter cannot avoid seeing it .",1.0,NameDatabase@7f63425a
19,19,"Lecter",NAMEFINDER_ME,"... Why , Dr . Lecter ? The food carrier suddenly",1.0,NameDatabase@7f63425a
19,19,"Mofet",NAMEFINDER_ME,"tell me about "" Miss Mofet ? "" You wanted me",0.7066751161628401,NameDatabase@7f63425a
19,19,"Benjamin Raspail",NAMEFINDER_ME,") His real name is Benjamin Raspail . A former patient of",1.0,NameDatabase@7f63425a
19,19,"Jack Crawford",NAMEFINDER_ME,"ll have to check . Jack Crawford is helping your career ,",1.0,NameDatabase@7f63425a
19,19,"Lecter",NAMEFINDER_ME,"deal directly . Dr . Lecter slowly turns up the rheostat",1.0,NameDatabase@7f63425a
19,19,"Jack Crawford",NAMEFINDER_ME,"boy . Someone you and Jack Crawford are most anxious to meet",1.0,NameDatabase@7f63425a
19,19,"Bill",NAMEFINDER_ME,"... ? ( incredulous ) Bill killed him , all those",1.0,NameDatabase@7f63425a
19,19,"Lecter",NAMEFINDER_ME,"impossible . But Dr . Lecter only smiles , enigmatically .",1.0,NameDatabase@7f63425a
20,20,"CATHERINE",SPEAKER_ABOVE_DIALOGUE,"CATHERINE/This stuff's givin' me the munchies.",1.0,NameDatabase@7f63425a
20,20,"CODY",SPEAKER_ABOVE_DIALOGUE,"CODY/Shit. Left the groceries in the car.",1.0,NameDatabase@7f63425a
20,20,"CATHERINE",SPEAKER_ABOVE_DIALOGUE,"CATHERINE/'S okay, I'll go.",1.0,NameDatabase@7f63425a
21,21,"CATHERINE",SPEAKER_ABOVE_DIALOGUE,"CATHERINE/Help you with that?",1.0,NameDatabase@7f63425a
21,21,"MAN",SPEAKER_ABOVE_DIALOGUE,"MAN/Would you? Thanks.",1.0,NameDatabase@7f63425a
21,21,"MAN",SPEAKER_WITH_VO_OS,"MAN (O.S.)/Let's slide it up, you mind?",1.0,NameDatabase@7f63425a
21,21,"Catherine",NAMEFINDER_ME,"Catherine straightens , with her bag",1.0,NameDatabase@7f63425a
21,21,"Catherine",NAMEFINDER_ME,"lights make yellow pools . Catherine hesitates , then crosses towards",1.0,NameDatabase@7f63425a
21,21,"MAN",PERSON_NOUN,"MAN (O.S.)",0.7,null
22,22,"MAN",SPEAKER_ABOVE_DIALOGUE,"MAN/Are you about a size 14?",1.0,NameDatabase@7f63425a
22,22,"CATHERINE",SPEAKER_ABOVE_DIALOGUE,"CATHERINE/(surprised)",1.0,NameDatabase@7f63425a
22,22,"MAN",SPEAKER_ABOVE_DIALOGUE,"MAN/Good.",1.0,NameDatabase@7f63425a
22,22,"MAN",SPEAKER_ABOVE_DIALOGUE,"MAN/Good.",1.0,NameDatabase@7f63425a
22,22,"MAN",SPEAKER_ABOVE_DIALOGUE,"MAN/Gooood...",1.0,NameDatabase@7f63425a
23,23,"Catherine",NAMEFINDER_ME,"ANGLE - CLOSE - on Catherine ' s grocery bag ,",1.0,NameDatabase@7f63425a
24,24,"INSTRUCTOR",SPEAKER_WITH_VO_OS,"INSTRUCTOR (O.S.)/Electron microscopy reveals fiber",0.7,NameDatabase@7f63425a
24,24,"INSTRUCTOR",SPEAKER_WITH_VO_OS,"INSTRUCTOR (O.S.)/Both of these blouses were worn by",0.7,NameDatabase@7f63425a
24,24,"INSTRUCTOR",SPEAKER_WITH_VO_OS,"INSTRUCTOR (O.S.)/The bunching you see - this",0.7,NameDatabase@7f63425a
24,24,"BRIGHAM",SPEAKER_ABOVE_DIALOGUE,"BRIGHAM/Clarice Starling! Are you in here?",0.7,NameDatabase@7f63425a
24,24,"John Brigham",NAMEFINDER_ME,"the same pair ... as John Brigham , the gunnery instructor ,",1.0,NameDatabase@7f63425a
25,25,"BRIGHAM",SPEAKER_ABOVE_DIALOGUE,"BRIGHAM/Get your field gear, take stuff for",0.7,NameDatabase@7f63425a
25,25,"CLARICE",SPEAKER_ABOVE_DIALOGUE,"CLARICE/Where?",0.8,NameDatabase@7f63425a
25,25,"BRIGHAM",SPEAKER_ABOVE_DIALOGUE,"BRIGHAM/Some fishermen in West Virginia found",0.7,NameDatabase@7f63425a
25,25,"CLARICE",SPEAKER_ABOVE_DIALOGUE,"CLARICE/(thinking quickly)",0.8,NameDatabase@7f63425a
25,25,"Jack",NAMEFINDER_ME,"about a week , and Jack needs somebody that can print",1.0,NameDatabase@7f63425a
26,26,"BRIGHAM",SPEAKER_ABOVE_DIALOGUE,"BRIGHAM/Jack's pretty tough on you, isn't",0.7,NameDatabase@7f63425a
26,26,"CLARICE",SPEAKER_ABOVE_DIALOGUE,"CLARICE/Sometimes.",0.8,NameDatabase@7f63425a
26,26,"BRIGHAM",SPEAKER_ABOVE_DIALOGUE,"BRIGHAM/He's got a lot on his mind besides",0.7,NameDatabase@7f63425a
26,26,"BRIGHAM",SPEAKER_ABOVE_DIALOGUE,"BRIGHAM/You're goin' in the field, so you",0.7,NameDatabase@7f63425a
26,26,"BRIGHAM",SPEAKER_ABOVE_DIALOGUE,"BRIGHAM/Wear it, don't ever leave it in your",0.7,NameDatabase@7f63425a
26,26,"CLARICE",SPEAKER_ABOVE_DIALOGUE,"CLARICE/I will... I promise.",0.8,NameDatabase@7f63425a
26,26,"BRIGHAM",SPEAKER_ABOVE_DIALOGUE,"BRIGHAM/Listen, I hope you never need a thing",0.7,NameDatabase@7f63425a
26,26,"BRIGHAM",SPEAKER_ABOVE_DIALOGUE,"BRIGHAM/Bless you, Starling...",0.7,NameDatabase@7f63425a
26,26,"Jack",NAMEFINDER_ME,"and a weekend bag . Jack ' s pretty tough on",1.0,NameDatabase@7f63425a
26,26,"Bella",NAMEFINDER_ME,"Bill ... His wife , Bella , is real sick .",1.0,NameDatabase@7f63425a
26,26,"Jack",NAMEFINDER_ME,"' ve got something ... Jack sees it , I do",1.0,NameDatabase@7f63425a
27,27,"CRAWFORD",SPEAKER_WITH_VO_OS,"CRAWFORD (O.S.)/He keeps them alive for three days.",1.0,NameDatabase@7f63425a
27,27,"CRAWFORD",SPEAKER_ABOVE_DIALOGUE,"CRAWFORD/Why, we don't yet know... There's no",0.7,NameDatabase@7f63425a
27,27,"CRAWFORD",SPEAKER_ABOVE_DIALOGUE,"CRAWFORD/So. Three days. Then he shoots them,",0.7,NameDatabase@7f63425a
27,27,"CRAWFORD",SPEAKER_WITH_VO_OS,"CRAWFORD (O.S.)/A big girl, like all the rest. Went",1.0,NameDatabase@7f63425a
27,27,"CRAWFORD",SPEAKER_ABOVE_DIALOGUE,"CRAWFORD/Blue square for Belvedere, Ohio,",0.7,NameDatabase@7f63425a
27,27,"CLARICE",SPEAKER_ABOVE_DIALOGUE,"CLARICE/There's no correlation at all between",0.8,NameDatabase@7f63425a
27,27,"CRAWFORD",SPEAKER_ABOVE_DIALOGUE,"CRAWFORD/Good idea, but he thought of it,",0.7,NameDatabase@7f63425a
27,27,"The",NAMEFINDER_ME,"folder in her lap . The cover reads "" Case File",1.0,NameDatabase@7f63425a
27,27,"Bobby",NAMEFINDER_ME,", are you hot ? Bobby , it ' s too",1.0,NameDatabase@7f63425a
28,28,"CRAWFORD",SPEAKER_ABOVE_DIALOGUE,"CRAWFORD/Talk about him, Starling. Tell me",0.7,NameDatabase@7f63425a
28,28,"CLARICE",SPEAKER_ABOVE_DIALOGUE,"CLARICE/(choosing her words",0.8,NameDatabase@7f63425a
28,28,"CRAWFORD",SPEAKER_ABOVE_DIALOGUE,"CRAWFORD/Why?",0.7,NameDatabase@7f63425a
28,28,"CLARICE",SPEAKER_ABOVE_DIALOGUE,"CLARICE/What he does with them - takes",0.8,NameDatabase@7f63425a
28,28,"CRAWFORD",SPEAKER_ABOVE_DIALOGUE,"CRAWFORD/Why not?",0.7,NameDatabase@7f63425a
28,28,"CLARICE",SPEAKER_ABOVE_DIALOGUE,"CLARICE/He's got a real taste for it now.",0.8,NameDatabase@7f63425a
28,28,"CRAWFORD",SPEAKER_ABOVE_DIALOGUE,"CRAWFORD/(a beat; impressed)",0.7,NameDatabase@7f63425a
28,28,"CLARICE",SPEAKER_ABOVE_DIALOGUE,"CLARICE/(quietly, evenly)",0.8,NameDatabase@7f63425a
28,28,"CRAWFORD",SPEAKER_ABOVE_DIALOGUE,"CRAWFORD/Okay, Starling. Let's have it.",0.7,NameDatabase@7f63425a
28,28,"CLARICE",SPEAKER_ABOVE_DIALOGUE,"CLARICE/You haven't said a word today about",0.8,NameDatabase@7f63425a
28,28,"CRAWFORD",SPEAKER_ABOVE_DIALOGUE,"CRAWFORD/What should I say? You did fine work.",0.7,NameDatabase@7f63425a
28,28,"CLARICE",SPEAKER_ABOVE_DIALOGUE,"CLARICE/You knew. You knew from the start",0.8,NameDatabase@7f63425a
28,28,"CRAWFORD",SPEAKER_ABOVE_DIALOGUE,"CRAWFORD/(beat)",0.7,NameDatabase@7f63425a
28,28,"CLARICE",SPEAKER_ABOVE_DIALOGUE,"CLARICE/He starts this - buzzing in me, in",0.8,NameDatabase@7f63425a
28,28,"CRAWFORD",SPEAKER_ABOVE_DIALOGUE,"CRAWFORD/Number One. Maybe there's a",0.7,NameDatabase@7f63425a
28,28,"CRAWFORD",SPEAKER_ABOVE_DIALOGUE,"CRAWFORD/Number Three, I didn't bring you",0.7,NameDatabase@7f63425a
28,28,"CRAWFORD",SPEAKER_ABOVE_DIALOGUE,"CRAWFORD/(softly)",0.7,NameDatabase@7f63425a
28,28,"CRAWFORD",SPEAKER_ABOVE_DIALOGUE,"CRAWFORD/School's out, Starling.",0.7,NameDatabase@7f63425a
28,28,"Lecter",NAMEFINDER_ME,"knack "" for Dr . Lecter ? He studies her a",1.0,NameDatabase@7f63425a
28,28,"Lecter",NAMEFINDER_ME,"knew from the start that Lecter held the key to this",1.0,NameDatabase@7f63425a
28,28,"Crawford",NAMEFINDER_ME,"used me , Mr . Crawford . A shadow of regret",0.8181432073600989,NameDatabase@7f63425a
28,28,"Potter Funeral Home",NAMEFINDER_ME,". Its sign reads "" Potter Funeral Home . "" Two troopers climb",1.0,NameDatabase@7f63425a
28,28,"Crawford",NAMEFINDER_ME,"Crawford ' s window . Crawford nods to him , then",0.7583764045246868,NameDatabase@7f63425a
29,29,"CRAWFORD",SPEAKER_WITH_VO_OS,"CRAWFORD (V.O.)/Starling...?",1.0,NameDatabase@7f63425a
29,29,"CRAWFORD",SPEAKER_ABOVE_DIALOGUE,"CRAWFORD/We're around back.",0.7,NameDatabase@7f63425a
29,29,"OLD CLARICE",PERSON_ADJ,"THE SAD, 10 YEAR-OLD CLARICE",0.7,null
30,30,"CRAWFORD",SPEAKER_ABOVE_DIALOGUE,"CRAWFORD/Sheriff Perkins? Jack Crawford, FBI...",0.7,NameDatabase@7f63425a
30,30,"SHERIFF",SPEAKER_ABOVE_DIALOGUE,"SHERIFF/(grim, unsociable)",0.7,NameDatabase@7f63425a
30,30,"CRAWFORD",SPEAKER_ABOVE_DIALOGUE,"CRAWFORD/Well sir, that's where we can help.",0.7,NameDatabase@7f63425a
30,30,"SHERIFF",SPEAKER_ABOVE_DIALOGUE,"SHERIFF/I don't even know you, Mister... Now",0.7,NameDatabase@7f63425a
30,30,"CRAWFORD",SPEAKER_ABOVE_DIALOGUE,"CRAWFORD/Sheriff, this, ah - this type of sex",0.7,NameDatabase@7f63425a
30,30,"CLARICE",SPEAKER_ABOVE_DIALOGUE,"CLARICE/burning at this slight, is left alone with the troopers, who",0.8,NameDatabase@7f63425a
30,30,"SHERIFF",SPEAKER_ABOVE_DIALOGUE,"SHERIFF/Oscar, run fetch Dr. Akin from the",0.7,NameDatabase@7f63425a
30,30,"Sheriff Perkins",NAMEFINDER_ME,"hands with the sheriff . Sheriff Perkins ? Jack Crawford , FBI",1.0,NameDatabase@7f63425a
30,30,"Jack Crawford",NAMEFINDER_ME,"sheriff . Sheriff Perkins ? Jack Crawford , FBI ... This is",1.0,NameDatabase@7f63425a
30,30,"Oscar",NAMEFINDER_ME,", addresses his deputy . Oscar , run fetch Dr .",1.0,NameDatabase@7f63425a
30,30,"Akin",NAMEFINDER_ME,", run fetch Dr . Akin from the chapel . And",0.9505473766278587,NameDatabase@7f63425a
31,31,"CRAWFORD",SPEAKER_ABOVE_DIALOGUE,"CRAWFORD/I need a six-way linkup! Chicago,",0.7,NameDatabase@7f63425a
31,31,"CLARICE",SPEAKER_ABOVE_DIALOGUE,"CLARICE/is pulling on a pair of surgical gloves. She raises her voice,",0.8,NameDatabase@7f63425a
31,31,"CLARICE",SPEAKER_ABOVE_DIALOGUE,"CLARICE/Gentlemen. You officers and gentlemen!",0.8,NameDatabase@7f63425a
31,31,"CLARICE",SPEAKER_WITH_VO_OS,"CLARICE (O.S.)/Y'all brought her this far, and I",1.0,NameDatabase@7f63425a
31,31,"FAVORING CRAWFORD",SPEAKER_ABOVE_DIALOGUE,"FAVORING CRAWFORD/as he looks at Clarice with a new degree of respect. Men",0.7,NameDatabase@7f63425a
31,31,"CRAWFORD",SPEAKER_ABOVE_DIALOGUE,"CRAWFORD/(on phone)",0.7,NameDatabase@7f63425a
31,31,"CLARICE",SPEAKER_ABOVE_DIALOGUE,"CLARICE/at a side counter, has turned back to her open fingerprint",0.8,NameDatabase@7f63425a
31,31,"CLARICE",SPEAKER_ABOVE_DIALOGUE,"CLARICE/(pause; softly)",0.8,NameDatabase@7f63425a
31,31,"DR. AKIN",SPEAKER_ABOVE_DIALOGUE,"DR. AKIN/Wrongful death... She'll have to go",0.7,NameDatabase@7f63425a
31,31,"CRAWFORD",SPEAKER_ABOVE_DIALOGUE,"CRAWFORD/What do you see, Starling?",0.7,NameDatabase@7f63425a
31,31,"CLARICE",SPEAKER_ABOVE_DIALOGUE,"CLARICE/Well, she's not local. Her ears are",0.8,NameDatabase@7f63425a
31,31,"CLARICE",SPEAKER_WITH_VO_OS,"CLARICE (O.S.)/She waxed her legs, I think... A big",1.0,NameDatabase@7f63425a
31,31,"CLARICE",SPEAKER_ABOVE_DIALOGUE,"CLARICE/Two of the fingernails are broken",0.8,NameDatabase@7f63425a
31,31,"LAMAR",SPEAKER_ABOVE_DIALOGUE,"LAMAR/Them fishhooks are set too close",1.0,NameDatabase@7f63425a
31,31,"CLARICE",SPEAKER_ABOVE_DIALOGUE,"CLARICE/Think they were runnin' a trotline?",0.8,NameDatabase@7f63425a
31,31,"CLARICE",SPEAKER_ABOVE_DIALOGUE,"CLARICE/(to Crawford)",0.8,NameDatabase@7f63425a
31,31,"LAMAR",SPEAKER_ABOVE_DIALOGUE,"LAMAR/Right... Are you from around here?",1.0,NameDatabase@7f63425a
31,31,"CLARICE",SPEAKER_ABOVE_DIALOGUE,"CLARICE/They do it lots of places.",0.8,NameDatabase@7f63425a
31,31,"CRAWFORD",SPEAKER_ABOVE_DIALOGUE,"CRAWFORD/Get photos of her teeth. Then we'll",0.7,NameDatabase@7f63425a
31,31,"CLARICE",SPEAKER_ABOVE_DIALOGUE,"CLARICE/She's got something in her throat.",0.8,NameDatabase@7f63425a
31,31,"LAMAR",SPEAKER_ABOVE_DIALOGUE,"LAMAR/When a body comes out of the water,",1.0,NameDatabase@7f63425a
31,31,"CRAWFORD",SPEAKER_ABOVE_DIALOGUE,"CRAWFORD/What is it - some kind of seed pod?",0.7,NameDatabase@7f63425a
31,31,"LAMAR",SPEAKER_ABOVE_DIALOGUE,"LAMAR/Nawsir, that's a bug cocoon. But how",1.0,NameDatabase@7f63425a
31,31,"CRAWFORD",SPEAKER_ABOVE_DIALOGUE,"CRAWFORD/She'll be easier to print if we turn",0.7,NameDatabase@7f63425a
31,31,"LAMAR",SPEAKER_ABOVE_DIALOGUE,"LAMAR/Yessir, I will. Clarice takes a jar",1.0,NameDatabase@7f63425a
31,31,"CRAWFORD",SPEAKER_WITH_VO_OS,"CRAWFORD (O.S.)/Starling - what do you make of these?",1.0,NameDatabase@7f63425a
31,31,"CLARICE",SPEAKER_ABOVE_DIALOGUE,"CLARICE/I don't know. I didn't see those on",0.8,NameDatabase@7f63425a
31,31,"CRAWFORD",SPEAKER_ABOVE_DIALOGUE,"CRAWFORD/They weren't there. Get close-ups.",0.7,NameDatabase@7f63425a
31,31,"Akin",NAMEFINDER_ME,"BENEATH TABLE as Dr . Akin gently lifts aside one of",1.0,NameDatabase@7f63425a
31,31,"DEAD GIRL",PERSON_NOUN,"SIDE ANGLE - CLOSE ON THE DEAD GIRL'S FACE",0.7,null
32,32,"CLARICE",SPEAKER_ABOVE_DIALOGUE,"CLARICE/Thanks, I'm not thirsty.",0.8,NameDatabase@7f63425a
32,32,"LAMAR",SPEAKER_ABOVE_DIALOGUE,"LAMAR/No, hold it under your chin, there,",1.0,NameDatabase@7f63425a
32,32,"CRAWFORD",SPEAKER_ABOVE_DIALOGUE,"CRAWFORD/When I told that sheriff we shouldn't",0.7,NameDatabase@7f63425a
32,32,"CLARICE",SPEAKER_ABOVE_DIALOGUE,"CLARICE/It matters, Mr. Crawford... Other",0.8,NameDatabase@7f63425a
32,32,"CRAWFORD",SPEAKER_ABOVE_DIALOGUE,"CRAWFORD/(beat)",0.7,NameDatabase@7f63425a
32,32,"CRAWFORD",SPEAKER_ABOVE_DIALOGUE,"CRAWFORD/When we get back, I want you to run",0.7,NameDatabase@7f63425a
32,32,"CLARICE",SPEAKER_ABOVE_DIALOGUE,"CLARICE/I'm wondering if he's done that before -",0.8,NameDatabase@7f63425a
32,32,"CRAWFORD",SPEAKER_ABOVE_DIALOGUE,"CRAWFORD/(shakes his head)",0.7,NameDatabase@7f63425a
32,32,"CLARICE",SPEAKER_ABOVE_DIALOGUE,"CLARICE/Then have the lab check Raspail's",0.8,NameDatabase@7f63425a
32,32,"CRAWFORD",SPEAKER_ABOVE_DIALOGUE,"CRAWFORD/You seem pretty sure of that.",0.7,NameDatabase@7f63425a
32,32,"CLARICE",SPEAKER_ABOVE_DIALOGUE,"CLARICE/Raspail was killed by the same man",0.8,NameDatabase@7f63425a
32,32,"CRAWFORD",SPEAKER_ABOVE_DIALOGUE,"CRAWFORD/Before we caught him, Lecter had a",0.7,NameDatabase@7f63425a
32,32,"Lecter",NAMEFINDER_ME,"at her ) Dr . Lecter ' s patient - have",1.0,NameDatabase@7f63425a
33,33,"MR. GUMB",SPEAKER_ABOVE_DIALOGUE,"MR. GUMB/(softly)",0.7,NameDatabase@7f63425a
33,33,"CATHERINE MARTIN",SPEAKER_ABOVE_DIALOGUE,"CATHERINE MARTIN/looks up at him. She is standing on the cement bottom of the",1.0,NameDatabase@7f63425a
33,33,"CATHERINE",SPEAKER_ABOVE_DIALOGUE,"CATHERINE/Mister... my family will pay cash.",1.0,NameDatabase@7f63425a
33,33,"MR. GUMB",SPEAKER_ABOVE_DIALOGUE,"MR. GUMB/Rub it in! Or you'll get the hose",0.7,NameDatabase@7f63425a
33,33,"MR. GUMB",SPEAKER_ABOVE_DIALOGUE,"MR. GUMB/Yes, it will, Precious, won't it? It",0.7,NameDatabase@7f63425a
33,33,"CATHERINE",SPEAKER_ABOVE_DIALOGUE,"CATHERINE/(under her breath)",1.0,NameDatabase@7f63425a
33,33,"CATHERINE",SPEAKER_ABOVE_DIALOGUE,"CATHERINE/Mister, if you let me go, I won't",1.0,NameDatabase@7f63425a
33,33,"CATHERINE",SPEAKER_ABOVE_DIALOGUE,"CATHERINE/Is that all...? See - see, my mom is",1.0,NameDatabase@7f63425a
33,33,"MR. GUMB",SPEAKER_ABOVE_DIALOGUE,"MR. GUMB/Put the bottle in the basket. No",0.7,NameDatabase@7f63425a
33,33,"BLOODY FINGER TRACKS",SPEAKER_ABOVE_DIALOGUE,"BLOODY FINGER TRACKS/dried now, brownish - left by many pairs of frenzied hands...",0.7,NameDatabase@7f63425a
33,33,"Whatever",NAMEFINDER_ME,"family will pay cash . Whatever ransom you ' re askin",0.9593236707222953,NameDatabase@7f63425a
33,33,"The",NAMEFINDER_ME,"get the hose again . The little dog squirms in his",1.0,NameDatabase@7f63425a
33,33,"Catherine",NAMEFINDER_ME,"- AT PIT BOTTOM as Catherine kneels , turning slightly away",1.0,NameDatabase@7f63425a
33,33,"MR. GUMB",PERSON_INTRO,"arms, stroking it. This is MR. GUMB, aka ""Buffalo Bill.""",0.7,null
34,34,"ARDELIA",SPEAKER_ABOVE_DIALOGUE,"ARDELIA/You better come see this.",0.8,NameDatabase@7f63425a
34,34,"Ardelia",NAMEFINDER_ME,"a thick law book . Ardelia sticks her head in the",1.0,NameDatabase@7f63425a
35,35,"TV ANCHOR",SPEAKER_ABOVE_DIALOGUE,"TV ANCHOR/Memphis Police sources indicate that",0.7,NameDatabase@7f63425a
35,35,"CLARICE",SPEAKER_ABOVE_DIALOGUE,"CLARICE/looks at Ardelia, surprised. Other trainees are drifting",0.8,NameDatabase@7f63425a
35,35,"TV ANCHOR",SPEAKER_ABOVE_DIALOGUE,"TV ANCHOR/...to its highest levels, the",0.7,NameDatabase@7f63425a
35,35,"SEN. MARTIN",SPEAKER_ABOVE_DIALOGUE,"SEN. MARTIN/I'm speaking now to the person who",0.7,NameDatabase@7f63425a
35,35,"CLARICE",SPEAKER_ABOVE_DIALOGUE,"CLARICE/(whispers)",0.8,NameDatabase@7f63425a
35,35,"ARDELIA",SPEAKER_ABOVE_DIALOGUE,"ARDELIA/Why does she keep repeating the name?",0.8,NameDatabase@7f63425a
35,35,"CLARICE",SPEAKER_ABOVE_DIALOGUE,"CLARICE/Somebody's coaching her... They're",0.8,NameDatabase@7f63425a
35,35,"SEN. MARTIN",SPEAKER_ABOVE_DIALOGUE,"SEN. MARTIN/You have a chance to show the whole",0.7,NameDatabase@7f63425a
35,35,"ARDELIA",SPEAKER_ABOVE_DIALOGUE,"ARDELIA/I don't know whether to say ""I'm",0.8,NameDatabase@7f63425a
35,35,"Catherine Martin",NAMEFINDER_ME,"filled with a photo of Catherine Martin . ... was listed at",1.0,NameDatabase@7f63425a
35,35,"Young",NAMEFINDER_ME,"of grim calling card . Young Catherine Martin , as we",1.0,NameDatabase@7f63425a
35,35,"Catherine Martin",NAMEFINDER_ME,"grim calling card . Young Catherine Martin , as we ' ve",1.0,NameDatabase@7f63425a
35,35,"Ruth Martin",NAMEFINDER_ME,"U . S . Senator Ruth Martin - looks at Ardelia ,",1.0,NameDatabase@7f63425a
35,35,"Martin",NAMEFINDER_ME,"Just moments ago , Senator Martin made this dramatic personal plea",1.0,NameDatabase@7f63425a
35,35,"Catherine",NAMEFINDER_ME,"see . Her name is Catherine ... Clarice is moved by",1.0,NameDatabase@7f63425a
35,35,"Catherine",NAMEFINDER_ME,"trying to make him see Catherine as a person - not",1.0,NameDatabase@7f63425a
35,35,"Catherine",NAMEFINDER_ME,"beg you - release my Catherine ... as we see (",1.0,NameDatabase@7f63425a
35,35,"Catherine",NAMEFINDER_ME,"taped - off section of Catherine ' s parking lot .",1.0,NameDatabase@7f63425a
35,35,"Jack Crawford",NAMEFINDER_ME,"STILL TV FOOTAGE ) as Jack Crawford is seen striding towards the",1.0,NameDatabase@7f63425a
35,35,"Catherine",NAMEFINDER_ME,"towards the front door of Catherine ' s apartment , followed",1.0,NameDatabase@7f63425a
35,35,"Burroughs",NAMEFINDER_ME,"s apartment , followed by Burroughs and other agents . One",0.9939836493585679,NameDatabase@7f63425a
36,36,"CRAWFORD",SPEAKER_ABOVE_DIALOGUE,"CRAWFORD/I don't think he knew that she's a",0.7,NameDatabase@7f63425a
37,37,"CRAWFORD",SPEAKER_WITH_VO_OS,"CRAWFORD (V.O.)/By now, Bill's had her for 36 hours.",1.0,NameDatabase@7f63425a
37,37,"Bill",NAMEFINDER_ME,"fangs . By now , Bill ' s had her for",1.0,NameDatabase@7f63425a
38,38,"RODEN",SPEAKER_WITH_VO_OS,"RODEN (V.O.)/Time, Pilch! My move.",1.0,NameDatabase@7f63425a
38,38,"PILCHER",SPEAKER_WITH_VO_OS,"PILCHER (V.O.)/No fair! You lured him with produce.",1.0,NameDatabase@7f63425a
38,38,"RODEN",SPEAKER_ABOVE_DIALOGUE,"RODEN/Tough noogies! It's still my turn.",0.7,NameDatabase@7f63425a
38,38,"CLARICE",SPEAKER_WITH_VO_OS,"CLARICE (O.S.)/If the beetle moves one of your men,",1.0,NameDatabase@7f63425a
38,38,"RODEN",SPEAKER_ABOVE_DIALOGUE,"RODEN/Of course it counts. How do you play?",0.7,NameDatabase@7f63425a
38,38,"PILCHER",SPEAKER_ABOVE_DIALOGUE,"PILCHER/(grins)",0.7,NameDatabase@7f63425a
39,39,"RODEN",SPEAKER_ABOVE_DIALOGUE,"RODEN/Where the hell did this one come",0.7,NameDatabase@7f63425a
39,39,"CLARICE",SPEAKER_ABOVE_DIALOGUE,"CLARICE/You really don't want to know.",0.8,NameDatabase@7f63425a
39,39,"PILCHER",SPEAKER_ABOVE_DIALOGUE,"PILCHER/Your West Virginia specimen gave us",0.7,NameDatabase@7f63425a
39,39,"RODEN",SPEAKER_ABOVE_DIALOGUE,"RODEN/I'm the one who found his perforating",0.7,NameDatabase@7f63425a
39,39,"PILCHER",SPEAKER_ABOVE_DIALOGUE,"PILCHER/Just ignore him. He's not a Ph.D.",0.7,NameDatabase@7f63425a
40,40,"RODEN",SPEAKER_WITH_VO_OS,"RODEN (O.S.)/The whole trick is to remove the",1.0,NameDatabase@7f63425a
40,40,"PILCHER",SPEAKER_ABOVE_DIALOGUE,"PILCHER/(without looking up)",0.7,NameDatabase@7f63425a
40,40,"CLARICE",SPEAKER_ABOVE_DIALOGUE,"CLARICE/I try to be a student, Dr. Pilcher.",0.8,NameDatabase@7f63425a
40,40,"PILCHER",SPEAKER_ABOVE_DIALOGUE,"PILCHER/Ever get out for cheeseburgers and",0.7,NameDatabase@7f63425a
40,40,"CLARICE",SPEAKER_ABOVE_DIALOGUE,"CLARICE/(smiles)",0.8,NameDatabase@7f63425a
40,40,"RODEN",SPEAKER_ABOVE_DIALOGUE,"RODEN/Positive match!",0.7,NameDatabase@7f63425a
40,40,"CLARICE",SPEAKER_ABOVE_DIALOGUE,"CLARICE/You're sure?",0.8,NameDatabase@7f63425a
40,40,"RODEN",SPEAKER_ABOVE_DIALOGUE,"RODEN/(points with his dental",0.7,NameDatabase@7f63425a
40,40,"RODEN",SPEAKER_WITH_VO_OS,"RODEN (O.S.)/Better known to his friends as the",1.0,NameDatabase@7f63425a
40,40,"PILCHER",SPEAKER_WITH_VO_OS,"PILCHER (O.S.)/The Latin name comes from two rivers",1.0,NameDatabase@7f63425a
40,40,"CLARICE",SPEAKER_ABOVE_DIALOGUE,"CLARICE/And there's no way - no natural way -",0.8,NameDatabase@7f63425a
40,40,"PILCHER",SPEAKER_ABOVE_DIALOGUE,"PILCHER/(shakes his head)",0.7,NameDatabase@7f63425a
40,40,"CLARICE",SPEAKER_ABOVE_DIALOGUE,"CLARICE/(pause, then softly)",0.8,NameDatabase@7f63425a
40,40,"Pilcher",NAMEFINDER_ME,"a student , Dr . Pilcher . Ever get out for",0.8619994827560307,NameDatabase@7f63425a
40,40,"The",NAMEFINDER_ME,"for cheeseburgers and beer ? The amusing house wine ... ?",0.8053597606959326,NameDatabase@7f63425a
41,41,"CRAWFORD",SPEAKER_WITH_VO_OS,"CRAWFORD (V.O.)/Maybe we can trace how he buys the",1.0,NameDatabase@7f63425a
42,42,"CRAWFORD",SPEAKER_WITH_VO_OS,"CRAWFORD (O.S.)/Maybe we can locate some of Raspail's",1.0,NameDatabase@7f63425a
42,42,"CRAWFORD",SPEAKER_ABOVE_DIALOGUE,"CRAWFORD/But for Catherine Martin, it all",0.7,NameDatabase@7f63425a
42,42,"CLARICE",SPEAKER_ABOVE_DIALOGUE,"CLARICE/He's already offered to help... What",0.8,NameDatabase@7f63425a
42,42,"CRAWFORD",SPEAKER_ABOVE_DIALOGUE,"CRAWFORD/He offered to help, Starling, not to",0.7,NameDatabase@7f63425a
42,42,"CLARICE",SPEAKER_ABOVE_DIALOGUE,"CLARICE/But if he knew we have so little",0.8,NameDatabase@7f63425a
42,42,"CRAWFORD",SPEAKER_ABOVE_DIALOGUE,"CRAWFORD/If we act too anxious, he'll make us",0.7,NameDatabase@7f63425a
42,42,"CLARICE",SPEAKER_ABOVE_DIALOGUE,"CLARICE/I think he means it, this time. I",0.8,NameDatabase@7f63425a
42,42,"CRAWFORD",SPEAKER_ABOVE_DIALOGUE,"CRAWFORD/What would it take?",0.7,NameDatabase@7f63425a
42,42,"CLARICE",SPEAKER_ABOVE_DIALOGUE,"CLARICE/Transfer to a new prison. With a",0.8,NameDatabase@7f63425a
42,42,"CRAWFORD",SPEAKER_ABOVE_DIALOGUE,"CRAWFORD/(shakes his head)",0.7,NameDatabase@7f63425a
42,42,"CLARICE",SPEAKER_ABOVE_DIALOGUE,"CLARICE/You'll back me up with some paperwork?",0.8,NameDatabase@7f63425a
42,42,"CRAWFORD",SPEAKER_ABOVE_DIALOGUE,"CRAWFORD/(hesitates)",0.7,NameDatabase@7f63425a
42,42,"CRAWFORD",SPEAKER_ABOVE_DIALOGUE,"CRAWFORD/She's the mother, Starling. She can't",0.7,NameDatabase@7f63425a
42,42,"Burroughs",NAMEFINDER_ME,"all CLICKING and HUMMING . Burroughs is talking quietly on a",1.0,NameDatabase@7f63425a
42,42,"Catherine Martin",NAMEFINDER_ME,"much attention . But for Catherine Martin , it all comes down",1.0,NameDatabase@7f63425a
42,42,"Bill",NAMEFINDER_ME,"cards - asked him for Bill ? He offered to help",1.0,NameDatabase@7f63425a
43,43,"CRAWFORD",SPEAKER_WITH_VO_OS,"CRAWFORD (V.O.)/We can't trust Frederick Chilton,",1.0,NameDatabase@7f63425a
43,43,"CHILTON",SPEAKER_ABOVE_DIALOGUE,"CHILTON/What you're doing, Miss Starling, is",0.7,NameDatabase@7f63425a
43,43,"CLARICE",SPEAKER_ABOVE_DIALOGUE,"CLARICE/Dr. Chilton, I told you - this is",0.8,NameDatabase@7f63425a
43,43,"CHILTON",SPEAKER_ABOVE_DIALOGUE,"CHILTON/He's my patient! I have rights!",0.7,NameDatabase@7f63425a
43,43,"CLARICE",SPEAKER_ABOVE_DIALOGUE,"CLARICE/I'm acting on instruction, Dr.",0.8,NameDatabase@7f63425a
43,43,"Frederick Chilton",NAMEFINDER_ME,"We can ' t trust Frederick Chilton , either . He '",1.0,NameDatabase@7f63425a
43,43,"Bill",NAMEFINDER_ME,"Lecter ' s link to Bill , he ' s go",1.0,NameDatabase@7f63425a
43,43,"Chilton",NAMEFINDER_ME,"third time ! Dr . Chilton , I told you -",1.0,NameDatabase@7f63425a
43,43,"Chilton",NAMEFINDER_ME,"on instruction , Dr . Chilton . ( handing him a",0.90045202826912,NameDatabase@7f63425a
44,44,"DR. LECTER",SPEAKER_ABOVE_DIALOGUE,"DR. LECTER/Wouldn't you say, Clarice, that for",0.7,NameDatabase@7f63425a
44,44,"CLARICE",SPEAKER_ABOVE_DIALOGUE,"CLARICE/I was your choice, Dr. Lecter. You",0.8,NameDatabase@7f63425a
44,44,"DR. LECTER",SPEAKER_ABOVE_DIALOGUE,"DR. LECTER/That is both impudent and untrue...",0.7,NameDatabase@7f63425a
44,44,"CLARICE",SPEAKER_ABOVE_DIALOGUE,"CLARICE/By the book, he's a sadist.",0.8,NameDatabase@7f63425a
44,44,"DR. LECTER",SPEAKER_ABOVE_DIALOGUE,"DR. LECTER/Life's too slippery for books,",0.7,NameDatabase@7f63425a
44,44,"CLARICE",SPEAKER_ABOVE_DIALOGUE,"CLARICE/Yes.",0.8,NameDatabase@7f63425a
44,44,"DR. LECTER",SPEAKER_ABOVE_DIALOGUE,"DR. LECTER/Big through the hips. Roomy.",0.7,NameDatabase@7f63425a
44,44,"CLARICE",SPEAKER_ABOVE_DIALOGUE,"CLARICE/They all were.",0.8,NameDatabase@7f63425a
44,44,"DR. LECTER",SPEAKER_ABOVE_DIALOGUE,"DR. LECTER/Mmm. And what else...?",0.7,NameDatabase@7f63425a
44,44,"CLARICE",SPEAKER_ABOVE_DIALOGUE,"CLARICE/She had an insect deliberately",0.8,NameDatabase@7f63425a
44,44,"DR. LECTER",SPEAKER_ABOVE_DIALOGUE,"DR. LECTER/Was it a butterfly?",0.7,NameDatabase@7f63425a
44,44,"CLARICE",SPEAKER_ABOVE_DIALOGUE,"CLARICE/(pause; staring at",0.8,NameDatabase@7f63425a
44,44,"DR. LECTER",SPEAKER_ABOVE_DIALOGUE,"DR. LECTER/I'm waiting for your offer, Clarice.",0.7,NameDatabase@7f63425a
44,44,"CLARICE",SPEAKER_ABOVE_DIALOGUE,"CLARICE/If you help us find Buffalo Bill in",0.8,NameDatabase@7f63425a
44,44,"CLARICE",SPEAKER_ABOVE_DIALOGUE,"CLARICE/Best of all, though - one week a",0.8,NameDatabase@7f63425a
44,44,"CLARICE",SPEAKER_ABOVE_DIALOGUE,"CLARICE/Copy of the Buffalo Bill case file,",0.8,NameDatabase@7f63425a
44,44,"DR. LECTER",SPEAKER_ABOVE_DIALOGUE,"DR. LECTER/""Plum Island Animal Disease Research",0.7,NameDatabase@7f63425a
44,44,"CLARICE",SPEAKER_ABOVE_DIALOGUE,"CLARICE/That's just part of the island. It",0.8,NameDatabase@7f63425a
44,44,"DR. LECTER",SPEAKER_ABOVE_DIALOGUE,"DR. LECTER/Terns... If I help you, Clarice, it",0.7,NameDatabase@7f63425a
44,44,"CLARICE",SPEAKER_ABOVE_DIALOGUE,"CLARICE/Go, Doctor.",0.8,NameDatabase@7f63425a
44,44,"DR. LECTER",SPEAKER_ABOVE_DIALOGUE,"DR. LECTER/What's your worst memory of childhood?",0.7,NameDatabase@7f63425a
44,44,"CLARICE",SPEAKER_ABOVE_DIALOGUE,"CLARICE/The death of my father.",0.8,NameDatabase@7f63425a
44,44,"DR. LECTER",SPEAKER_ABOVE_DIALOGUE,"DR. LECTER/Tell me. Don't lie, or I'll know.",0.7,NameDatabase@7f63425a
44,44,"CLARICE",SPEAKER_ABOVE_DIALOGUE,"CLARICE/He was a town marshal... one night",0.8,NameDatabase@7f63425a
44,44,"DR. LECTER",SPEAKER_ABOVE_DIALOGUE,"DR. LECTER/Killed outright?",0.7,NameDatabase@7f63425a
44,44,"CLARICE",SPEAKER_ABOVE_DIALOGUE,"CLARICE/No. He was strong, he lasted almost",0.8,NameDatabase@7f63425a
44,44,"DR. LECTER",SPEAKER_ABOVE_DIALOGUE,"DR. LECTER/You're very frank, Clarice. I think -",0.7,NameDatabase@7f63425a
44,44,"CLARICE",SPEAKER_ABOVE_DIALOGUE,"CLARICE/Quid pro quo, Doctor.",0.8,NameDatabase@7f63425a
44,44,"DR. LECTER",SPEAKER_ABOVE_DIALOGUE,"DR. LECTER/The significance of the moth is",0.7,NameDatabase@7f63425a
44,44,"CLARICE",SPEAKER_ABOVE_DIALOGUE,"CLARICE/(puzzled)",0.8,NameDatabase@7f63425a
44,44,"DR. LECTER",SPEAKER_ABOVE_DIALOGUE,"DR. LECTER/Clever girl. You're so close to the",0.7,NameDatabase@7f63425a
44,44,"CLARICE",SPEAKER_ABOVE_DIALOGUE,"CLARICE/No. Tell me why.",0.8,NameDatabase@7f63425a
44,44,"DR. LECTER",SPEAKER_ABOVE_DIALOGUE,"DR. LECTER/After your father's death, you were",0.7,NameDatabase@7f63425a
44,44,"CLARICE",SPEAKER_ABOVE_DIALOGUE,"CLARICE/I went to live with my mother's cousin",0.8,NameDatabase@7f63425a
44,44,"DR. LECTER",SPEAKER_ABOVE_DIALOGUE,"DR. LECTER/A cattle ranch?",0.7,NameDatabase@7f63425a
44,44,"CLARICE",SPEAKER_ABOVE_DIALOGUE,"CLARICE/Horses - and sheep...",0.8,NameDatabase@7f63425a
44,44,"DR. LECTER",SPEAKER_ABOVE_DIALOGUE,"DR. LECTER/How long did you live there?",0.7,NameDatabase@7f63425a
44,44,"CLARICE",SPEAKER_ABOVE_DIALOGUE,"CLARICE/Two months.",0.8,NameDatabase@7f63425a
44,44,"DR. LECTER",SPEAKER_ABOVE_DIALOGUE,"DR. LECTER/Why so briefly?",0.7,NameDatabase@7f63425a
44,44,"CLARICE",SPEAKER_ABOVE_DIALOGUE,"CLARICE/I - ran away...",0.8,NameDatabase@7f63425a
44,44,"DR. LECTER",SPEAKER_ABOVE_DIALOGUE,"DR. LECTER/Why, Clarice? Did the rancher fuck",0.7,NameDatabase@7f63425a
44,44,"CLARICE",SPEAKER_ABOVE_DIALOGUE,"CLARICE/(angrily)",0.8,NameDatabase@7f63425a
44,44,"DR. LECTER",SPEAKER_ABOVE_DIALOGUE,"DR. LECTER/Did he try to?",0.7,NameDatabase@7f63425a
44,44,"CLARICE",SPEAKER_ABOVE_DIALOGUE,"CLARICE/No...! Quid pro quo, Doctor.",0.8,NameDatabase@7f63425a
44,44,"DR. LECTER",SPEAKER_ABOVE_DIALOGUE,"DR. LECTER/Billy's not a real transsexual, but",0.7,NameDatabase@7f63425a
44,44,"CLARICE",SPEAKER_ABOVE_DIALOGUE,"CLARICE/You said - I was very close to the",0.8,NameDatabase@7f63425a
44,44,"DR. LECTER",SPEAKER_ABOVE_DIALOGUE,"DR. LECTER/There are three major centers for",0.7,NameDatabase@7f63425a
44,44,"CLARICE",SPEAKER_ABOVE_DIALOGUE,"CLARICE/On what basis would they reject him?",0.8,NameDatabase@7f63425a
44,44,"DR. LECTER",SPEAKER_ABOVE_DIALOGUE,"DR. LECTER/The personality inventories would",0.7,NameDatabase@7f63425a
44,44,"CLARICE",SPEAKER_ABOVE_DIALOGUE,"CLARICE/How would he test?",0.8,NameDatabase@7f63425a
44,44,"DR. LECTER",SPEAKER_ABOVE_DIALOGUE,"DR. LECTER/That's enough, I think. Happy hunting.",0.7,NameDatabase@7f63425a
44,44,"CLARICE",SPEAKER_ABOVE_DIALOGUE,"CLARICE/(shaken)",0.8,NameDatabase@7f63425a
44,44,"Billy",NAMEFINDER_ME,"feel when you viewed our Billy ' s latest effort ?",1.0,NameDatabase@7f63425a
44,44,"Bill",NAMEFINDER_ME,"you help us find Buffalo Bill in time to save Catherine",1.0,NameDatabase@7f63425a
44,44,"Catherine Martin",NAMEFINDER_ME,"Bill in time to save Catherine Martin , the Senator promises you",1.0,NameDatabase@7f63425a
44,44,"Bill",NAMEFINDER_ME,". Copy of the Buffalo Bill case file , copy of",1.0,NameDatabase@7f63425a
44,44,"Martin",NAMEFINDER_ME,"file , copy of Senator Martin ' s terms . Her",1.0,NameDatabase@7f63425a
44,44,"Catherine",NAMEFINDER_ME,"or no , Clarice . Catherine is waiting . Tick -",1.0,NameDatabase@7f63425a
44,44,"Tick",NAMEFINDER_ME,". Catherine is waiting . Tick - tock , tick -",0.9955574760001635,NameDatabase@7f63425a
44,44,"Billy",NAMEFINDER_ME,"into cocoon into beauty ... Billy wants to change , too",1.0,NameDatabase@7f63425a
44,44,"Lecter",NAMEFINDER_ME,"( puzzled ) Dr . Lecter , there ' s no",1.0,NameDatabase@7f63425a
44,44,"Billy",NAMEFINDER_ME,"pro quo , Doctor . Billy ' s not a real",1.0,NameDatabase@7f63425a
44,44,"Billy",NAMEFINDER_ME,"' t be surprised if Billy has applied for sex reassignment",1.0,NameDatabase@7f63425a
44,44,"Lecter",NAMEFINDER_ME,"test ? Suddenly Dr . Lecter snarls , loudly , stretching",1.0,NameDatabase@7f63425a
45,45,"CATHERINE",SPEAKER_WITH_VO_OS,"CATHERINE (O.S.)/Pleeeeeeeease.....!",1.0,NameDatabase@7f63425a
45,45,"Moth",NAMEFINDER_ME,"Death ' s - head Moth wriggles torturously free . Trembling",0.9787383124182378,NameDatabase@7f63425a
45,45,"Fats Waller",NAMEFINDER_ME,"is growing even louder : Fats Waller singing "" Bye Bye Baby",1.0,NameDatabase@7f63425a
45,45,"Billy",NAMEFINDER_ME,"their drawings , especially . Billy ' s house drawings will",1.0,NameDatabase@7f63425a
45,45,"Gumb",NAMEFINDER_ME,"and there is Mr . Gumb himself . As we APPROACH",1.0,NameDatabase@7f63425a
45,45,"Gumb",NAMEFINDER_ME,"... Next to Mr . Gumb is an antique phonograph -",1.0,NameDatabase@7f63425a
45,45,"Gumb",NAMEFINDER_ME,"As we PASS Mr . Gumb , Precious scurries away from",1.0,NameDatabase@7f63425a
45,45,"Billy",NAMEFINDER_ME,"to fade behind us ... Billy hates his own identity ,",1.0,NameDatabase@7f63425a
46,46,"CHILTON",SPEAKER_WITH_VO_OS,"CHILTON (V.O.)/Bad news, Hannibal...",1.0,NameDatabase@7f63425a
46,46,"CHILTON",SPEAKER_WITH_VO_OS,"CHILTON (V.O.)/Gourmet magazine has rejected your",1.0,NameDatabase@7f63425a
46,46,"Lecter",NAMEFINDER_ME,"- CLOSE ON Dr . Lecter ' s slippered feet ,",1.0,NameDatabase@7f63425a
46,46,"Lecter",NAMEFINDER_ME,"... shows that Dr . Lecter , on the handtruck ,",1.0,NameDatabase@7f63425a
47,47,"CHILTON",SPEAKER_ABOVE_DIALOGUE,"CHILTON/Perhaps you should have been less",0.7,NameDatabase@7f63425a
47,47,"CHILTON",SPEAKER_ABOVE_DIALOGUE,"CHILTON/Such a lot of correspondence! I can",0.7,NameDatabase@7f63425a
47,47,"CHILTON",SPEAKER_ABOVE_DIALOGUE,"CHILTON/I thought she might be looking for a",0.7,NameDatabase@7f63425a
47,47,"CHILTON",SPEAKER_ABOVE_DIALOGUE,"CHILTON/You still think you're going to walk",0.7,NameDatabase@7f63425a
47,47,"CHILTON",SPEAKER_ABOVE_DIALOGUE,"CHILTON/When Crawford gets through milking",0.7,NameDatabase@7f63425a
47,47,"CHILTON",SPEAKER_ABOVE_DIALOGUE,"CHILTON/The Starling bitch wants you to rot",0.7,NameDatabase@7f63425a
47,47,"FAVORING CHILTON",SPEAKER_ABOVE_DIALOGUE,"FAVORING CHILTON/as he sits chummily on the table.",0.7,NameDatabase@7f63425a
47,47,"CHILTON",SPEAKER_ABOVE_DIALOGUE,"CHILTON/There never was a deal with Senator",0.7,NameDatabase@7f63425a
47,47,"CHILTON",SPEAKER_WITH_VO_OS,"CHILTON (O.S.)/The Governor has already agreed. You",1.0,NameDatabase@7f63425a
47,47,"CHILTON",SPEAKER_WITH_VO_OS,"CHILTON (O.S.)/And best of all, you'd be out of",1.0,NameDatabase@7f63425a
47,47,"CHILTON",SPEAKER_WITH_VO_OS,"CHILTON (O.S.)/In exchange, I get your full",1.0,NameDatabase@7f63425a
47,47,"CHILTON",SPEAKER_ABOVE_DIALOGUE,"CHILTON/You'll answer me now, or by God,",0.7,NameDatabase@7f63425a
47,47,"DR. LECTER",SPEAKER_ABOVE_DIALOGUE,"DR. LECTER/(pause; then softly)",0.7,NameDatabase@7f63425a
47,47,"Lecter",NAMEFINDER_ME,"Chilton lounges on Dr . Lecter ' s cot , casually",1.0,NameDatabase@7f63425a
47,47,"Another",NAMEFINDER_ME,"on a little pad . Another orderly mops the floor .",0.698800668313995,NameDatabase@7f63425a
47,47,"Chilton",NAMEFINDER_ME,"then both orderlies go . Chilton finishes another letter , sighs",0.8326206710609487,NameDatabase@7f63425a
47,47,"Lecter",NAMEFINDER_ME,"it triumphantly at Dr . Lecter . I thought she might",1.0,NameDatabase@7f63425a
47,47,"Then Crawford",NAMEFINDER_ME,"these years , Hannibal . Then Crawford sends his bit of fluff",1.0,NameDatabase@7f63425a
47,47,"Lecter",NAMEFINDER_ME,"the front of Dr . Lecter ' s mask . You",1.0,NameDatabase@7f63425a
47,47,"Ruth Martin",NAMEFINDER_ME,"Hannibal ... I called Senator Ruth Martin , and she never heard",1.0,NameDatabase@7f63425a
47,47,"Lecter",NAMEFINDER_ME,"... CLOSE ON Dr . Lecter ' s glittering eyes ,",1.0,NameDatabase@7f63425a
47,47,"Martin",NAMEFINDER_ME,"was a deal with Senator Martin - but there is now",1.0,NameDatabase@7f63425a
47,47,"Bill",NAMEFINDER_ME,": if you identify Buffalo Bill , and the girl is",1.0,NameDatabase@7f63425a
47,47,"Martin",NAMEFINDER_ME,"found in time , Senator Martin will have you transferred to",1.0,NameDatabase@7f63425a
47,47,"Jack Crawford",NAMEFINDER_ME,"' d be out of Jack Crawford ' s reach , forever",1.0,NameDatabase@7f63425a
47,47,"Lecter",NAMEFINDER_ME,"A beat . Dr . Lecter is silent . Chilton sticks",1.0,NameDatabase@7f63425a
47,47,"Chilton",NAMEFINDER_ME,". Lecter is silent . Chilton sticks his face INTO SHOT",1.0,NameDatabase@7f63425a
47,47,"Bill",NAMEFINDER_ME,"Homicide . Who is Buffalo Bill ? ( pause ; then",1.0,NameDatabase@7f63425a
48,48,"DR. DANIELSON",SPEAKER_ABOVE_DIALOGUE,"DR. DANIELSON/I'm not having a witch hunt here,",0.7,NameDatabase@7f63425a
48,48,"CRAWFORD",SPEAKER_ABOVE_DIALOGUE,"CRAWFORD/Dr. Danielson, the man we want was",0.7,NameDatabase@7f63425a
48,48,"DR. DANIELSON",SPEAKER_ABOVE_DIALOGUE,"DR. DANIELSON/(adamantly)",0.7,NameDatabase@7f63425a
48,48,"CRAWFORD",SPEAKER_ABOVE_DIALOGUE,"CRAWFORD/You want to see a violation? This is",0.7,NameDatabase@7f63425a
48,48,"CRAWFORD",SPEAKER_ABOVE_DIALOGUE,"CRAWFORD/Her name is Kimberly Jane Emberg,",0.7,NameDatabase@7f63425a
48,48,"DR. DANIELSON",SPEAKER_ABOVE_DIALOGUE,"DR. DANIELSON/That's a childish, bullying stunt,",0.7,NameDatabase@7f63425a
48,48,"BURROUGHS",SPEAKER_ABOVE_DIALOGUE,"BURROUGHS/Phone, Jack. Director Burke.",0.7,NameDatabase@7f63425a
48,48,"CRAWFORD",SPEAKER_ABOVE_DIALOGUE,"CRAWFORD/(snaps)",0.7,NameDatabase@7f63425a
48,48,"CRAWFORD",SPEAKER_ABOVE_DIALOGUE,"CRAWFORD/Look... search your own records, if",0.7,NameDatabase@7f63425a
48,48,"DR. DANIELSON",SPEAKER_ABOVE_DIALOGUE,"DR. DANIELSON/I doubt very much that the FBI or",0.7,NameDatabase@7f63425a
48,48,"CRAWFORD",SPEAKER_ABOVE_DIALOGUE,"CRAWFORD/Oh, that's clever, Dr. Danielson.",0.7,NameDatabase@7f63425a
48,48,"DR. DANIELSON",SPEAKER_ABOVE_DIALOGUE,"DR. DANIELSON/(pause; stiffly)",0.7,NameDatabase@7f63425a
48,48,"CRAWFORD",SPEAKER_ABOVE_DIALOGUE,"CRAWFORD/Would you, Doctor? That would be so",0.7,NameDatabase@7f63425a
48,48,"Crawford",NAMEFINDER_ME,"- as the very impatient Crawford , clutching a folder ,",1.0,NameDatabase@7f63425a
48,48,"Crawford",NAMEFINDER_ME,"hunt here , Mr . Crawford ! Our patients are decent",1.0,NameDatabase@7f63425a
48,48,"Danielson",NAMEFINDER_ME,"real problem . Dr . Danielson , the man we want",1.0,NameDatabase@7f63425a
48,48,"Doctor",NAMEFINDER_ME,"criminal violence . Please , Doctor - time is eating us",0.9529579702196651,NameDatabase@7f63425a
48,48,"Danielson",NAMEFINDER_ME,"' ve turned away . Danielson enters a cramped , stainless",1.0,NameDatabase@7f63425a
48,48,"Crawford",NAMEFINDER_ME,"' s gallery , with Crawford following , and pours himself",0.9049613059352928,NameDatabase@7f63425a
48,48,"Kimberly Jane Emberg",NAMEFINDER_ME,"clearly . Her name is Kimberly Jane Emberg , she was just ID",1.0,NameDatabase@7f63425a
48,48,"Crawford",NAMEFINDER_ME,"bullying stunt , Mr . Crawford . I was a battlefield",1.0,NameDatabase@7f63425a
48,48,"Burroughs",NAMEFINDER_ME,"put away your picture . Burroughs sticks his head in ,",1.0,NameDatabase@7f63425a
48,48,"Jack",NAMEFINDER_ME,"for Crawford . Phone , Jack . Director Burke . (",1.0,NameDatabase@7f63425a
48,48,"Director Burke",NAMEFINDER_ME,". Phone , Jack . Director Burke . ( snaps ) In",1.0,NameDatabase@7f63425a
48,48,"Burroughs",NAMEFINDER_ME,") In a minute ! Burroughs hurriedly retreats . Crawford strains",1.0,NameDatabase@7f63425a
48,48,"Crawford",NAMEFINDER_ME,"! Burroughs hurriedly retreats . Crawford strains for patience . Look",0.9545457257905958,NameDatabase@7f63425a
48,48,"Bill",NAMEFINDER_ME,". If we find Buffalo Bill through your information , I",1.0,NameDatabase@7f63425a
48,48,"Crawford",NAMEFINDER_ME,"a secret , Mr . Crawford . Truth will out ...",1.0,NameDatabase@7f63425a
48,48,"Danielson",NAMEFINDER_ME,"s clever , Dr . Danielson . Very humorous . You",0.8638639037116551,NameDatabase@7f63425a
48,48,"Danielson",NAMEFINDER_ME,"will focus on Dr . Danielson , over at Johns Hopkins",1.0,NameDatabase@7f63425a
48,48,"Catherine Martin",NAMEFINDER_ME,"on the case - when Catherine Martin floats , when the next",1.0,NameDatabase@7f63425a
48,48,"Danielson",NAMEFINDER_ME,"good ol ' Dr . Danielson , over at Johns Hopkins",1.0,NameDatabase@7f63425a
49,49,"CRAWFORD",SPEAKER_ABOVE_DIALOGUE,"CRAWFORD/(on phone; stunned)",0.7,NameDatabase@7f63425a
49,49,"Burroughs",NAMEFINDER_ME,"on the scrambler phone . Burroughs watches silently . ( on",1.0,NameDatabase@7f63425a
50,50,"DIRECTOR BURKE",SPEAKER_ABOVE_DIALOGUE,"DIRECTOR BURKE/(on phone)",1.0,NameDatabase@7f63425a
50,50,"DIRECTOR BURKE",SPEAKER_ABOVE_DIALOGUE,"DIRECTOR BURKE/(on phone)",1.0,NameDatabase@7f63425a
50,50,"Martin",NAMEFINDER_ME,"airborne for Memphis . Senator Martin ' s meeting him at",1.0,NameDatabase@7f63425a
50,50,"Jack",NAMEFINDER_ME,"airport . ( uneasily ) Jack - did you make some",1.0,NameDatabase@7f63425a
50,50,"Jack",NAMEFINDER_ME,"to talk about this , Jack . The Senator ' s",1.0,NameDatabase@7f63425a
50,50,"Paul Krendler",NAMEFINDER_ME,"s mad as hell . Paul Krendler ' s over here from",1.0,NameDatabase@7f63425a
50,50,"Lecter",NAMEFINDER_ME,"the task force , and Lecter ' s plane can still",0.8983104370914496,NameDatabase@7f63425a
50,50,"Jack",NAMEFINDER_ME,"' s your call , Jack - but I want it",1.0,NameDatabase@7f63425a
51,51,"CRAWFORD",SPEAKER_ABOVE_DIALOGUE,"CRAWFORD/(into phone)",0.7,NameDatabase@7f63425a
51,51,"Burroughs",NAMEFINDER_ME,"Burroughs starts to make an objection",1.0,NameDatabase@7f63425a
52,52,"CLARICE",SPEAKER_ABOVE_DIALOGUE,"CLARICE/Chilton has killed her, hasn't he?",0.8,NameDatabase@7f63425a
52,52,"CRAWFORD",SPEAKER_ABOVE_DIALOGUE,"CRAWFORD/Let's get some coffee and talk.",0.7,NameDatabase@7f63425a
53,53,"CLARICE",SPEAKER_ABOVE_DIALOGUE,"CLARICE/Are you in trouble over this, Mr.",0.8,NameDatabase@7f63425a
53,53,"CRAWFORD",SPEAKER_ABOVE_DIALOGUE,"CRAWFORD/I'm 53, Starling. If I found Jimmy",0.7,NameDatabase@7f63425a
53,53,"CLARICE",SPEAKER_ABOVE_DIALOGUE,"CLARICE/If you didn't want me chasing him,",0.8,NameDatabase@7f63425a
53,53,"CLARICE",SPEAKER_ABOVE_DIALOGUE,"CLARICE/Lecter is still the key, I know he",0.8,NameDatabase@7f63425a
53,53,"CRAWFORD",SPEAKER_ABOVE_DIALOGUE,"CRAWFORD/Or just as worthless. But I want you",0.7,NameDatabase@7f63425a
53,53,"CLARICE",SPEAKER_ABOVE_DIALOGUE,"CLARICE/I lied to Lecter. I'll need some",0.8,NameDatabase@7f63425a
53,53,"CRAWFORD",SPEAKER_ABOVE_DIALOGUE,"CRAWFORD/Good idea. Meantime, try to get a",0.7,NameDatabase@7f63425a
53,53,"CLARICE",SPEAKER_ABOVE_DIALOGUE,"CLARICE/(hesitates)",0.8,NameDatabase@7f63425a
53,53,"CRAWFORD",SPEAKER_ABOVE_DIALOGUE,"CRAWFORD/(grimly)",0.7,NameDatabase@7f63425a
53,53,"Martin",NAMEFINDER_ME,". Crawford ? Can Senator Martin do something to you ?",1.0,NameDatabase@7f63425a
53,53,"Jimmy Hoffa",NAMEFINDER_ME,"Starling . If I found Jimmy Hoffa on national TV , I",1.0,NameDatabase@7f63425a
53,53,"Bill",NAMEFINDER_ME,"Whatever he told me about Bill is just as good now",1.0,NameDatabase@7f63425a
53,53,"Martin",NAMEFINDER_ME,"tired of toying with Senator Martin , he ' ll talk",1.0,NameDatabase@7f63425a
53,53,"Catherine Martin",NAMEFINDER_ME,"to get a feel for Catherine Martin . Her apartment , her",1.0,NameDatabase@7f63425a
53,53,"Lecter",NAMEFINDER_ME,"down there handle Dr . Lecter ? ( grimly ) They",0.9859843134943118,NameDatabase@7f63425a
54,54,"CRAWFORD",SPEAKER_WITH_VO_OS,"CRAWFORD (V.O.)/He will...",1.0,NameDatabase@7f63425a
54,54,"BOYLE",SPEAKER_ABOVE_DIALOGUE,"BOYLE/Welcome to Memphis, Dr. Lecter. I'm",0.7,NameDatabase@7f63425a
54,54,"DR. LECTER",SPEAKER_ABOVE_DIALOGUE,"DR. LECTER/Oh yes, Officer Pembry. I certainly",0.7,NameDatabase@7f63425a
54,54,"BOYLE",SPEAKER_ABOVE_DIALOGUE,"BOYLE/Dr. Chilton...?",0.7,NameDatabase@7f63425a
54,54,"BOYLE",SPEAKER_ABOVE_DIALOGUE,"BOYLE/If you'll please sign right here,",0.7,NameDatabase@7f63425a
54,54,"BOYLE",SPEAKER_ABOVE_DIALOGUE,"BOYLE/Use mine.",0.7,NameDatabase@7f63425a
54,54,"CHILTON",SPEAKER_ABOVE_DIALOGUE,"CHILTON/Senator Martin, meet Dr. Hannibal",0.7,NameDatabase@7f63425a
54,54,"SEN. MARTIN",SPEAKER_ABOVE_DIALOGUE,"SEN. MARTIN/Dr. Lecter, I've brought an affidavit",0.7,NameDatabase@7f63425a
54,54,"DR. LECTER",SPEAKER_ABOVE_DIALOGUE,"DR. LECTER/I won't waste your time and",0.7,NameDatabase@7f63425a
54,54,"SEN. MARTIN",SPEAKER_ABOVE_DIALOGUE,"SEN. MARTIN/You have my word. Paul?",0.7,NameDatabase@7f63425a
54,54,"DR. LECTER",SPEAKER_ABOVE_DIALOGUE,"DR. LECTER/Buffalo Bill's real name is William",0.7,NameDatabase@7f63425a
54,54,"DR. LECTER",SPEAKER_ABOVE_DIALOGUE,"DR. LECTER/Did you nurse Catherine?",0.7,NameDatabase@7f63425a
54,54,"SEN. MARTIN",SPEAKER_ABOVE_DIALOGUE,"SEN. MARTIN/(pause; startled)",0.7,NameDatabase@7f63425a
54,54,"DR. LECTER",SPEAKER_ABOVE_DIALOGUE,"DR. LECTER/Did you breast-feed her?",0.7,NameDatabase@7f63425a
54,54,"SEN. MARTIN",SPEAKER_ABOVE_DIALOGUE,"SEN. MARTIN/Yes... I did.",0.7,NameDatabase@7f63425a
54,54,"DR. LECTER",SPEAKER_ABOVE_DIALOGUE,"DR. LECTER/Toughened your nipples, didn't it...?",0.7,NameDatabase@7f63425a
54,54,"SEN. MARTIN",SPEAKER_ABOVE_DIALOGUE,"SEN. MARTIN/(to the others)",0.7,NameDatabase@7f63425a
54,54,"DR. LECTER",SPEAKER_ABOVE_DIALOGUE,"DR. LECTER/Senator Martin...! You can't trust",0.7,NameDatabase@7f63425a
54,54,"SEN. MARTIN",SPEAKER_ABOVE_DIALOGUE,"SEN. MARTIN/Thank you, Doctor. I'll keep it in",0.7,NameDatabase@7f63425a
54,54,"DR. LECTER",SPEAKER_ABOVE_DIALOGUE,"DR. LECTER/Oh, and Senator...? Love you suit.",0.7,NameDatabase@7f63425a
54,54,"Lecter",NAMEFINDER_ME,"CLOSE ON Dr . Lecter . Behind his mask ,",1.0,NameDatabase@7f63425a
54,54,"Lecter",NAMEFINDER_ME,"- are checking Dr . Lecter ' s restraints with clever",1.0,NameDatabase@7f63425a
54,54,"Lecter",NAMEFINDER_ME,"to Memphis , Dr . Lecter . I ' m Officer",1.0,NameDatabase@7f63425a
54,54,"Lecter",NAMEFINDER_ME,"unstraps and removes Dr . Lecter ' s mask . Senator",1.0,NameDatabase@7f63425a
54,54,"Martin",NAMEFINDER_ME,"' s mask . Senator Martin , meet Dr . Hannibal",0.9976804770558394,NameDatabase@7f63425a
54,54,"Hannibal Lecter",NAMEFINDER_ME,"Martin , meet Dr . Hannibal Lecter . They stare at one",1.0,NameDatabase@7f63425a
54,54,"Lecter",NAMEFINDER_ME,"unearthly poise . Dr . Lecter , I ' ve brought",1.0,NameDatabase@7f63425a
54,54,"Catherine",NAMEFINDER_ME,"t waste your time and Catherine ' s time bargaining for",1.0,NameDatabase@7f63425a
54,54,"Jack Crawford",NAMEFINDER_ME,"Clarice Starling and that awful Jack Crawford have wasted far too much",1.0,NameDatabase@7f63425a
54,54,"Paul",NAMEFINDER_ME,"You have my word . Paul ? Krendler raises a pad",1.0,NameDatabase@7f63425a
54,54,"Krendler",NAMEFINDER_ME,"my word . Paul ? Krendler raises a pad , poised",0.7004063800241404,NameDatabase@7f63425a
54,54,"Bill",NAMEFINDER_ME,"to take notes . Buffalo Bill ' s real name is",1.0,NameDatabase@7f63425a
54,54,"William Rubin",NAMEFINDER_ME,"' s real name is William Rubin . I met him just",1.0,NameDatabase@7f63425a
54,54,"Benjamin Raspail",NAMEFINDER_ME,"1980 , by my patient Benjamin Raspail . They were lovers ,",1.0,NameDatabase@7f63425a
54,54,"Billy",NAMEFINDER_ME,"thought if I could cure Billy , then Billy ' d",1.0,NameDatabase@7f63425a
54,54,"Billy",NAMEFINDER_ME,"could cure Billy , then Billy ' d be safe from",1.0,NameDatabase@7f63425a
54,54,"Jack Crawford",NAMEFINDER_ME,"You can ' t trust Jack Crawford or Clarice Starling . It",1.0,NameDatabase@7f63425a
54,54,"Love",NAMEFINDER_ME,", and Senator ... ? Love you suit . DISSOLVE TO",1.0,NameDatabase@7f63425a
55,55,"CATHERINE",SPEAKER_WITH_VO_OS,"CATHERINE (O.S.)/(muttering, feisty)",1.0,NameDatabase@7f63425a
55,55,"CATHERINE",SPEAKER_ABOVE_DIALOGUE,"CATHERINE/is hunched over in concentration. The plastic toilet bucket",1.0,NameDatabase@7f63425a
55,55,"CATHERINE",SPEAKER_ABOVE_DIALOGUE,"CATHERINE/Get my legs round your neck, you",1.0,NameDatabase@7f63425a
55,55,"CATHERINE",SPEAKER_ABOVE_DIALOGUE,"CATHERINE/Okay, Precious. Time for a treat...",1.0,NameDatabase@7f63425a
55,55,"THE BUCKET LANDS",SPEAKER_ABOVE_DIALOGUE,"THE BUCKET LANDS/two feet beyond the pit's edge, rolls a bit, stops.",1.0,NameDatabase@7f63425a
55,55,"PRECIOUS TROTS UP",SPEAKER_ABOVE_DIALOGUE,"PRECIOUS TROTS UP/then pauses, staring curiously towards...",1.0,NameDatabase@7f63425a
55,55,"CATHERINE",SPEAKER_ABOVE_DIALOGUE,"CATHERINE/staring upwards, pulls again, even so gently, at the string.",1.0,NameDatabase@7f63425a
55,55,"CATHERINE",SPEAKER_ABOVE_DIALOGUE,"CATHERINE/(softly)",1.0,NameDatabase@7f63425a
55,55,"PRECIOUS",SPEAKER_ABOVE_DIALOGUE,"PRECIOUS/edges reluctantly closer... then suddenly rushes in, seizing",1.0,NameDatabase@7f63425a
55,55,"CATHERINE",SPEAKER_ABOVE_DIALOGUE,"CATHERINE/stares desperately, unable to see how she's doing.",1.0,NameDatabase@7f63425a
55,55,"CATHERINE",SPEAKER_ABOVE_DIALOGUE,"CATHERINE/Hang on, boy... hang on...",1.0,NameDatabase@7f63425a
55,55,"PRECIOUS",SPEAKER_ABOVE_DIALOGUE,"PRECIOUS/still fights for the bone, GROWLING, as the bucket rocks",1.0,NameDatabase@7f63425a
55,55,"CATHERINE",SPEAKER_ABOVE_DIALOGUE,"CATHERINE/crouches, covering her head as the bucket bounces off her.",1.0,NameDatabase@7f63425a
55,55,"CATHERINE",SPEAKER_ABOVE_DIALOGUE,"CATHERINE/Nooooo...!",1.0,NameDatabase@7f63425a
55,55,"Catherine",NAMEFINDER_ME,"sets off to investigate . Catherine swings the bucket again ,",1.0,NameDatabase@7f63425a
55,55,"Catherine",NAMEFINDER_ME,"away . It twitches as Catherine tugs on the string ,",1.0,NameDatabase@7f63425a
55,55,"Catherine",NAMEFINDER_ME,"away with it , but Catherine is pulling her towards the",1.0,NameDatabase@7f63425a
55,55,"The",NAMEFINDER_ME,"her . Nooooo ... ! The little dog furious , BARKS",0.8509873578771001,NameDatabase@7f63425a
56,56,"Martin",NAMEFINDER_ME,"framed photo of Sen . Martin and Catherine , held in",1.0,NameDatabase@7f63425a
56,56,"Catherine",NAMEFINDER_ME,"of Sen . Martin and Catherine , held in Clarice '",1.0,NameDatabase@7f63425a
56,56,"Catherine",NAMEFINDER_ME,"young STATE TROOPER sitting in Catherine ' s easy chair .",1.0,NameDatabase@7f63425a
57,57,"Catherine",NAMEFINDER_ME,"breakfast counter , attached to Catherine ' s phone . Two",1.0,NameDatabase@7f63425a
60,60,"Catherine",NAMEFINDER_ME,"Clarice wriggles out from under Catherine ' s bed . She",1.0,NameDatabase@7f63425a
61,61,"SEN. MARTIN",SPEAKER_ABOVE_DIALOGUE,"SEN. MARTIN/Who are you, please? I thought the",0.7,NameDatabase@7f63425a
61,61,"CLARICE",SPEAKER_ABOVE_DIALOGUE,"CLARICE/I'm Clarice Starling, Senator. FBI.",0.8,NameDatabase@7f63425a
61,61,"SEN. MARTIN",SPEAKER_ABOVE_DIALOGUE,"SEN. MARTIN/(softly, very angry)",0.7,NameDatabase@7f63425a
61,61,"SEN. MARTIN",SPEAKER_ABOVE_DIALOGUE,"SEN. MARTIN/Miss Starling, you may know the Deputy",0.7,NameDatabase@7f63425a
61,61,"CLARICE",SPEAKER_ABOVE_DIALOGUE,"CLARICE/Sir, Mr. Crawford instructed me -",0.8,NameDatabase@7f63425a
61,61,"CLARICE",SPEAKER_ABOVE_DIALOGUE,"CLARICE/(stubbornly)",0.8,NameDatabase@7f63425a
61,61,"CLARICE",SPEAKER_ABOVE_DIALOGUE,"CLARICE/Mr. Krendler... Dr. Lecter trusts",0.8,NameDatabase@7f63425a
61,61,"CLARICE",SPEAKER_ABOVE_DIALOGUE,"CLARICE/Sir, doesn't this ""William Rubin""",0.8,NameDatabase@7f63425a
61,61,"CLARICE",SPEAKER_ABOVE_DIALOGUE,"CLARICE/Yes sir. I can find it by myself.",0.8,NameDatabase@7f63425a
61,61,"Martin",NAMEFINDER_ME,"cries out softly . Senator Martin is revealed , staring at",1.0,NameDatabase@7f63425a
61,61,"Paul",NAMEFINDER_ME,") ( calls out ) Paul ? Would you come in",1.0,NameDatabase@7f63425a
61,61,"Krendler",NAMEFINDER_ME,"here , please ... ? Krendler enters from the hallway ,",0.8849342161197248,NameDatabase@7f63425a
61,61,"Krendler",NAMEFINDER_ME,"Attorney General , Mr . Krendler . Paul , this is",0.9703529106609818,NameDatabase@7f63425a
61,61,"Paul",NAMEFINDER_ME,", Mr . Krendler . Paul , this is the trainee",1.0,NameDatabase@7f63425a
61,61,"Jack Crawford",NAMEFINDER_ME,"this is the trainee that Jack Crawford sent to Lecter ... She",1.0,NameDatabase@7f63425a
61,61,"Krendler",NAMEFINDER_ME,"hurries from the room . Krendler shuts the door behind her",0.673738948142565,NameDatabase@7f63425a
61,61,"Crawford",NAMEFINDER_ME,". Sir , Mr . Crawford instructed me - Your instructions",1.0,NameDatabase@7f63425a
61,61,"Jack Crawford",NAMEFINDER_ME,"m giving you now . Jack Crawford answers to the Director ,",1.0,NameDatabase@7f63425a
61,61,"Crawford",NAMEFINDER_ME,"me . My God , Crawford ' s losing it ...",1.0,NameDatabase@7f63425a
61,61,"The",NAMEFINDER_ME,"as you get back . The gun , too . Be",0.901476391653873,NameDatabase@7f63425a
61,61,"Krendler",NAMEFINDER_ME,"turns back . Mr . Krendler ... Dr . Lecter trusts",0.7997485594222832,NameDatabase@7f63425a
61,61,"Lecter",NAMEFINDER_ME,". Krendler ... Dr . Lecter trusts me . Or at",1.0,NameDatabase@7f63425a
61,61,"Krendler",NAMEFINDER_ME,"Clarice reacts , surprised . Krendler takes a folded computer sheet",0.765769022182962,NameDatabase@7f63425a
61,61,"William Rubin",NAMEFINDER_ME,"doesn ' t this "" William Rubin "" strike you as -",1.0,NameDatabase@7f63425a
62,62,"Lecter",NAMEFINDER_ME,"of papers - Dr . Lecter ' s drawings - she",1.0,NameDatabase@7f63425a
62,62,"Frederick Chilton",NAMEFINDER_ME,"her pause . Dr . Frederick Chilton in a sea of interviewers",1.0,NameDatabase@7f63425a
63,63,"SGT. TATE",SPEAKER_ABOVE_DIALOGUE,"SGT. TATE/Are you with Mr. Krendler's people?",0.7,NameDatabase@7f63425a
63,63,"CLARICE",SPEAKER_ABOVE_DIALOGUE,"CLARICE/I just left him.",0.8,NameDatabase@7f63425a
63,63,"SGT. TATE",SPEAKER_ABOVE_DIALOGUE,"SGT. TATE/Access to Lecter is strictly limited.",0.7,NameDatabase@7f63425a
63,63,"MURRAY",SPEAKER_WITH_VO_OS,"MURRAY (V.O.)/Shoot, we haven't had this kinda",1.0,NameDatabase@7f63425a
63,63,"Krendler",NAMEFINDER_ME,"Are you with Mr . Krendler ' s people ? I",0.8937511648096421,NameDatabase@7f63425a
63,63,"Lecter",NAMEFINDER_ME,"left him . Access to Lecter is strictly limited . We",0.9811470694177449,NameDatabase@7f63425a
64,64,"MURRAY",SPEAKER_ABOVE_DIALOGUE,"MURRAY/Every cop in Tennessee wants a look",1.0,NameDatabase@7f63425a
64,64,"CLARICE",SPEAKER_ABOVE_DIALOGUE,"CLARICE/(beat)",0.8,NameDatabase@7f63425a
65,65,"CLARICE",SPEAKER_ABOVE_DIALOGUE,"CLARICE/Yes, Officer Pembry. I've questioned",0.8,NameDatabase@7f63425a
65,65,"DR. LECTER",SPEAKER_ABOVE_DIALOGUE,"DR. LECTER/(without turning)",0.7,NameDatabase@7f63425a
65,65,"CLARICE",SPEAKER_ABOVE_DIALOGUE,"CLARICE/I thought you might want your drawings",0.8,NameDatabase@7f63425a
65,65,"DR. LECTER",SPEAKER_ABOVE_DIALOGUE,"DR. LECTER/How very thoughtful... Or did Crawford",0.7,NameDatabase@7f63425a
65,65,"CLARICE",SPEAKER_ABOVE_DIALOGUE,"CLARICE/Nobody sent me. I came on my own.",0.8,NameDatabase@7f63425a
65,65,"DR. LECTER",SPEAKER_ABOVE_DIALOGUE,"DR. LECTER/People will say we're in love.",0.7,NameDatabase@7f63425a
65,65,"CLARICE",SPEAKER_ABOVE_DIALOGUE,"CLARICE/Dr. Lecter, you find out everything.",0.8,NameDatabase@7f63425a
65,65,"DR. LECTER",SPEAKER_ABOVE_DIALOGUE,"DR. LECTER/Clarice... you're hardly in a position",0.7,NameDatabase@7f63425a
65,65,"CLARICE",SPEAKER_ABOVE_DIALOGUE,"CLARICE/I think you were telling me the truth",0.8,NameDatabase@7f63425a
65,65,"DR. LECTER",SPEAKER_ABOVE_DIALOGUE,"DR. LECTER/I've studied the case file, have",0.7,NameDatabase@7f63425a
65,65,"CLARICE",SPEAKER_ABOVE_DIALOGUE,"CLARICE/Then tell me how.",0.8,NameDatabase@7f63425a
65,65,"DR. LECTER",SPEAKER_ABOVE_DIALOGUE,"DR. LECTER/First principles, Clarice. Simplicity.",0.7,NameDatabase@7f63425a
65,65,"CLARICE",SPEAKER_ABOVE_DIALOGUE,"CLARICE/He kills w-",0.8,NameDatabase@7f63425a
65,65,"DR. LECTER",SPEAKER_ABOVE_DIALOGUE,"DR. LECTER/(sharply, as he stops)",0.7,NameDatabase@7f63425a
65,65,"DR. LECTER",SPEAKER_ABOVE_DIALOGUE,"DR. LECTER/What is the first and principal thing",0.7,NameDatabase@7f63425a
65,65,"CLARICE",SPEAKER_ABOVE_DIALOGUE,"CLARICE/Anger, social resentment, sexual",0.8,NameDatabase@7f63425a
65,65,"DR. LECTER",SPEAKER_ABOVE_DIALOGUE,"DR. LECTER/No, he covets. That's his nature.",0.7,NameDatabase@7f63425a
65,65,"CLARICE",SPEAKER_ABOVE_DIALOGUE,"CLARICE/No. We just -",0.8,NameDatabase@7f63425a
65,65,"DR. LECTER",SPEAKER_ABOVE_DIALOGUE,"DR. LECTER/No. Precisely. We begin by coveting",0.7,NameDatabase@7f63425a
65,65,"CLARICE",SPEAKER_ABOVE_DIALOGUE,"CLARICE/All right, then tell me how -",0.8,NameDatabase@7f63425a
65,65,"DR. LECTER",SPEAKER_ABOVE_DIALOGUE,"DR. LECTER/No. It's your turn to tell me,",0.7,NameDatabase@7f63425a
65,65,"CLARICE",SPEAKER_ABOVE_DIALOGUE,"CLARICE/Dr. Lecter, when there's time I'll -",0.8,NameDatabase@7f63425a
65,65,"DR. LECTER",SPEAKER_ABOVE_DIALOGUE,"DR. LECTER/We don't reckon time the same way,",0.7,NameDatabase@7f63425a
65,65,"CLARICE",SPEAKER_ABOVE_DIALOGUE,"CLARICE/Later, listen, I'll -",0.8,NameDatabase@7f63425a
65,65,"DR. LECTER",SPEAKER_ABOVE_DIALOGUE,"DR. LECTER/I'll listen now. After your father's",0.7,NameDatabase@7f63425a
65,65,"CLARICE",SPEAKER_ABOVE_DIALOGUE,"CLARICE/And - one morning I just - ran away...",0.8,NameDatabase@7f63425a
65,65,"DR. LECTER",SPEAKER_ABOVE_DIALOGUE,"DR. LECTER/Not ""just,"" Clarice. What set you",0.7,NameDatabase@7f63425a
65,65,"CLARICE",SPEAKER_ABOVE_DIALOGUE,"CLARICE/Early. Still dark.",0.8,NameDatabase@7f63425a
65,65,"DR. LECTER",SPEAKER_ABOVE_DIALOGUE,"DR. LECTER/Then something woke you. What? Did",0.7,NameDatabase@7f63425a
65,65,"CLARICE",SPEAKER_WITH_VO_OS,"CLARICE (V.O.)/I heard a strange sound...",1.0,NameDatabase@7f63425a
65,65,"THE CHILD RISES",SPEAKER_ABOVE_DIALOGUE,"THE CHILD RISES/crosses to the window in her nightgown, rubs the glass.",1.0,NameDatabase@7f63425a
65,65,"CLARICE",SPEAKER_WITH_VO_OS,"CLARICE (V.O.)/I didn't know. I went to look...",1.0,NameDatabase@7f63425a
65,65,"CLARICE",SPEAKER_WITH_VO_OS,"CLARICE (V.O.)/Screaming! Some kind of - screaming.",1.0,NameDatabase@7f63425a
65,65,"CLARICE",SPEAKER_WITH_VO_OS,"CLARICE (V.O.)/Got dressed without turning on the",1.0,NameDatabase@7f63425a
65,65,"THE LITTLE GIRL",SPEAKER_ABOVE_DIALOGUE,"THE LITTLE GIRL/in her winter coat, slips noiselessly towards the open barn",1.0,NameDatabase@7f63425a
65,65,"CLARICE",SPEAKER_WITH_VO_OS,"CLARICE (V.O.)/I crept up to the barn... I was so",1.0,NameDatabase@7f63425a
65,65,"CLARICE",SPEAKER_WITH_VO_OS,"CLARICE (V.O.)/Lambs. The lambs were screaming...",1.0,NameDatabase@7f63425a
65,65,"DR. LECTER",SPEAKER_ABOVE_DIALOGUE,"DR. LECTER/They were slaughtering the spring",0.7,NameDatabase@7f63425a
65,65,"CLARICE",SPEAKER_ABOVE_DIALOGUE,"CLARICE/Yes...! They were screaming.",0.8,NameDatabase@7f63425a
65,65,"DR. LECTER",SPEAKER_ABOVE_DIALOGUE,"DR. LECTER/So you ran away...",0.7,NameDatabase@7f63425a
65,65,"CLARICE",SPEAKER_ABOVE_DIALOGUE,"CLARICE/No. First I tried to free them... I",0.8,NameDatabase@7f63425a
65,65,"DR. LECTER",SPEAKER_ABOVE_DIALOGUE,"DR. LECTER/But you could. You did.",0.7,NameDatabase@7f63425a
65,65,"CLARICE",SPEAKER_ABOVE_DIALOGUE,"CLARICE/I took one lamb. And I ran away, as",0.8,NameDatabase@7f63425a
65,65,"CLARICE",SPEAKER_WITH_VO_OS,"CLARICE (V.O.)/I don't know. I had no food or water.",1.0,NameDatabase@7f63425a
65,65,"CLARICE",SPEAKER_WITH_VO_OS,"CLARICE (V.O.)/I didn't get more than a few miles",1.0,NameDatabase@7f63425a
65,65,"DR. LECTER",SPEAKER_ABOVE_DIALOGUE,"DR. LECTER/You still wake up sometimes, don't",0.7,NameDatabase@7f63425a
65,65,"CLARICE",SPEAKER_ABOVE_DIALOGUE,"CLARICE/Yes...",0.8,NameDatabase@7f63425a
65,65,"DR. LECTER",SPEAKER_ABOVE_DIALOGUE,"DR. LECTER/Do you think if you saved Catherine,",0.7,NameDatabase@7f63425a
65,65,"CLARICE",SPEAKER_ABOVE_DIALOGUE,"CLARICE/Yes! I don't know...! I don't know.",0.8,NameDatabase@7f63425a
65,65,"DR. LECTER",SPEAKER_ABOVE_DIALOGUE,"DR. LECTER/(a pause; then, oddly",0.7,NameDatabase@7f63425a
65,65,"CLARICE",SPEAKER_ABOVE_DIALOGUE,"CLARICE/(a whisper)",0.8,NameDatabase@7f63425a
65,65,"DR. LECTER",SPEAKER_ABOVE_DIALOGUE,"DR. LECTER/Dr. Chilton... I believe you know",0.7,NameDatabase@7f63425a
65,65,"CHILTON",SPEAKER_ABOVE_DIALOGUE,"CHILTON/Out. Let's go.",0.7,NameDatabase@7f63425a
65,65,"DR. LECTER",SPEAKER_ABOVE_DIALOGUE,"DR. LECTER/Brave Clarice. Will you let me know",0.7,NameDatabase@7f63425a
65,65,"CLARICE",SPEAKER_ABOVE_DIALOGUE,"CLARICE/(moving closer to the",0.8,NameDatabase@7f63425a
65,65,"DR. LECTER",SPEAKER_ABOVE_DIALOGUE,"DR. LECTER/Promise...?",0.7,NameDatabase@7f63425a
65,65,"DR. LECTER",SPEAKER_ABOVE_DIALOGUE,"DR. LECTER/Good-bye, Clarice.",0.7,NameDatabase@7f63425a
65,65,"CLARICE",SPEAKER_ABOVE_DIALOGUE,"CLARICE/hugging the case file to her chest, stares back at him as",0.8,NameDatabase@7f63425a
65,65,"Lecter",NAMEFINDER_ME,"unrolled pile of Dr . Lecter ' s drawings . You",1.0,NameDatabase@7f63425a
65,65,"Lecter",NAMEFINDER_ME,"a toilet . Dr . Lecter sits at the table ,",1.0,NameDatabase@7f63425a
65,65,"Crawford",NAMEFINDER_ME,"very thoughtful ... Or did Crawford send you here for one",1.0,NameDatabase@7f63425a
65,65,"Catherine",NAMEFINDER_ME,"it ? Pity for poor Catherine . Tick - tock ...",1.0,NameDatabase@7f63425a
65,65,"Tick",NAMEFINDER_ME,"Pity for poor Catherine . Tick - tock ... He spins",1.0,NameDatabase@7f63425a
65,65,"Lecter",NAMEFINDER_ME,"in sight . Dr . Lecter , you find out everything",1.0,NameDatabase@7f63425a
65,65,"William Rubin",NAMEFINDER_ME,"have talked with this "" William Rubin "" , even once ,",1.0,NameDatabase@7f63425a
65,65,"Lecter",NAMEFINDER_ME,"that ranch ? Dr . Lecter , when there ' s",1.0,NameDatabase@7f63425a
65,65,"Lecter",NAMEFINDER_ME,". We see Dr . Lecter , over her shoulder ,",1.0,NameDatabase@7f63425a
65,65,"Catherine",NAMEFINDER_ME,"you think if you saved Catherine , you could make them",1.0,NameDatabase@7f63425a
65,65,"Catherine",NAMEFINDER_ME,"Do you think , if Catherine lives , you won '",1.0,NameDatabase@7f63425a
65,65,"Lecter",NAMEFINDER_ME,"his name , Dr . Lecter . Dr . Chilton ...",1.0,NameDatabase@7f63425a
65,65,"Chilton",NAMEFINDER_ME,". Lecter . Dr . Chilton ... I believe you know",1.0,NameDatabase@7f63425a
65,65,"Sorry",NAMEFINDER_ME,"Let ' s go . Sorry , ma ' a m",0.924666276941513,NameDatabase@7f63425a
65,65,"Lecter",NAMEFINDER_ME,"away . as Dr . Lecter , head cocked in a",1.0,NameDatabase@7f63425a
65,65,"THE CHILD",PERSON_NOUN,"HIGH ANGLES (2ND STORY) - THE CHILD'S POV",0.7,null
65,65,"LITTLE GIRL",PERSON_NOUN,"THE LITTLE GIRL'S POV",0.7,null
66,66,"FOREMAN",SPEAKER_ABOVE_DIALOGUE,"FOREMAN/Hello, dear! Punctual as always. And",0.7,NameDatabase@7f63425a
66,66,"FOREMAN",SPEAKER_ABOVE_DIALOGUE,"FOREMAN/Oh, marvelous... You know, I always",0.7,NameDatabase@7f63425a
66,66,"FOREMAN",SPEAKER_ABOVE_DIALOGUE,"FOREMAN/Pardon...?",0.7,NameDatabase@7f63425a
66,66,"FOREMAN",SPEAKER_ABOVE_DIALOGUE,"FOREMAN/Of course... You'll be wanting your -",0.7,NameDatabase@7f63425a
66,66,"FOREMAN",SPEAKER_ABOVE_DIALOGUE,"FOREMAN/(to seamstress)",0.7,NameDatabase@7f63425a
66,66,"Gumb",NAMEFINDER_ME,"wanting your - Mr . Gumb ' s hand reaches INTO",1.0,NameDatabase@7f63425a
66,66,"Bach",NAMEFINDER_ME,"UPCUT - Glenn Gould playing Bach ' s Goldberg Variations ...",1.0,NameDatabase@7f63425a
68,68,"BOYLE",SPEAKER_ABOVE_DIALOGUE,"BOYLE/(laughs)",0.7,NameDatabase@7f63425a
68,68,"DR. LECTER",SPEAKER_ABOVE_DIALOGUE,"DR. LECTER/lines up his thumbnail just shy of the square edge, then",0.7,NameDatabase@7f63425a
68,68,"DR. LECTER",SPEAKER_ABOVE_DIALOGUE,"DR. LECTER/I'm ready when you are, Officer",0.7,NameDatabase@7f63425a
68,68,"DR. LECTER",SPEAKER_ABOVE_DIALOGUE,"DR. LECTER/watches as Boyle approaches the table, above five feet from",0.7,NameDatabase@7f63425a
68,68,"BOYLE'S RIGHT HAND",SPEAKER_ABOVE_DIALOGUE,"BOYLE'S RIGHT HAND/is just inches from the tray when Dr. Lecter's hand darts",0.7,NameDatabase@7f63425a
68,68,"BOYLE",SPEAKER_ABOVE_DIALOGUE,"BOYLE/looks up, astonished, to find himself right in the grinning",0.7,NameDatabase@7f63425a
68,68,"DR. LECTER",SPEAKER_ABOVE_DIALOGUE,"DR. LECTER/picks up the pocketknife, examines it happily. About a four-",0.7,NameDatabase@7f63425a
68,68,"Lecter",NAMEFINDER_ME,"as he approaches Dr . Lecter ' s cell . (",1.0,NameDatabase@7f63425a
68,68,"Lecter",NAMEFINDER_ME,"the pile of Dr . Lecter ' s drawings . The",1.0,NameDatabase@7f63425a
68,68,"Lecter",NAMEFINDER_ME,"the zoo ? Dr . Lecter sits fully clothed on the",1.0,NameDatabase@7f63425a
68,68,"Lecter",NAMEFINDER_ME,"FLUSHES , and Dr . Lecter reappears , looking jaunty .",1.0,NameDatabase@7f63425a
68,68,"Doc",NAMEFINDER_ME,"looking jaunty . Okay , Doc , grab some floor .",1.0,NameDatabase@7f63425a
68,68,"Lecter",NAMEFINDER_ME,"as lunchtime . Dr . Lecter sits on the floor ,",1.0,NameDatabase@7f63425a
68,68,"Lecter",NAMEFINDER_ME,"to squat behind Dr . Lecter . He tugs his hands",1.0,NameDatabase@7f63425a
68,68,"Lecter",NAMEFINDER_ME,"on . ... Dr . Lecter ' s hands , outside",1.0,NameDatabase@7f63425a
68,68,"Lecter",NAMEFINDER_ME,"turns back towards Dr . Lecter , stooping to pick up",1.0,NameDatabase@7f63425a
68,68,"Lecter",NAMEFINDER_ME,"the tray when Dr . Lecter ' s hand darts INTO",1.0,NameDatabase@7f63425a
68,68,"Lecter",NAMEFINDER_ME,"grinning face of Dr . Lecter - who just as quickly",1.0,NameDatabase@7f63425a
68,68,"Lecter",NAMEFINDER_ME,"riot baton ... Dr . Lecter smashing against the cell door",1.0,NameDatabase@7f63425a
68,68,"Lecter",NAMEFINDER_ME,"stares at ... Dr . Lecter ' s bared teeth ,",1.0,NameDatabase@7f63425a
68,68,"Lecter",NAMEFINDER_ME,"towards him ... Dr . Lecter gripping Pembry ' s face",1.0,NameDatabase@7f63425a
68,68,"Lecter",NAMEFINDER_ME,"dropping it ... Dr . Lecter yanking the mace can and",1.0,NameDatabase@7f63425a
68,68,"Lecter",NAMEFINDER_ME,", seeing ... Dr . Lecter standing over him , with",1.0,NameDatabase@7f63425a
68,68,"Bach",NAMEFINDER_ME,". In addition to the Bach , we now hear soft",0.8532742040823342,NameDatabase@7f63425a
69,69,"FAVORING SGT. TATE",SPEAKER_ABOVE_DIALOGUE,"FAVORING SGT. TATE/at his command desk, as he stares at the indicator. Another",0.7,NameDatabase@7f63425a
69,69,"SGT. TATE",SPEAKER_ABOVE_DIALOGUE,"SGT. TATE/What is this shit...? Did somebody",0.7,NameDatabase@7f63425a
69,69,"SGT. TATE",SPEAKER_ABOVE_DIALOGUE,"SGT. TATE/(into mike)",0.7,NameDatabase@7f63425a
69,69,"SGT. TATE",SPEAKER_ABOVE_DIALOGUE,"SGT. TATE/(to the others)",0.7,NameDatabase@7f63425a
69,69,"THE BRONZE ARROW",SPEAKER_ABOVE_DIALOGUE,"THE BRONZE ARROW/has, indeed, frozen at 3. Sgt. Tate lifts the microphone",1.0,NameDatabase@7f63425a
69,69,"SGT. TATE",SPEAKER_ABOVE_DIALOGUE,"SGT. TATE/(into mike)",0.7,NameDatabase@7f63425a
69,69,"Tate",NAMEFINDER_ME,"nearby stairwell . Sgt . Tate jumps to his feet ,",1.0,NameDatabase@7f63425a
69,69,"Bobby",NAMEFINDER_ME,"on your outside posts . Bobby , get the vests .",1.0,NameDatabase@7f63425a
69,69,"Howard",NAMEFINDER_ME,"the vests . Rainey , Howard , cover that fucking elevator",1.0,NameDatabase@7f63425a
69,69,"Tate",NAMEFINDER_ME,"at 3 . Sgt . Tate lifts the microphone again .",1.0,NameDatabase@7f63425a
70,70,"Tate",NAMEFINDER_ME,"HIGH ANGLE on Sgt . Tate as he leads a five",1.0,NameDatabase@7f63425a
71,71,"SGT. TATE",SPEAKER_ABOVE_DIALOGUE,"SGT. TATE/approaches very cautiously, gun aimed. The other cops, behind",0.7,NameDatabase@7f63425a
71,71,"SGT. TATE",SPEAKER_ABOVE_DIALOGUE,"SGT. TATE/(shouts at ceiling)",0.7,NameDatabase@7f63425a
72,72,"SGT. TATE",SPEAKER_ABOVE_DIALOGUE,"SGT. TATE/Oh no... no...",0.7,NameDatabase@7f63425a
72,72,"SGT. TATE",SPEAKER_ABOVE_DIALOGUE,"SGT. TATE/struggles for control, as the other cops move grimly around",0.7,NameDatabase@7f63425a
72,72,"SGT. TATE",SPEAKER_ABOVE_DIALOGUE,"SGT. TATE/(into mike)",0.7,NameDatabase@7f63425a
72,72,"JACOBS",SPEAKER_ABOVE_DIALOGUE,"JACOBS/Boyle is dead, Sarge. His gun's",0.7,NameDatabase@7f63425a
72,72,"MURRAY",SPEAKER_ABOVE_DIALOGUE,"MURRAY/This one's alive!",1.0,NameDatabase@7f63425a
72,72,"SGT. TATE",SPEAKER_ABOVE_DIALOGUE,"SGT. TATE/Take ahold of him where he can feel",0.7,NameDatabase@7f63425a
72,72,"MURRAY",SPEAKER_ABOVE_DIALOGUE,"MURRAY/What's his name, Sarge?",1.0,NameDatabase@7f63425a
72,72,"SGT. TATE",SPEAKER_ABOVE_DIALOGUE,"SGT. TATE/It's Pembry, now talk to him, God",0.7,NameDatabase@7f63425a
72,72,"SGT. TATE",SPEAKER_ABOVE_DIALOGUE,"SGT. TATE/(into radio)",0.7,NameDatabase@7f63425a
72,72,"Tate",NAMEFINDER_ME,"the glass to shatter , Tate following his gun inside ,",1.0,NameDatabase@7f63425a
72,72,"Lecter",NAMEFINDER_ME,"is missing . Repeat , Lecter is missing ... He '",0.9141582403279014,NameDatabase@7f63425a
72,72,"Jacobs",NAMEFINDER_ME,"punches OFF the music . Jacobs kneels with his fingers on",1.0,NameDatabase@7f63425a
72,72,"Murray",NAMEFINDER_ME,"from the bloody fist . Murray , the young patrolman ,",1.0,NameDatabase@7f63425a
72,72,"Tate",NAMEFINDER_ME,"one ' s alive ! Tate crosses , kneels to see",1.0,NameDatabase@7f63425a
72,72,"Murray",NAMEFINDER_ME,"to see for himself . Murray looks green . Take ahold",1.0,NameDatabase@7f63425a
72,72,"Lecter",NAMEFINDER_ME,"' s read bad . Lecter is missing and armed -",1.0,NameDatabase@7f63425a
74,74,"MURRAY",SPEAKER_ABOVE_DIALOGUE,"MURRAY/You're just fine, Pembry, lookin'",1.0,NameDatabase@7f63425a
74,74,"Young Murray",NAMEFINDER_ME,"pulse at the neck . Young Murray crouches , sickened , gripping",1.0,NameDatabase@7f63425a
75,75,"SGT. TATE",SPEAKER_ABOVE_DIALOGUE,"SGT. TATE/(into mike)",0.7,NameDatabase@7f63425a
75,75,"SGT. TATE",SPEAKER_ABOVE_DIALOGUE,"SGT. TATE/(into mike)",0.7,NameDatabase@7f63425a
75,75,"Tate",NAMEFINDER_ME,"Sgt . Tate , riding down with Jacobs",1.0,NameDatabase@7f63425a
75,75,"Jacobs",NAMEFINDER_ME,"Tate , riding down with Jacobs , has his radio out",1.0,NameDatabase@7f63425a
75,75,"Jacobs",NAMEFINDER_ME,"his cheek . He and Jacobs stare at each other .",1.0,NameDatabase@7f63425a
75,75,"Tate",NAMEFINDER_ME,"service hatch . Sgt . Tate motions for silence , as",1.0,NameDatabase@7f63425a
76,76,"SGT. TATE",SPEAKER_ABOVE_DIALOGUE,"SGT. TATE/(whispers)",0.7,NameDatabase@7f63425a
76,76,"Tate",NAMEFINDER_ME,"elevator doors open , and Tate and Jacobs hurry out ,",1.0,NameDatabase@7f63425a
76,76,"Jacobs",NAMEFINDER_ME,"open , and Tate and Jacobs hurry out , stepping quickly",1.0,NameDatabase@7f63425a
76,76,"Tate",NAMEFINDER_ME,"quickly to the side . Tate reaches back in and -",1.0,NameDatabase@7f63425a
76,76,"Tate",NAMEFINDER_ME,"them , curious , as Tate frantically pushes them aside ,",1.0,NameDatabase@7f63425a
77,77,"PETERSON",SPEAKER_ABOVE_DIALOGUE,"PETERSON/whispers into a radio, as Kubell carefully tips an assault",0.7,NameDatabase@7f63425a
77,77,"PETERSON",SPEAKER_ABOVE_DIALOGUE,"PETERSON/I see him... There's a weapon by his",0.7,NameDatabase@7f63425a
77,77,"RADIO VOICE",SPEAKER_ABOVE_DIALOGUE,"RADIO VOICE/Can you get the drop?",1.0,NameDatabase@7f63425a
77,77,"PETERSON",SPEAKER_ABOVE_DIALOGUE,"PETERSON/We got the drop.",0.7,NameDatabase@7f63425a
77,77,"RADIO VOICE",SPEAKER_ABOVE_DIALOGUE,"RADIO VOICE/One warning. Then take him out.",1.0,NameDatabase@7f63425a
77,77,"PETERSON",SPEAKER_ABOVE_DIALOGUE,"PETERSON/Quinn!! put your hands on your head!!",0.7,NameDatabase@7f63425a
77,77,"PETERSON",SPEAKER_ABOVE_DIALOGUE,"PETERSON/Put one in his leg.",0.7,NameDatabase@7f63425a
77,77,"PETERSON",SPEAKER_ABOVE_DIALOGUE,"PETERSON/staring down the shaft, raises his mike again.",0.7,NameDatabase@7f63425a
77,77,"PETERSON",SPEAKER_ABOVE_DIALOGUE,"PETERSON/No movement.",0.7,NameDatabase@7f63425a
77,77,"RADIO VOICE",SPEAKER_ABOVE_DIALOGUE,"RADIO VOICE/Okay, Johnny, hold your fire...",1.0,NameDatabase@7f63425a
77,77,"Peterson",NAMEFINDER_ME,"up to the edge , Peterson extends a mirror , on",1.0,NameDatabase@7f63425a
77,77,"Peterson",NAMEFINDER_ME,"Then take him out . Peterson nods to Kubell , who",1.0,NameDatabase@7f63425a
77,77,"Peterson",NAMEFINDER_ME,"ON the flashlight , as Peterson shouts down the shaft .",0.9715849032765687,NameDatabase@7f63425a
77,77,"Johnny",NAMEFINDER_ME,"No movement . Okay , Johnny , hold your fire ...",1.0,NameDatabase@7f63425a
78,78,"SWAT COMMANDER",SPEAKER_ABOVE_DIALOGUE,"SWAT COMMANDER/(into radio mike)",0.7,NameDatabase@7f63425a
78,78,"PETERSON'S VOICE",SPEAKER_ABOVE_DIALOGUE,"PETERSON'S VOICE/Got it.",0.7,NameDatabase@7f63425a
78,78,"SGT. TATE",SPEAKER_ABOVE_DIALOGUE,"SGT. TATE/shoulders through the SWAT cops for a closer look. He turns",0.7,NameDatabase@7f63425a
78,78,"SGT. TATE",SPEAKER_ABOVE_DIALOGUE,"SGT. TATE/That's Pembry!",0.7,NameDatabase@7f63425a
78,78,"Tate",NAMEFINDER_ME,", from both sides . Tate crouches next to the SWAT",1.0,NameDatabase@7f63425a
80,80,"Lecter",NAMEFINDER_ME,"THROUGH AMBULANCE WINDSHIELD Dr . Lecter ' s face is slowly",1.0,NameDatabase@7f63425a
84,84,"Lecter",NAMEFINDER_ME,"the face of Dr . Lecter . He smiles his terrible",1.0,NameDatabase@7f63425a
86,86,"ARDELIA",SPEAKER_WITH_VO_OS,"ARDELIA (V.O.)/They found the ambulance...",1.0,NameDatabase@7f63425a
87,87,"ARDELIA",SPEAKER_ABOVE_DIALOGUE,"ARDELIA/In the parking garage at Memphis",0.8,NameDatabase@7f63425a
87,87,"CLARICE",SPEAKER_ABOVE_DIALOGUE,"CLARICE/No. He won't come after me.",0.8,NameDatabase@7f63425a
87,87,"ARDELIA",SPEAKER_ABOVE_DIALOGUE,"ARDELIA/Why not?",0.8,NameDatabase@7f63425a
87,87,"CLARICE",SPEAKER_ABOVE_DIALOGUE,"CLARICE/(bitterly)",0.8,NameDatabase@7f63425a
87,87,"ARDELIA",SPEAKER_ABOVE_DIALOGUE,"ARDELIA/Clarice - you did the best anybody",0.8,NameDatabase@7f63425a
87,87,"CLARICE",SPEAKER_ABOVE_DIALOGUE,"CLARICE/The worst part - the thing that's",0.8,NameDatabase@7f63425a
87,87,"ARDELIA",SPEAKER_ABOVE_DIALOGUE,"ARDELIA/Lecter said a lot of things.",0.8,NameDatabase@7f63425a
87,87,"CLARICE",SPEAKER_ABOVE_DIALOGUE,"CLARICE/(shakes her head)",0.8,NameDatabase@7f63425a
87,87,"Catherine Martin",NAMEFINDER_ME,"best anybody could have for Catherine Martin . You stuck your neck",1.0,NameDatabase@7f63425a
87,87,"Bill",NAMEFINDER_ME,"me crazy - is that Bill is right in front of",1.0,NameDatabase@7f63425a
87,87,"Lecter",NAMEFINDER_ME,"touching the case file ) Lecter said , everything I need",1.0,NameDatabase@7f63425a
87,87,"Lecter",NAMEFINDER_ME,", in these pages ... Lecter said a lot of things",1.0,NameDatabase@7f63425a
88,88,"ARDELIA",SPEAKER_ABOVE_DIALOGUE,"ARDELIA/(surprised)",0.8,NameDatabase@7f63425a
88,88,"CLARICE",SPEAKER_ABOVE_DIALOGUE,"CLARICE/""Desperately random."" What does he",0.8,NameDatabase@7f63425a
88,88,"ARDELIA",SPEAKER_ABOVE_DIALOGUE,"ARDELIA/Not random at all, maybe. Like there's",0.8,NameDatabase@7f63425a
88,88,"CLARICE",SPEAKER_ABOVE_DIALOGUE,"CLARICE/But there is no pattern. There's no",0.8,NameDatabase@7f63425a
88,88,"ARDELIA",SPEAKER_ABOVE_DIALOGUE,"ARDELIA/Well, except for the one girl.",0.8,NameDatabase@7f63425a
88,88,"CLARICE",SPEAKER_ABOVE_DIALOGUE,"CLARICE/(beat)",0.8,NameDatabase@7f63425a
88,88,"ARDELIA",SPEAKER_ABOVE_DIALOGUE,"ARDELIA/The one that was weighted down. Where",0.8,NameDatabase@7f63425a
88,88,"CLARICE",SPEAKER_ABOVE_DIALOGUE,"CLARICE/Fredrica Bimmel, from Belvedere,",0.8,NameDatabase@7f63425a
88,88,"ARDELIA",SPEAKER_ABOVE_DIALOGUE,"ARDELIA/'Cause she didn't drift. He weighted",0.8,NameDatabase@7f63425a
88,88,"CLARICE",SPEAKER_ABOVE_DIALOGUE,"CLARICE/But why? He didn't weight the others.",0.8,NameDatabase@7f63425a
88,88,"CLARICE",SPEAKER_ABOVE_DIALOGUE,"CLARICE/The first, what the hell did Lecter",0.8,NameDatabase@7f63425a
88,88,"CLARICE",SPEAKER_ABOVE_DIALOGUE,"CLARICE/""- every day.""",0.8,NameDatabase@7f63425a
88,88,"ARDELIA",SPEAKER_ABOVE_DIALOGUE,"ARDELIA/(softly)",0.8,NameDatabase@7f63425a
88,88,"CLARICE",SPEAKER_WITH_VO_OS,"CLARICE (V.O.)/He knew her...!",1.0,NameDatabase@7f63425a
88,88,"Lecter",NAMEFINDER_ME,"inked words in Dr . Lecter ' s precise , elegant",1.0,NameDatabase@7f63425a
88,88,"Hannibal Lecter",NAMEFINDER_ME,"bad liar ? Ta ... Hannibal Lecter . as Clarice looks up",1.0,NameDatabase@7f63425a
88,88,"Fred",NAMEFINDER_ME,"Where is she ... ? Fred something . They search among",1.0,NameDatabase@7f63425a
88,88,"Lecter",NAMEFINDER_ME,", what the hell did Lecter say about ... "" First",1.0,NameDatabase@7f63425a
89,89,"CLARICE",SPEAKER_ABOVE_DIALOGUE,"CLARICE/Maybe he lives in this, this",0.8,NameDatabase@7f63425a
89,89,"CLARICE",SPEAKER_ABOVE_DIALOGUE,"CLARICE/But then he had to cover up, make",0.8,NameDatabase@7f63425a
89,89,"CRAWFORD",SPEAKER_ABOVE_DIALOGUE,"CRAWFORD/Who the hell's fault is -",0.7,NameDatabase@7f63425a
89,89,"CRAWFORD",SPEAKER_ABOVE_DIALOGUE,"CRAWFORD/If you hadn't interfered, he'd still",0.7,NameDatabase@7f63425a
89,89,"BURKE",SPEAKER_ABOVE_DIALOGUE,"BURKE/Jack -",0.7,NameDatabase@7f63425a
89,89,"CRAWFORD",SPEAKER_ABOVE_DIALOGUE,"CRAWFORD/You're just trying to cover your ass",0.7,NameDatabase@7f63425a
89,89,"BURKE",SPEAKER_ABOVE_DIALOGUE,"BURKE/THAT'S ENOUGH! All of you...",0.7,NameDatabase@7f63425a
89,89,"BURKE",SPEAKER_ABOVE_DIALOGUE,"BURKE/(very reluctantly)",0.7,NameDatabase@7f63425a
89,89,"Burke",NAMEFINDER_ME,"seated in front of Director Burke , who ' s at",0.9448502093421862,NameDatabase@7f63425a
89,89,"Lecter",NAMEFINDER_ME,". That ' s what Lecter was hinting ! The market",0.9337072730750064,NameDatabase@7f63425a
89,89,"Jack -",NAMEFINDER_ME,"in custody in Baltimore ! Jack - You sent in a green",1.0,NameDatabase@7f63425a
89,89,"Crawford",NAMEFINDER_ME,"struggle to regain composure . Crawford , who was at the",1.0,NameDatabase@7f63425a
89,89,"Burke",NAMEFINDER_ME,"finally retakes his seat . Burke looks sadly at Crawford and",0.742019237992408,NameDatabase@7f63425a
89,89,"Jack",NAMEFINDER_ME,"hearing . ( pause ) Jack ... you ' re ordered",1.0,NameDatabase@7f63425a
89,89,"Jack",NAMEFINDER_ME,"I ' m sorry , Jack ... Go home . Take",1.0,NameDatabase@7f63425a
89,89,"Bella",NAMEFINDER_ME,"home . Take care of Bella . Clarice and Crawford stare",1.0,NameDatabase@7f63425a
90,90,"CLARICE",SPEAKER_ABOVE_DIALOGUE,"CLARICE/All his victims are women... His",0.8,NameDatabase@7f63425a
90,90,"CRAWFORD",SPEAKER_ABOVE_DIALOGUE,"CRAWFORD/You heard them. I don't have that",0.7,NameDatabase@7f63425a
90,90,"CLARICE",SPEAKER_ABOVE_DIALOGUE,"CLARICE/You do until six p.m.",0.8,NameDatabase@7f63425a
90,90,"CRAWFORD",SPEAKER_ABOVE_DIALOGUE,"CRAWFORD/Ohio is cold ground. Picked over,",0.7,NameDatabase@7f63425a
90,90,"CLARICE",SPEAKER_ABOVE_DIALOGUE,"CLARICE/But not from this angle. Not thinking",0.8,NameDatabase@7f63425a
90,90,"CRAWFORD",SPEAKER_ABOVE_DIALOGUE,"CRAWFORD/I'm Bureau for 28 years, Starling. I",0.7,NameDatabase@7f63425a
90,90,"CLARICE",SPEAKER_ABOVE_DIALOGUE,"CLARICE/But I just became a private citizen.",0.8,NameDatabase@7f63425a
90,90,"CRAWFORD",SPEAKER_ABOVE_DIALOGUE,"CRAWFORD/With ID and a gun...? Impersonating",0.7,NameDatabase@7f63425a
90,90,"CLARICE",SPEAKER_ABOVE_DIALOGUE,"CLARICE/He's going to kill her, Mr. Crawford.",0.8,NameDatabase@7f63425a
90,90,"CRAWFORD",SPEAKER_ABOVE_DIALOGUE,"CRAWFORD/(pulls out his wallet)",0.7,NameDatabase@7f63425a
90,90,"CLARICE",SPEAKER_ABOVE_DIALOGUE,"CLARICE/Thank you.",0.8,NameDatabase@7f63425a
90,90,"Crawford",NAMEFINDER_ME,"kill her , Mr . Crawford . This morning , or",0.8747713262604655,NameDatabase@7f63425a
90,90,"Catherine",NAMEFINDER_ME,", a long moment . Catherine ' s life . Clarice",1.0,NameDatabase@7f63425a
90,90,"Fats Waller SINGING",NAMEFINDER_ME,"- the scratchy recording of Fats Waller SINGING , as we ... CUT",1.0,NameDatabase@7f63425a
91,91,"MR. GUMB",SPEAKER_ABOVE_DIALOGUE,"MR. GUMB/Precious...?",0.7,NameDatabase@7f63425a
91,91,"MR. GUMB",SPEAKER_ABOVE_DIALOGUE,"MR. GUMB/Sweetheart...?",0.7,NameDatabase@7f63425a
91,91,"CATHERINE",SPEAKER_WITH_VO_OS,"CATHERINE (O.S.)/She'd down here you sack of shit.",1.0,NameDatabase@7f63425a
91,91,"MR. GUMB",SPEAKER_ABOVE_DIALOGUE,"MR. GUMB/Precious, are you all right?",0.7,NameDatabase@7f63425a
91,91,"CATHERINE",SPEAKER_ABOVE_DIALOGUE,"CATHERINE/Get me a telephone. Lower it down to",1.0,NameDatabase@7f63425a
91,91,"CATHERINE",SPEAKER_ABOVE_DIALOGUE,"CATHERINE/You shoot motherfucker you better",1.0,NameDatabase@7f63425a
91,91,"CATHERINE",SPEAKER_ABOVE_DIALOGUE,"CATHERINE/Back off, you son of a bitch! Back",1.0,NameDatabase@7f63425a
91,91,"CATHERINE",SPEAKER_ABOVE_DIALOGUE,"CATHERINE/That's better... Now get me a live",1.0,NameDatabase@7f63425a
91,91,"MR. GUMB",SPEAKER_ABOVE_DIALOGUE,"MR. GUMB/stares down at her, a long beat, breathing heavily.",0.7,NameDatabase@7f63425a
91,91,"MR. GUMB",SPEAKER_ABOVE_DIALOGUE,"MR. GUMB/You think she's in pain? You don't",0.7,NameDatabase@7f63425a
91,91,"CATHERINE",SPEAKER_ABOVE_DIALOGUE,"CATHERINE/begins shaking, hands and arms twitching uncontrollably. She",1.0,NameDatabase@7f63425a
91,91,"Gumb",NAMEFINDER_ME,"record , as Mr . Gumb ' s fingers lift away",1.0,NameDatabase@7f63425a
91,91,"Gumb",NAMEFINDER_ME,"cage , as Mr . Gumb ' s fingers search through",1.0,NameDatabase@7f63425a
91,91,"Gumb",NAMEFINDER_ME,"alarm has entered Mr . Gumb ' s voice . You",1.0,NameDatabase@7f63425a
91,91,"Gumb",NAMEFINDER_ME,"LOW ANGLE on Mr . Gumb , wearing the kimono ,",1.0,NameDatabase@7f63425a
91,91,"Gumb",NAMEFINDER_ME,"PIT OPENING Towards Mr . Gumb , as he stops at",1.0,NameDatabase@7f63425a
91,91,"Catherine",NAMEFINDER_ME,"the pit , we hear Catherine ' s voice . She",1.0,NameDatabase@7f63425a
91,91,"Gumb",NAMEFINDER_ME,"of shit . Mr . Gumb ' s fist flies to",1.0,NameDatabase@7f63425a
91,91,"Gumb",NAMEFINDER_ME,"PIT BOTTOM as Mr . Gumb ' s dark shape leans",1.0,NameDatabase@7f63425a
91,91,"Gumb",NAMEFINDER_ME,"chest . Seeing Mr . Gumb , the dog squirms frantically",1.0,NameDatabase@7f63425a
91,91,"Gumb",NAMEFINDER_ME,"dog . on Mr . Gumb , as , with a",1.0,NameDatabase@7f63425a
91,91,"Catherine",NAMEFINDER_ME,"as he takes aim . Catherine yanks the dog up ,",1.0,NameDatabase@7f63425a
91,91,"Gumb",NAMEFINDER_ME,"off ! as Mr . Gumb cries out again - a",1.0,NameDatabase@7f63425a
93,93,"CLARICE",SPEAKER_ABOVE_DIALOGUE,"CLARICE/approaches him, and the man lowers his hammer. He has red-",0.8,NameDatabase@7f63425a
93,93,"CLARICE",SPEAKER_ABOVE_DIALOGUE,"CLARICE/Mr. Bimmel...?",0.8,NameDatabase@7f63425a
94,94,"Bimmel",NAMEFINDER_ME,"LOOKING DOWN as Mr . Bimmel leads Clarice up a steep",0.9159953963432603,NameDatabase@7f63425a
95,95,"CLARICE",SPEAKER_ABOVE_DIALOGUE,"CLARICE/turns, absorbing nuances. There is loneliness here, an echo",0.8,NameDatabase@7f63425a
95,95,"CLARICE",SPEAKER_ABOVE_DIALOGUE,"CLARICE/picks up the cat, scratches behind his ears. She glances up.",0.8,NameDatabase@7f63425a
95,95,"CLARICE",SPEAKER_ABOVE_DIALOGUE,"CLARICE/sitting at the desk, turns the pages of a high school",0.8,NameDatabase@7f63425a
95,95,"CLARICE",SPEAKER_ABOVE_DIALOGUE,"CLARICE/kneeling by the old Decca record player, flips through LPs",0.8,NameDatabase@7f63425a
95,95,"CLARICE",SPEAKER_ABOVE_DIALOGUE,"CLARICE/pulling a string to light up the closet. She is surprised",0.8,NameDatabase@7f63425a
95,95,"CLARICE",SPEAKER_ABOVE_DIALOGUE,"CLARICE/who stares at them, starting to tremble.",0.8,NameDatabase@7f63425a
95,95,"CLARICE",SPEAKER_ABOVE_DIALOGUE,"CLARICE/Sewing darts. You bastard.",0.8,NameDatabase@7f63425a
95,95,"Billy",NAMEFINDER_ME,"forms in her mind . Billy wants to change , too",1.0,NameDatabase@7f63425a
96,96,"CLARICE",SPEAKER_ABOVE_DIALOGUE,"CLARICE/(into phone)",0.8,NameDatabase@7f63425a
96,96,"CRAWFORD",SPEAKER_WITH_VO_OS,"CRAWFORD (V.O.)/Starling -",1.0,NameDatabase@7f63425a
96,96,"CLARICE",SPEAKER_ABOVE_DIALOGUE,"CLARICE/That's why they're all so big -",0.8,NameDatabase@7f63425a
96,96,"CRAWFORD",SPEAKER_WITH_VO_OS,"CRAWFORD (V.O.)/Starling, we know who he is! And",1.0,NameDatabase@7f63425a
96,96,"CLARICE",SPEAKER_ABOVE_DIALOGUE,"CLARICE/(pause; surprised)",0.8,NameDatabase@7f63425a
96,96,"Crawford",NAMEFINDER_ME,"suit , "" Mr . Crawford - out of real women",1.0,NameDatabase@7f63425a
97,97,"CRAWFORD",SPEAKER_ABOVE_DIALOGUE,"CRAWFORD/(into speaker phone)",0.7,NameDatabase@7f63425a
97,97,"CLARICE",SPEAKER_ABOVE_DIALOGUE,"CLARICE/(on phone)",0.8,NameDatabase@7f63425a
97,97,"CRAWFORD",SPEAKER_ABOVE_DIALOGUE,"CRAWFORD/Johns Hopkins finally came up with a",0.7,NameDatabase@7f63425a
97,97,"CRAWFORD",SPEAKER_WITH_VO_OS,"CRAWFORD (O.S.)/This Gumb's a real beauty. Slaughtered",1.0,NameDatabase@7f63425a
97,97,"CLARICE",SPEAKER_ABOVE_DIALOGUE,"CLARICE/Sewing...",0.8,NameDatabase@7f63425a
97,97,"CRAWFORD",SPEAKER_ABOVE_DIALOGUE,"CRAWFORD/Take a bow. Customs had some paper",0.7,NameDatabase@7f63425a
97,97,"CLARICE",SPEAKER_ABOVE_DIALOGUE,"CLARICE/(eagerly)",0.8,NameDatabase@7f63425a
97,97,"CRAWFORD",SPEAKER_ABOVE_DIALOGUE,"CRAWFORD/No, Starling, there isn't time. And",0.7,NameDatabase@7f63425a
97,97,"CLARICE",SPEAKER_ABOVE_DIALOGUE,"CLARICE/Yes sir... I'll do my best.",0.8,NameDatabase@7f63425a
97,97,"CRAWFORD",SPEAKER_ABOVE_DIALOGUE,"CRAWFORD/(pause; gently)",0.7,NameDatabase@7f63425a
97,97,"CLARICE",SPEAKER_ABOVE_DIALOGUE,"CLARICE/Yes sir. Thank you, sir...",0.8,NameDatabase@7f63425a
97,97,"CRAWFORD",SPEAKER_ABOVE_DIALOGUE,"CRAWFORD/switches off, feeling bad for her. On the console near him,",0.7,NameDatabase@7f63425a
97,97,"BURROUGHS",SPEAKER_WITH_VO_OS,"BURROUGHS (O.S.)/Here he comes, Jack.",1.0,NameDatabase@7f63425a
97,97,"Burroughs",NAMEFINDER_ME,"a communications console , with Burroughs , in headphones , by",1.0,NameDatabase@7f63425a
97,97,"Calumet City",NAMEFINDER_ME,"( into speaker phone ) Calumet City , edge of Chicago .",0.9886583100703068,NameDatabase@7f63425a
97,97,"Jamie Gumb",NAMEFINDER_ME,"' s name is "" Jamie Gumb , "" AKA "" John",1.0,NameDatabase@7f63425a
97,97,"John Grant",NAMEFINDER_ME,"Gumb , "" AKA "" John Grant . "" Lecter ' s",1.0,NameDatabase@7f63425a
97,97,"John Grant",NAMEFINDER_ME,". The addressee was "" John Grant . "" Calumet Power &",1.0,NameDatabase@7f63425a
97,97,"Jack",NAMEFINDER_ME,". Here he comes , Jack . an emerging sheet ,",1.0,NameDatabase@7f63425a
97,97,"Gumb",NAMEFINDER_ME,"an emerging sheet , as Gumb ' s face is printed",0.9294982620404773,NameDatabase@7f63425a
98,98,"CLARICE",SPEAKER_ABOVE_DIALOGUE,"CLARICE/somewhat embarrassed, crosses over to him.",0.8,NameDatabase@7f63425a
98,98,"CLARICE",SPEAKER_ABOVE_DIALOGUE,"CLARICE/Mr. Bimmel... did Fredrica ever",0.8,NameDatabase@7f63425a
98,98,"CLARICE",SPEAKER_ABOVE_DIALOGUE,"CLARICE/Who was her best friend, Mr. Bimmel?",0.8,NameDatabase@7f63425a
98,98,"Jamie Gumb",NAMEFINDER_ME,"ever mention a man named Jamie Gumb , from Calumet City ?",1.0,NameDatabase@7f63425a
98,98,"John Grant",NAMEFINDER_ME,"from Calumet City ? Or John Grant ? ( he shakes his",1.0,NameDatabase@7f63425a
98,98,"Bimmel",NAMEFINDER_ME,"best friend , Mr . Bimmel ? Who ' d she",0.7116885224593288,NameDatabase@7f63425a
99,99,"STACY",SPEAKER_WITH_VO_OS,"STACY (V.O.)/Freaked me out. Get your skin peeled",1.0,NameDatabase@7f63425a
99,99,"Burroughs",NAMEFINDER_ME,"gangway down . Crawford , Burroughs , and the HRT squad",0.8942613592941222,NameDatabase@7f63425a
100,100,"STACY",SPEAKER_ABOVE_DIALOGUE,"STACY/They said she was just rags, like",1.0,NameDatabase@7f63425a
100,100,"CLARICE",SPEAKER_ABOVE_DIALOGUE,"CLARICE/Stacy, did Fredrica ever mention a",0.8,NameDatabase@7f63425a
100,100,"STACY",SPEAKER_ABOVE_DIALOGUE,"STACY/No way. She had a guy, I'da known,",1.0,NameDatabase@7f63425a
100,100,"CLARICE",SPEAKER_ABOVE_DIALOGUE,"CLARICE/Did you ever work with her?",0.8,NameDatabase@7f63425a
100,100,"STACY",SPEAKER_ABOVE_DIALOGUE,"STACY/Oh sure, me'n Pam Malavesi used to",1.0,NameDatabase@7f63425a
100,100,"CLARICE",SPEAKER_ABOVE_DIALOGUE,"CLARICE/Where does Mrs. Lippman live? I'd",0.8,NameDatabase@7f63425a
100,100,"STACY",SPEAKER_ABOVE_DIALOGUE,"STACY/She died. She went to Florida to",1.0,NameDatabase@7f63425a
100,100,"STACY",SPEAKER_ABOVE_DIALOGUE,"STACY/(beat; shyly)",1.0,NameDatabase@7f63425a
100,100,"CLARICE",SPEAKER_ABOVE_DIALOGUE,"CLARICE/I think so.",0.8,NameDatabase@7f63425a
100,100,"STACY",SPEAKER_ABOVE_DIALOGUE,"STACY/You get to travel around and stuff?",1.0,NameDatabase@7f63425a
100,100,"CLARICE",SPEAKER_ABOVE_DIALOGUE,"CLARICE/Sometimes you do.",0.8,NameDatabase@7f63425a
100,100,"STACY",SPEAKER_ABOVE_DIALOGUE,"STACY/Freddie was so happy for me when I",1.0,NameDatabase@7f63425a
100,100,"Jamie Gumb",NAMEFINDER_ME,"ever mention a man named Jamie Gumb ? Or John Grant ?",1.0,NameDatabase@7f63425a
100,100,"John Grant",NAMEFINDER_ME,"named Jamie Gumb ? Or John Grant ? ( Stacy shakes her",1.0,NameDatabase@7f63425a
100,100,"Lippman",NAMEFINDER_ME,". Where does Mrs . Lippman live ? I ' d",0.879546084708376,NameDatabase@7f63425a
100,100,"Barry Manilow",NAMEFINDER_ME,"- toaster giveaways , and Barry Manilow on the speakers all day",1.0,NameDatabase@7f63425a
102,102,"Gumb",NAMEFINDER_ME,"CLOSE ON Mr . Gumb , as he settles a",1.0,NameDatabase@7f63425a
104,104,"Gumb",NAMEFINDER_ME,"box , as Mr . Gumb reaches in , flips a",1.0,NameDatabase@7f63425a
106,106,"Gumb",NAMEFINDER_ME,"Mr . Gumb , in his kimono and",1.0,NameDatabase@7f63425a
108,108,"MR. GUMB",SPEAKER_ABOVE_DIALOGUE,"MR. GUMB/Looking down at her, smiles...",0.7,NameDatabase@7f63425a
108,108,"Catherine",NAMEFINDER_ME,"and closer ... and then Catherine comes INTO VIEW , at",1.0,NameDatabase@7f63425a
110,110,"MR. GUMB",SPEAKER_ABOVE_DIALOGUE,"MR. GUMB/raises his gun again, spinning back towards -",0.7,NameDatabase@7f63425a
110,110,"MR. GUMB",SPEAKER_ABOVE_DIALOGUE,"MR. GUMB/bites his lip, his aim wavering, as he can't decide where to",0.7,NameDatabase@7f63425a
110,110,"Gumb",NAMEFINDER_ME,"the moment , Mr . Gumb aims the big Colt ,",1.0,NameDatabase@7f63425a
110,110,"Catherine",NAMEFINDER_ME,"- THE PIT BOTTOM where Catherine , hearing but still not",1.0,NameDatabase@7f63425a
111,111,"CLARICE",SPEAKER_ABOVE_DIALOGUE,"CLARICE/Good afternoon... I wonder if you",0.8,NameDatabase@7f63425a
111,111,"MR. GUMB",SPEAKER_ABOVE_DIALOGUE,"MR. GUMB/They don't live here anymore.",0.7,NameDatabase@7f63425a
111,111,"Lippman",NAMEFINDER_ME,"m looking for Mrs . Lippman ' s family ? Mr",1.0,NameDatabase@7f63425a
111,111,"Gumb",NAMEFINDER_ME,"s family ? Mr . Gumb frowns out at Clarice .",1.0,NameDatabase@7f63425a
112,112,"Burroughs",NAMEFINDER_ME,"through as - Crawford and Burroughs race towards the door ,",1.0,NameDatabase@7f63425a
113,113,"CLARICE",SPEAKER_ABOVE_DIALOGUE,"CLARICE/Excuse me, but I really do need to",0.8,NameDatabase@7f63425a
113,113,"MR. GUMB",SPEAKER_ABOVE_DIALOGUE,"MR. GUMB/(beat)",0.7,NameDatabase@7f63425a
113,113,"Gumb",NAMEFINDER_ME,"Mr . Gumb starts to close the door",1.0,NameDatabase@7f63425a
113,113,"Lippman",NAMEFINDER_ME,". This was Mrs . Lippman ' s house . Did",1.0,NameDatabase@7f63425a
115,115,"CLARICE",SPEAKER_ABOVE_DIALOGUE,"CLARICE/I'm investigating the death of",0.8,NameDatabase@7f63425a
115,115,"CLARICE",SPEAKER_ABOVE_DIALOGUE,"CLARICE/Mr. Gordon, did you know Fredrica",0.8,NameDatabase@7f63425a
115,115,"MR. GUMB",SPEAKER_ABOVE_DIALOGUE,"MR. GUMB/No. Wait... Was she a great, fat",0.7,NameDatabase@7f63425a
115,115,"Gumb",NAMEFINDER_ME,"Clarice and Mr . Gumb , still eyeing each other",1.0,NameDatabase@7f63425a
115,115,"Gordon",NAMEFINDER_ME,", please ? Mr . Gordon , did you know Fredrica",1.0,NameDatabase@7f63425a
115,115,"Lippman",NAMEFINDER_ME,"she worked for Mrs . Lippman ? No . Wait ...",1.0,NameDatabase@7f63425a
116,116,"Burroughs",NAMEFINDER_ME,"MOVING ANGLE as Burroughs moves quickly down a hallway",1.0,NameDatabase@7f63425a
116,116,"Burroughs",NAMEFINDER_ME,"by several other cops . Burroughs shakes his head : Nothing",1.0,NameDatabase@7f63425a
117,117,"MR. GUMB",SPEAKER_ABOVE_DIALOGUE,"MR. GUMB/Mrs. Lippman had a son, maybe he",0.7,NameDatabase@7f63425a
117,117,"CLARICE",SPEAKER_ABOVE_DIALOGUE,"CLARICE/Thanks.",0.8,NameDatabase@7f63425a
117,117,"Gumb",NAMEFINDER_ME,"Mr . Gumb glances briefly over his shoulder",1.0,NameDatabase@7f63425a
117,117,"Lippman",NAMEFINDER_ME,"a smile . Mrs . Lippman had a son , maybe",1.0,NameDatabase@7f63425a
117,117,"Gumb",NAMEFINDER_ME,"we watch as Mr . Gumb , at the end of",1.0,NameDatabase@7f63425a
118,118,"WE PICK OUT CRAWFORD",SPEAKER_ABOVE_DIALOGUE,"WE PICK OUT CRAWFORD/walking across the grass towards the van, when all at once",1.0,NameDatabase@7f63425a
118,118,"CRAWFORD",SPEAKER_ABOVE_DIALOGUE,"CRAWFORD/Clarice.",0.7,NameDatabase@7f63425a
119,119,"MR. GUMB",SPEAKER_ABOVE_DIALOGUE,"MR. GUMB/Are they close to catching somebody,",0.7,NameDatabase@7f63425a
119,119,"CLARICE",SPEAKER_ABOVE_DIALOGUE,"CLARICE/I think we may be, yes.",0.8,NameDatabase@7f63425a
119,119,"CLARICE",SPEAKER_ABOVE_DIALOGUE,"CLARICE/Mr. Gordon, did you take over this",0.8,NameDatabase@7f63425a
119,119,"MR. GUMB",SPEAKER_ABOVE_DIALOGUE,"MR. GUMB/Yes. I bought the house from her,",0.7,NameDatabase@7f63425a
119,119,"CLARICE",SPEAKER_ABOVE_DIALOGUE,"CLARICE/Did she leave any records here? Tax",0.8,NameDatabase@7f63425a
119,119,"MR. GUMB",SPEAKER_ABOVE_DIALOGUE,"MR. GUMB/No, nothing at all. Has the FBI",0.7,NameDatabase@7f63425a
119,119,"MR. GUMB",SPEAKER_ABOVE_DIALOGUE,"MR. GUMB/Do you have his description yet, or",0.7,NameDatabase@7f63425a
119,119,"CLARICE",SPEAKER_ABOVE_DIALOGUE,"CLARICE/unaware, is still glancing around the room. For several",0.8,NameDatabase@7f63425a
119,119,"CLARICE",SPEAKER_ABOVE_DIALOGUE,"CLARICE/No... no, we don't.",0.8,NameDatabase@7f63425a
119,119,"MR. GUMB",SPEAKER_ABOVE_DIALOGUE,"MR. GUMB/turns back towards her cheerfully, holding out a business",0.7,NameDatabase@7f63425a
119,119,"MR. GUMB",SPEAKER_ABOVE_DIALOGUE,"MR. GUMB/Ahhh. Here's that number.",0.7,NameDatabase@7f63425a
119,119,"CLARICE",SPEAKER_ABOVE_DIALOGUE,"CLARICE/keeps her distance. They are about ten feet apart.",0.8,NameDatabase@7f63425a
119,119,"CLARICE",SPEAKER_ABOVE_DIALOGUE,"CLARICE/Good, thank you. Mr. Gordon, do you",0.8,NameDatabase@7f63425a
119,119,"MR. GUMB",SPEAKER_ABOVE_DIALOGUE,"MR. GUMB/is about to reply when the moth suddenly flies up from behind",0.7,NameDatabase@7f63425a
119,119,"MR. GUMB",SPEAKER_ABOVE_DIALOGUE,"MR. GUMB/(softly)",0.7,NameDatabase@7f63425a
119,119,"CLARICE",SPEAKER_ABOVE_DIALOGUE,"CLARICE/whips her gun out, gripping it in both shaking hands.",0.8,NameDatabase@7f63425a
119,119,"CLARICE",SPEAKER_ABOVE_DIALOGUE,"CLARICE/Freeze!",0.8,NameDatabase@7f63425a
119,119,"MR. GUMB",SPEAKER_ABOVE_DIALOGUE,"MR. GUMB/slowly tilts his head to one side, smiles at her.",0.7,NameDatabase@7f63425a
119,119,"CLARICE",SPEAKER_ABOVE_DIALOGUE,"CLARICE/tries to force more authority into her voice.",0.8,NameDatabase@7f63425a
119,119,"CLARICE",SPEAKER_ABOVE_DIALOGUE,"CLARICE/Okay... Okay, Mr. Gumb, you're under",0.8,NameDatabase@7f63425a
119,119,"MR. GUMB",SPEAKER_ABOVE_DIALOGUE,"MR. GUMB/turns, then all at once, in two quick steps, he is gone,",0.7,NameDatabase@7f63425a
119,119,"CLARICE",SPEAKER_ABOVE_DIALOGUE,"CLARICE/hesitates, just a split second, to shoot him in the back -",0.8,NameDatabase@7f63425a
119,119,"CLARICE",SPEAKER_ABOVE_DIALOGUE,"CLARICE/Shit!",0.8,NameDatabase@7f63425a
119,119,"Gumb",NAMEFINDER_ME,"the kitchen . Mr . Gumb is crossing to a rolling",1.0,NameDatabase@7f63425a
119,119,"Gumb",NAMEFINDER_ME,", yes . Mr . Gumb stiffens , almost imperceptibly .",1.0,NameDatabase@7f63425a
119,119,"Gordon",NAMEFINDER_ME,"rustling papers . Mr . Gordon , did you take over",1.0,NameDatabase@7f63425a
119,119,"Lippman",NAMEFINDER_ME,"this place after Mrs . Lippman died ? Yes . I",1.0,NameDatabase@7f63425a
119,119,"Moth",NAMEFINDER_ME,"Death ' s - head Moth . It creeps slowly to",1.0,NameDatabase@7f63425a
119,119,"Gordon",NAMEFINDER_ME,"thank you . Mr . Gordon , do you have a",1.0,NameDatabase@7f63425a
119,119,"Gumb",NAMEFINDER_ME,"... Okay , Mr . Gumb , you ' re under",1.0,NameDatabase@7f63425a
120,120,"CLARICE",SPEAKER_ABOVE_DIALOGUE,"CLARICE/rushes to this - pauses - then elbows the door aside, aiming",0.8,NameDatabase@7f63425a
120,120,"CLARICE",SPEAKER_ABOVE_DIALOGUE,"CLARICE/hates this, hates this, which door, it's a trap, what to do:",0.8,NameDatabase@7f63425a
120,120,"CLARICE",SPEAKER_ABOVE_DIALOGUE,"CLARICE/rushes through the doorway, and down the stairs.",0.8,NameDatabase@7f63425a
120,120,"Gumb",NAMEFINDER_ME,"No sign of Mr . Gumb . hates this , hates",1.0,NameDatabase@7f63425a
120,120,"Catherine Martin",NAMEFINDER_ME,"- The distant SCREAM of Catherine Martin , somewhere down there in",1.0,NameDatabase@7f63425a
121,121,"CLARICE",SPEAKER_ABOVE_DIALOGUE,"CLARICE/follows her gun around the corner, looking right.",0.8,NameDatabase@7f63425a
121,121,"CLARICE",SPEAKER_ABOVE_DIALOGUE,"CLARICE/moves cautiously towards this chamber...",0.8,NameDatabase@7f63425a
121,121,"Gumb",NAMEFINDER_ME,"is incandescent ; Mr . Gumb has switched off his infra",1.0,NameDatabase@7f63425a
122,122,"CLARICE",SPEAKER_ABOVE_DIALOGUE,"CLARICE/kneels, staring up from one door to another, she can't cover",0.8,NameDatabase@7f63425a
122,122,"CLARICE",SPEAKER_ABOVE_DIALOGUE,"CLARICE/FBI, Catherine, you're safe.",0.8,NameDatabase@7f63425a
122,122,"CATHERINE",SPEAKER_ABOVE_DIALOGUE,"CATHERINE/Safe, SHIT, he's got a gun! Getmeout.",1.0,NameDatabase@7f63425a
122,122,"CLARICE",SPEAKER_ABOVE_DIALOGUE,"CLARICE/You're all right! Where is he?",0.8,NameDatabase@7f63425a
122,122,"CATHERINE",SPEAKER_ABOVE_DIALOGUE,"CATHERINE/Get me out!",1.0,NameDatabase@7f63425a
122,122,"CLARICE",SPEAKER_ABOVE_DIALOGUE,"CLARICE/I'll get you out! Just be quiet so I",0.8,NameDatabase@7f63425a
122,122,"CATHERINE",SPEAKER_ABOVE_DIALOGUE,"CATHERINE/I don't know! Get me out!!",1.0,NameDatabase@7f63425a
122,122,"CLARICE",SPEAKER_ABOVE_DIALOGUE,"CLARICE/Catherine. Listen to me. I have to",0.8,NameDatabase@7f63425a
122,122,"CATHERINE",SPEAKER_ABOVE_DIALOGUE,"CATHERINE/NOOOOO! You fucking bitch don't you",1.0,NameDatabase@7f63425a
122,122,"CLARICE",SPEAKER_ABOVE_DIALOGUE,"CLARICE/Shut UP!",0.8,NameDatabase@7f63425a
122,122,"Catherine SCREAMING",NAMEFINDER_ME,", very briefly , sees Catherine SCREAMING , hysterical , and a",1.0,NameDatabase@7f63425a
122,122,"Catherine",NAMEFINDER_ME,"doing there ? FBI , Catherine , you ' re safe",1.0,NameDatabase@7f63425a
122,122,"Shut",NAMEFINDER_ME,"so I can hear . Shut that dog up . (",0.872765201618675,NameDatabase@7f63425a
122,122,"Catherine",NAMEFINDER_ME,"! Get me out !! Catherine . Listen to me .",1.0,NameDatabase@7f63425a
122,122,"Ignoring Catherine",NAMEFINDER_ME,"re perfectly safe now ! Ignoring Catherine , whose shouts turn to",1.0,NameDatabase@7f63425a
123,123,"Catherine",NAMEFINDER_ME,"hear ... no sound except Catherine ' s CRYING , not",1.0,NameDatabase@7f63425a
124,124,"CLARICE",SPEAKER_ABOVE_DIALOGUE,"CLARICE/spins, almost shoots, before seeing -",0.8,NameDatabase@7f63425a
124,124,"CLARICE",SPEAKER_ABOVE_DIALOGUE,"CLARICE/gasps for breath, fighting for calm. She turns again, slashing",0.8,NameDatabase@7f63425a
124,124,"Gumb",NAMEFINDER_ME,"takes in ... Mr . Gumb ' s sewing machine ...",1.0,NameDatabase@7f63425a
127,127,"CLARICE",SPEAKER_ABOVE_DIALOGUE,"CLARICE/centers her gun on the curtain, at chest height, and yanks",0.8,NameDatabase@7f63425a
127,127,"CLARICE",SPEAKER_ABOVE_DIALOGUE,"CLARICE/is reacting with horror to this sight, the lights go out, to",0.8,NameDatabase@7f63425a
127,127,"Gumb",NAMEFINDER_ME,"green glow of Mr . Gumb ' s infra - red",1.0,NameDatabase@7f63425a
127,127,"Catherine",NAMEFINDER_ME,"utter darkness . SOUND of Catherine KEENING again , in the",1.0,NameDatabase@7f63425a
128,128,"MR. GUMB",SPEAKER_ABOVE_DIALOGUE,"MR. GUMB/who has flattened himself against a wall, arms spread like a",0.7,NameDatabase@7f63425a
128,128,"CLARICE",SPEAKER_ABOVE_DIALOGUE,"CLARICE/spins, still in SLOW MOTION, flame already leaping from her",0.8,NameDatabase@7f63425a
128,128,"Catherine",NAMEFINDER_ME,"own terrified BREATHING , and Catherine ' s faraway , echoing",1.0,NameDatabase@7f63425a
128,128,"Gumb",NAMEFINDER_ME,"one FLASH from Mr . Gumb , and one two three",1.0,NameDatabase@7f63425a
128,128,"Gumb",NAMEFINDER_ME,"it bumps against Mr . Gumb ' s shoulder . He",1.0,NameDatabase@7f63425a
129,129,"CLARICE",SPEAKER_ABOVE_DIALOGUE,"CLARICE/dazed, her face bandaged - comes out of the house, walking",0.8,NameDatabase@7f63425a
129,129,"CRAWFORD",SPEAKER_ABOVE_DIALOGUE,"CRAWFORD/Starling... your father sees you.",0.7,NameDatabase@7f63425a
129,129,"Catherine",NAMEFINDER_ME,"house , walking protectively beside Catherine , who is wheeled on",1.0,NameDatabase@7f63425a
129,129,"Catherine",NAMEFINDER_ME,"with an extension ladder . Catherine , blinking in confusion ,",1.0,NameDatabase@7f63425a
130,130,"CRAWFORD",SPEAKER_ABOVE_DIALOGUE,"CRAWFORD/who smiles back at her with quiet pride, and offers a little",0.7,NameDatabase@7f63425a
130,130,"CLARICE",SPEAKER_ABOVE_DIALOGUE,"CLARICE/grins - more happy than we've ever seen her - then turns to",0.8,NameDatabase@7f63425a
131,131,"ARDELIA",SPEAKER_ABOVE_DIALOGUE,"ARDELIA/Agent Starling! Telephone!",0.8,NameDatabase@7f63425a
131,131,"CLARICE",SPEAKER_ABOVE_DIALOGUE,"CLARICE/(surprised)",0.8,NameDatabase@7f63425a
131,131,"RODEN",SPEAKER_ABOVE_DIALOGUE,"RODEN/Hel-lo, gorgeous! Let's get down.",0.7,NameDatabase@7f63425a
131,131,"PILCHER",SPEAKER_ABOVE_DIALOGUE,"PILCHER/Just ignore him. He's not a Ph.D.",0.7,NameDatabase@7f63425a
132,132,"CLARICE",SPEAKER_ABOVE_DIALOGUE,"CLARICE/Starling.",0.8,NameDatabase@7f63425a
132,132,"ARDELIA",SPEAKER_ABOVE_DIALOGUE,"ARDELIA/who is just inside the rec room door, at the end of the hall,",0.8,NameDatabase@7f63425a
132,132,"CLARICE",SPEAKER_ABOVE_DIALOGUE,"CLARICE/turns back, gripping the phone more tightly.",0.8,NameDatabase@7f63425a
132,132,"CLARICE",SPEAKER_ABOVE_DIALOGUE,"CLARICE/Where are you, Dr. Lecter?",0.8,NameDatabase@7f63425a
133,133,"DR. LECTER",SPEAKER_ABOVE_DIALOGUE,"DR. LECTER/smiles into his mobile phone. He is stretched out on a",0.7,NameDatabase@7f63425a
133,133,"DR. LECTER",SPEAKER_ABOVE_DIALOGUE,"DR. LECTER/(into phone)",0.7,NameDatabase@7f63425a
133,133,"CLARICE",SPEAKER_ABOVE_DIALOGUE,"CLARICE/Dr. Lecter -",0.8,NameDatabase@7f63425a
133,133,"DR. LECTER",SPEAKER_ABOVE_DIALOGUE,"DR. LECTER/I have no plans to call on you,",0.7,NameDatabase@7f63425a
133,133,"CLARICE",SPEAKER_WITH_VO_OS,"CLARICE (V.O.)/You know I can't make that promise.",1.0,NameDatabase@7f63425a
133,133,"DR. LECTER",SPEAKER_ABOVE_DIALOGUE,"DR. LECTER/Goodbye, Clarice...",0.7,NameDatabase@7f63425a
133,133,"Lecter",NAMEFINDER_ME,"never end . Dr . Lecter - I have no plans",0.9347331649529504,NameDatabase@7f63425a
134,134,"CLARICE",SPEAKER_ABOVE_DIALOGUE,"CLARICE/Dr. Lecter... Dr. Lecter...!",0.8,NameDatabase@7f63425a
134,134,"Lecter",NAMEFINDER_ME,"sinking in . Dr . Lecter ... Dr . Lecter ...",1.0,NameDatabase@7f63425a
134,134,"Lecter",NAMEFINDER_ME,". Lecter ... Dr . Lecter ... ! But only a",1.0,NameDatabase@7f63425a
135,135,"Lecter",NAMEFINDER_ME,"Dr . Lecter sighs , sets his phone",1.0,NameDatabase@7f63425a
136,136,"DR. LECTER",SPEAKER_ABOVE_DIALOGUE,"DR. LECTER/Considers him for a genial moment, then raises the little",0.7,NameDatabase@7f63425a
136,136,"Frederick Chilton",NAMEFINDER_ME,"writhing figure of Dr . Frederick Chilton . The extreme intricacy of",1.0,NameDatabase@7f63425a
136,136,"Lecter",NAMEFINDER_ME,"his bindings recalls Dr . Lecter ' s own former restraints",1.0,NameDatabase@7f63425a
136,136,"Lecter",NAMEFINDER_ME,"he stares at Dr . Lecter like a rabbit trapped in",1.0,NameDatabase@7f63425a
1,1,"CAL",SPEAKER_ABOVE_DIALOGUE,"CAL/Well, I'm full. You were right,",0.7,NameDatabase@7c75222b
1,1,"CAL",SPEAKER_ABOVE_DIALOGUE,"CAL/You okay, babe? You seem out of",0.7,NameDatabase@7c75222b
1,1,"TRACY",SPEAKER_ABOVE_DIALOGUE,"TRACY/Yeah, I'm just thinking about what",1.0,NameDatabase@7c75222b
1,1,"CAL",SPEAKER_ABOVE_DIALOGUE,"CAL/Me too. Okay, let's say it at the",0.7,NameDatabase@7c75222b
1,1,"TRACY CAL",SPEAKER_ABOVE_DIALOGUE,"TRACY CAL/I want a divorce. Creme Brulee.",1.0,NameDatabase@7c75222b
1,1,"TRACY",NAMEFINDER_ME,") and his wife , TRACY ( 41 ) . A",1.0,NameDatabase@7c75222b
1,1,"Tracy",NAMEFINDER_ME,"just share a dessert ? Tracy is lost in thought ,",1.0,NameDatabase@7c75222b
1,1,"Creme Brulee",NAMEFINDER_ME,"I want a divorce . Creme Brulee . CUT TO :",0.8275256008640505,NameDatabase@7c75222b
1,1,"REVEALING CAL WEAVER",PERSON_WITH_AGE,"PULL UP, REVEALING CAL WEAVER (42) and his wife, TRACY",0.7,null
2,2,"JESSICA",SPEAKER_ABOVE_DIALOGUE,"JESSICA/I'm gonna getcha! I'm gonna",1.0,NameDatabase@7c75222b
2,2,"JESSICA",SPEAKER_ABOVE_DIALOGUE,"JESSICA/It's okay, my fault.",1.0,NameDatabase@7c75222b
2,2,"Jessica",NAMEFINDER_ME,"MOLLY ( 9 ) . Jessica ' s skinny , wears",1.0,NameDatabase@7c75222b
2,2,"Molly",NAMEFINDER_ME,"gonna getcha ! She grabs Molly and tickles her . Molly",1.0,NameDatabase@7c75222b
2,2,"Molly SQUEALS",NAMEFINDER_ME,"Molly and tickles her . Molly SQUEALS with delight . As she",1.0,NameDatabase@7c75222b
2,2,"Jessica",NAMEFINDER_ME,"off the nearby console . Jessica picks it up : Cal",1.0,NameDatabase@7c75222b
2,2,"Molly GIGGLES",NAMEFINDER_ME,"Go brush your teeth ! Molly GIGGLES , RUNS upstairs . Once",1.0,NameDatabase@7c75222b
2,2,"Molly",NAMEFINDER_ME,", RUNS upstairs . Once Molly ' s gone , Jessica",1.0,NameDatabase@7c75222b
2,2,"JESSICA",PERSON_WITH_AGE,"JESSICA (17) chases after MOLLY (9). Jessica's skinny,",0.7,null
3,3,"HANNAH",SPEAKER_ABOVE_DIALOGUE,"HANNAH/I don't care. I love him and",1.0,NameDatabase@7c75222b
3,3,"LIZ",SPEAKER_ABOVE_DIALOGUE,"LIZ/Seriously? Conan O'Brien? You'd",1.0,NameDatabase@7c75222b
3,3,"HANNAH",SPEAKER_ABOVE_DIALOGUE,"HANNAH/I'm just saying, Richard's a lot",1.0,NameDatabase@7c75222b
3,3,"LIZ",SPEAKER_ABOVE_DIALOGUE,"LIZ/Boring, workaholic, sexually",1.0,NameDatabase@7c75222b
3,3,"HANNAH",SPEAKER_ABOVE_DIALOGUE,"HANNAH/But he's not very funny, that's",1.0,NameDatabase@7c75222b
3,3,"LIZ",SPEAKER_ABOVE_DIALOGUE,"LIZ/Yeah, well, you want funny, go",1.0,NameDatabase@7c75222b
3,3,"HANNAH",SPEAKER_ABOVE_DIALOGUE,"HANNAH/What?",1.0,NameDatabase@7c75222b
3,3,"LIZ",SPEAKER_ABOVE_DIALOGUE,"LIZ/The hot piece that's been checking",1.0,NameDatabase@7c75222b
3,3,"Conan O ' Brien",NAMEFINDER_ME,", LAUGHS . Seriously ? Conan O ' Brien ? You ' d do",1.0,NameDatabase@7c75222b
3,3,"Conan O ' Brien",NAMEFINDER_ME,"? You ' d do Conan O ' Brien ? I ' m just",1.0,NameDatabase@7c75222b
3,3,"Richard",NAMEFINDER_ME,"' m just saying , Richard ' s a lot of",1.0,NameDatabase@7c75222b
3,3,"YOUNG PROFESSIONAL WOMEN",PERSON_ADJ,"Meanwhile, TWO YOUNG PROFESSIONAL WOMEN drink and laugh",0.7,null
3,3,"HANNAH",PERSON_WITH_AGE,"at a table. HANNAH (24) is clearly buzzed.",0.7,null
3,3,"LIZ",PERSON_WITH_AGE,"Her best friend, LIZ (29), LAUGHS.",0.7,null
3,3,"JACOB PALMER",PERSON_WITH_AGE,"THE CROWD PARTS, revealing: JACOB PALMER (32). The",0.7,null
4,4,"TRACY",SPEAKER_ABOVE_DIALOGUE,"TRACY/Aren't you going to say anything?",1.0,NameDatabase@7c75222b
4,4,"TRACY",SPEAKER_ABOVE_DIALOGUE,"TRACY/Almost twenty-five years of",1.0,NameDatabase@7c75222b
4,4,"Tracy",NAMEFINDER_ME,"restaurant in his lap . Tracy drives . Aren ' t",1.0,NameDatabase@7c75222b
5,5,"JESSICA",SPEAKER_ABOVE_DIALOGUE,"JESSICA/Hey, your sister's asleep, just",1.0,NameDatabase@7c75222b
5,5,"ROBBIE",SPEAKER_ABOVE_DIALOGUE,"ROBBIE/Close the door!",1.0,NameDatabase@7c75222b
5,5,"JESSICA",SPEAKER_ABOVE_DIALOGUE,"JESSICA/(THROUGH DOOR)",1.0,NameDatabase@7c75222b
5,5,"BACK INSIDE ROOM",SPEAKER_ABOVE_DIALOGUE,"BACK INSIDE ROOM/Robbie lies there frozen, horrified.",1.0,NameDatabase@7c75222b
5,5,"Jessica",NAMEFINDER_ME,"Meanwhile , Jessica ( the baby - sitter",1.0,NameDatabase@7c75222b
5,5,"Robbie",NAMEFINDER_ME,"anything , I swear . Robbie lies there frozen , horrified",1.0,NameDatabase@7c75222b
5,5,"ROBBIE WEAVER",PERSON_WITH_AGE,"ROBBIE WEAVER (13), quickly covers himself up. He was",0.7,null
6,6,"LIZ",SPEAKER_ABOVE_DIALOGUE,"LIZ/I don't know, Hannah. Your life",1.0,NameDatabase@7c75222b
6,6,"HANNAH",SPEAKER_ABOVE_DIALOGUE,"HANNAH/My life is not PG-13!",1.0,NameDatabase@7c75222b
6,6,"LIZ",SPEAKER_ABOVE_DIALOGUE,"LIZ/It so is. You've never left LA.",1.0,NameDatabase@7c75222b
6,6,"HANNAH",SPEAKER_ABOVE_DIALOGUE,"HANNAH/(ADORABLE)",1.0,NameDatabase@7c75222b
6,6,"LIZ",SPEAKER_ABOVE_DIALOGUE,"LIZ/He looks like a carrot, honey.",1.0,NameDatabase@7c75222b
6,6,"VOICE",SPEAKER_WITH_VO_OS,"VOICE (O.S.)/Who?",1.0,NameDatabase@7c75222b
6,6,"LIZ",SPEAKER_ABOVE_DIALOGUE,"LIZ/Hi.",1.0,NameDatabase@7c75222b
6,6,"JACOB",SPEAKER_ABOVE_DIALOGUE,"JACOB/Hi. Who looks like a carrot?",1.0,NameDatabase@7c75222b
6,6,"LIZ",SPEAKER_ABOVE_DIALOGUE,"LIZ/Conan O'Brien. My friend Hannah",1.0,NameDatabase@7c75222b
6,6,"JACOB",SPEAKER_ABOVE_DIALOGUE,"JACOB/I think your friend Hannah is",1.0,NameDatabase@7c75222b
6,6,"HANNAH",SPEAKER_ABOVE_DIALOGUE,"HANNAH/You didn't really just say that.",1.0,NameDatabase@7c75222b
6,6,"JACOB",SPEAKER_ABOVE_DIALOGUE,"JACOB/Pretty sure I did.",1.0,NameDatabase@7c75222b
6,6,"HANNAH",SPEAKER_ABOVE_DIALOGUE,"HANNAH/How old are you?",1.0,NameDatabase@7c75222b
6,6,"JACOB",SPEAKER_ABOVE_DIALOGUE,"JACOB/Thirty-three next month.",1.0,NameDatabase@7c75222b
6,6,"HANNAH",SPEAKER_ABOVE_DIALOGUE,"HANNAH/Then you should know by now that",1.0,NameDatabase@7c75222b
6,6,"JACOB",SPEAKER_ABOVE_DIALOGUE,"JACOB/I find you incredibly sexy. It's",1.0,NameDatabase@7c75222b
6,6,"JACOB",SPEAKER_WITH_VO_OS,"JACOB (CONT'D)/There are many attractive women in",1.0,NameDatabase@7c75222b
6,6,"HANNAH",SPEAKER_ABOVE_DIALOGUE,"HANNAH/I don't.",1.0,NameDatabase@7c75222b
6,6,"JACOB",SPEAKER_ABOVE_DIALOGUE,"JACOB/Yes you do.",1.0,NameDatabase@7c75222b
6,6,"LIZ",SPEAKER_ABOVE_DIALOGUE,"LIZ/Yes, she does.",1.0,NameDatabase@7c75222b
6,6,"JACOB",SPEAKER_ABOVE_DIALOGUE,"JACOB/I'm an accomplished lover. If you",1.0,NameDatabase@7c75222b
6,6,"HANNAH",SPEAKER_ABOVE_DIALOGUE,"HANNAH/You've got to be kiddi--",1.0,NameDatabase@7c75222b
6,6,"JACOB",SPEAKER_ABOVE_DIALOGUE,"JACOB/We'll make love and it will be",1.0,NameDatabase@7c75222b
6,6,"HANNAH",SPEAKER_ABOVE_DIALOGUE,"HANNAH/Is that so?",1.0,NameDatabase@7c75222b
6,6,"JACOB",SPEAKER_ABOVE_DIALOGUE,"JACOB/It is. So now I'm going to ask if",1.0,NameDatabase@7c75222b
6,6,"LIZ",SPEAKER_ABOVE_DIALOGUE,"LIZ/Multiple times.",1.0,NameDatabase@7c75222b
6,6,"JACOB",SPEAKER_ABOVE_DIALOGUE,"JACOB/That's right. So, here we go,",1.0,NameDatabase@7c75222b
6,6,"HANNAH",SPEAKER_ABOVE_DIALOGUE,"HANNAH/What do you expect me to say to",1.0,NameDatabase@7c75222b
6,6,"JACOB",SPEAKER_ABOVE_DIALOGUE,"JACOB/Margarita, rocks, salt.",1.0,NameDatabase@7c75222b
6,6,"HANNAH",SPEAKER_ABOVE_DIALOGUE,"HANNAH/Wow.",1.0,NameDatabase@7c75222b
6,6,"HANNAH",SPEAKER_ABOVE_DIALOGUE,"HANNAH/Okay, time to go.",1.0,NameDatabase@7c75222b
6,6,"LIZ",SPEAKER_ABOVE_DIALOGUE,"LIZ/I'll go home with you, you can",1.0,NameDatabase@7c75222b
6,6,"HANNAH",SPEAKER_ABOVE_DIALOGUE,"HANNAH/Liz!",1.0,NameDatabase@7c75222b
6,6,"LIZ",SPEAKER_ABOVE_DIALOGUE,"LIZ/(whispering to him)",1.0,NameDatabase@7c75222b
6,6,"Hannah",NAMEFINDER_ME,"Meanwhile , where Liz and Hannah keep drinking . I don",1.0,NameDatabase@7c75222b
6,6,"Hannah",NAMEFINDER_ME,"don ' t know , Hannah . Your life is just",1.0,NameDatabase@7c75222b
6,6,"Hannah",NAMEFINDER_ME,"... PG - 13 . Hannah ' s mouth drops open",1.0,NameDatabase@7c75222b
6,6,"Richard",NAMEFINDER_ME,"to that snooze - fest Richard . I just worry about",1.0,NameDatabase@7c75222b
6,6,"Conan",NAMEFINDER_ME,"ve resorted to fantasizing about Conan ` Ginger - Dick '",0.9889259065505163,NameDatabase@7c75222b
6,6,"Jacob Palmer",NAMEFINDER_ME,"turn . It ' s Jacob Palmer ( the stud from earlier",1.0,NameDatabase@7c75222b
6,6,"Conan O ' Brien",NAMEFINDER_ME,"looks like a carrot ? Conan O ' Brien . My friend Hannah thinks",1.0,NameDatabase@7c75222b
6,6,"Hannah",NAMEFINDER_ME,"' Brien . My friend Hannah thinks he ' s sexy",1.0,NameDatabase@7c75222b
6,6,"Hannah",NAMEFINDER_ME,". I think your friend Hannah is sexy . You didn",1.0,NameDatabase@7c75222b
6,6,"Hannah",NAMEFINDER_ME,"you find me attractive ? Hannah doesn ' t flinch .",1.0,NameDatabase@7c75222b
6,6,"Hannah",NAMEFINDER_ME,"buy you a drink ? Hannah and Liz share a look",1.0,NameDatabase@7c75222b
6,6,"Hannah",NAMEFINDER_ME,", you can call me Hannah , I don ' t",1.0,NameDatabase@7c75222b
6,6,"VOICE",PERSON_NOUN,"VOICE (O.S.)",0.7,null
7,7,"TRACY",SPEAKER_ABOVE_DIALOGUE,"TRACY/I'm unhappy, Cal. I've tried not",1.0,NameDatabase@7c75222b
7,7,"TRACY",SPEAKER_ABOVE_DIALOGUE,"TRACY/Okay, you're not talking and you",1.0,NameDatabase@7c75222b
7,7,"TRACY",SPEAKER_WITH_VO_OS,"TRACY (CONT'D)/(THEN)",1.0,NameDatabase@7c75222b
7,7,"TRACY",SPEAKER_ABOVE_DIALOGUE,"TRACY/We've been spending time together.",1.0,NameDatabase@7c75222b
7,7,"TRACY",SPEAKER_ABOVE_DIALOGUE,"TRACY/I slept with him. Kind of.",1.0,NameDatabase@7c75222b
7,7,"TRACY",SPEAKER_ABOVE_DIALOGUE,"TRACY/No, no kind of. I can't believe I",1.0,NameDatabase@7c75222b
7,7,"TRACY",SPEAKER_ABOVE_DIALOGUE,"TRACY/David Jacobowitz. From work. You",1.0,NameDatabase@7c75222b
7,7,"CAL",SPEAKER_ABOVE_DIALOGUE,"CAL/Please stop.",0.7,NameDatabase@7c75222b
7,7,"TRACY",SPEAKER_ABOVE_DIALOGUE,"TRACY/The last person in the world I'd",1.0,NameDatabase@7c75222b
7,7,"CAL",SPEAKER_ABOVE_DIALOGUE,"CAL/If you keep talking, I'm going to",0.7,NameDatabase@7c75222b
7,7,"TRACY",SPEAKER_ABOVE_DIALOGUE,"TRACY/But the fact that I did, that it",1.0,NameDatabase@7c75222b
7,7,"CAL",SPEAKER_ABOVE_DIALOGUE,"CAL/Okay.",0.7,NameDatabase@7c75222b
7,7,"Tracy",NAMEFINDER_ME,"Still driving , Tracy looks at Cal . He",1.0,NameDatabase@7c75222b
7,7,"Tracy",NAMEFINDER_ME,"him . Kind of . Tracy opens one eye , taking",1.0,NameDatabase@7c75222b
7,7,"Oh God",NAMEFINDER_ME,"I slept with someone . Oh God . It ' s the",0.9756444161726436,NameDatabase@7c75222b
7,7,"David Jacobowitz",NAMEFINDER_ME,"something . No reaction . David Jacobowitz . From work . You",1.0,NameDatabase@7c75222b
7,7,"You",NAMEFINDER_ME,"how he made it ? You wore that sweater -- Finally",0.8800264933862341,NameDatabase@7c75222b
7,7,"Tracy SCREAMS",NAMEFINDER_ME,"simply , steps out . Tracy SCREAMS as Cal goes flying .",1.0,NameDatabase@7c75222b
8,8,"TRACY",SPEAKER_ABOVE_DIALOGUE,"TRACY/Are you out of your mind!?",1.0,NameDatabase@7c75222b
8,8,"CAL",SPEAKER_ABOVE_DIALOGUE,"CAL/I'll leave tonight, I'll sign",0.7,NameDatabase@7c75222b
8,8,"TRACY",SPEAKER_ABOVE_DIALOGUE,"TRACY/Okay.",1.0,NameDatabase@7c75222b
8,8,"CAL",SPEAKER_ABOVE_DIALOGUE,"CAL/Okay.",0.7,NameDatabase@7c75222b
8,8,"Tracy",NAMEFINDER_ME,"Tracy runs to him . He",1.0,NameDatabase@7c75222b
9,9,"ROBBIE",SPEAKER_ABOVE_DIALOGUE,"ROBBIE/I'm sorry that you had to see",1.0,NameDatabase@7c75222b
9,9,"JESSICA",SPEAKER_ABOVE_DIALOGUE,"JESSICA/I should have knocked.",1.0,NameDatabase@7c75222b
9,9,"ROBBIE",SPEAKER_ABOVE_DIALOGUE,"ROBBIE/For the record: I think about you",1.0,NameDatabase@7c75222b
9,9,"JESSICA",SPEAKER_ABOVE_DIALOGUE,"JESSICA/Robbie!",1.0,NameDatabase@7c75222b
9,9,"ROBBIE",SPEAKER_ABOVE_DIALOGUE,"ROBBIE/I have a picture of you and I look",1.0,NameDatabase@7c75222b
9,9,"JESSICA",SPEAKER_ABOVE_DIALOGUE,"JESSICA/Stop it!",1.0,NameDatabase@7c75222b
9,9,"ROBBIE",SPEAKER_ABOVE_DIALOGUE,"ROBBIE/I love you, Jessica. And I know",1.0,NameDatabase@7c75222b
9,9,"JESSICA",SPEAKER_ABOVE_DIALOGUE,"JESSICA/ROBBIE --",1.0,NameDatabase@7c75222b
9,9,"ROBBIE",SPEAKER_ABOVE_DIALOGUE,"ROBBIE/I'm pretty sure you're my",1.0,NameDatabase@7c75222b
9,9,"JESSICA",SPEAKER_ABOVE_DIALOGUE,"JESSICA/Listen, Robbie --",1.0,NameDatabase@7c75222b
9,9,"LIZ",SPEAKER_WITH_VO_OS,"LIZ (O.S.)/We're home.",1.0,NameDatabase@7c75222b
9,9,"ROBBIE",SPEAKER_ABOVE_DIALOGUE,"ROBBIE/Shit.",1.0,NameDatabase@7c75222b
9,9,"JESSICA",SPEAKER_ABOVE_DIALOGUE,"JESSICA/Hi, Mr. and Mrs. Weaver. How was",1.0,NameDatabase@7c75222b
9,9,"CAL",SPEAKER_ABOVE_DIALOGUE,"CAL/Mrs. Weaver told me she wants a",0.7,NameDatabase@7c75222b
9,9,"ROBBIE",SPEAKER_ABOVE_DIALOGUE,"ROBBIE/Dad?",1.0,NameDatabase@7c75222b
9,9,"CAL",SPEAKER_ABOVE_DIALOGUE,"CAL/Oh. I didn't know you were here.",0.7,NameDatabase@7c75222b
9,9,"ROBBIE",SPEAKER_ABOVE_DIALOGUE,"ROBBIE/You're getting divorced?",1.0,NameDatabase@7c75222b
9,9,"CAL",SPEAKER_ABOVE_DIALOGUE,"CAL/Yes.",0.7,NameDatabase@7c75222b
9,9,"TRACY",SPEAKER_ABOVE_DIALOGUE,"TRACY/Cal!",1.0,NameDatabase@7c75222b
9,9,"ROBBIE",SPEAKER_ABOVE_DIALOGUE,"ROBBIE/And you jumped out of a car?",1.0,NameDatabase@7c75222b
9,9,"CAL",SPEAKER_ABOVE_DIALOGUE,"CAL/A moving car, yes.",0.7,NameDatabase@7c75222b
9,9,"TRACY",SPEAKER_ABOVE_DIALOGUE,"TRACY/Cal!",1.0,NameDatabase@7c75222b
9,9,"CAL",SPEAKER_ABOVE_DIALOGUE,"CAL/(TO ROBBIE)",0.7,NameDatabase@7c75222b
9,9,"ROBBIE",SPEAKER_ABOVE_DIALOGUE,"ROBBIE/I'm sorry you jumped out of a car.",1.0,NameDatabase@7c75222b
9,9,"CAL",SPEAKER_ABOVE_DIALOGUE,"CAL/Thanks.",0.7,NameDatabase@7c75222b
9,9,"JESSICA",SPEAKER_ABOVE_DIALOGUE,"JESSICA/Uh-huh.",1.0,NameDatabase@7c75222b
9,9,"Jessica",NAMEFINDER_ME,"Meanwhile , Jessica sits on the living room",1.0,NameDatabase@7c75222b
9,9,"Robbie ENTERS",NAMEFINDER_ME,"the living room couch . Robbie ENTERS , stands there . He",1.0,NameDatabase@7c75222b
9,9,"Jessica",NAMEFINDER_ME,"! I love you , Jessica . And I know you",1.0,NameDatabase@7c75222b
9,9,"Robbie",NAMEFINDER_ME,"smiles gently . Listen , Robbie -- We ' re home",1.0,NameDatabase@7c75222b
9,9,"Jessica",NAMEFINDER_ME,"re home . Shit . Jessica jumps off the couch .",1.0,NameDatabase@7c75222b
9,9,"Weaver",NAMEFINDER_ME,"Mr . and Mrs . Weaver . How was dinner ...",0.9113159638341475,NameDatabase@7c75222b
9,9,"Weaver",NAMEFINDER_ME,"my God , Mr . Weaver , you ' re bleeding",1.0,NameDatabase@7c75222b
9,9,"Weaver",NAMEFINDER_ME,"2 ) 9 Mrs . Weaver told me she wants a",1.0,NameDatabase@7c75222b
9,9,"Robbie",NAMEFINDER_ME,"ll drive you home . Robbie steps INTO FRAME . Dad",1.0,NameDatabase@7c75222b
9,9,"Jessica",NAMEFINDER_ME,"Thanks . ( THEN ) Jessica , you got your coat",1.0,NameDatabase@7c75222b
10,10,"CAL",SPEAKER_ABOVE_DIALOGUE,"CAL/We'll talk to the kids tomorrow.",0.7,NameDatabase@7c75222b
10,10,"CAL",SPEAKER_ABOVE_DIALOGUE,"CAL/I'll have to tell Nanna. Uch,",0.7,NameDatabase@7c75222b
10,10,"CAL",SPEAKER_ABOVE_DIALOGUE,"CAL/(WITH ENERGY)",0.7,NameDatabase@7c75222b
10,10,"JESSICA",SPEAKER_ABOVE_DIALOGUE,"JESSICA/Yeah.",1.0,NameDatabase@7c75222b
10,10,"CAL",SPEAKER_ABOVE_DIALOGUE,"CAL/David Jacobowitz! Are you kidding",0.7,NameDatabase@7c75222b
10,10,"CAL",SPEAKER_ABOVE_DIALOGUE,"CAL/Sorry about that.",0.7,NameDatabase@7c75222b
10,10,"JESSICA",SPEAKER_ABOVE_DIALOGUE,"JESSICA/It's okay.",1.0,NameDatabase@7c75222b
10,10,"JESSICA",SPEAKER_ABOVE_DIALOGUE,"JESSICA/Mr. Weaver, I know you don't know",1.0,NameDatabase@7c75222b
10,10,"JESSICA",SPEAKER_WITH_VO_OS,"JESSICA (CONT'D)/You're funny, and you're always",1.0,NameDatabase@7c75222b
10,10,"JESSICA",SPEAKER_ABOVE_DIALOGUE,"JESSICA/In fact -- and, I hope this",1.0,NameDatabase@7c75222b
10,10,"CAL",SPEAKER_ABOVE_DIALOGUE,"CAL/(NOT LISTENING)",0.7,NameDatabase@7c75222b
10,10,"JESSICA",SPEAKER_ABOVE_DIALOGUE,"JESSICA/Uh-huh.",1.0,NameDatabase@7c75222b
10,10,"CAL",SPEAKER_ABOVE_DIALOGUE,"CAL/That's my girl.",0.7,NameDatabase@7c75222b
10,10,"CAL",SPEAKER_ABOVE_DIALOGUE,"CAL/Hey, Jessica? Thanks for",0.7,NameDatabase@7c75222b
10,10,"CAL",SPEAKER_ABOVE_DIALOGUE,"CAL/You put this to that fake ID",0.7,NameDatabase@7c75222b
10,10,"Jessica",NAMEFINDER_ME,"Cal drives now . Jessica in the front . Awkward",1.0,NameDatabase@7c75222b
10,10,"Yeah",NAMEFINDER_ME,"dad is so proud . Yeah . ( THEN ) You",0.6610084904095826,NameDatabase@7c75222b
10,10,"Weaver",NAMEFINDER_ME,"real bad , Mr . Weaver . She goes to touch",1.0,NameDatabase@7c75222b
10,10,"David Jacobowitz",NAMEFINDER_ME,"of his steering wheel . David Jacobowitz ! Are you kidding me",1.0,NameDatabase@7c75222b
10,10,"DAVID",NAMEFINDER_ME,"you kidding me ! ? DAVID FUCKING JACOBOWITZ ! GOD DAMN",1.0,NameDatabase@7c75222b
10,10,"Sorry",NAMEFINDER_ME,"up to a DRIVEWAY . Sorry about that . It '",0.8573020942245466,NameDatabase@7c75222b
10,10,"Jessica",NAMEFINDER_ME,"It ' s okay . Jessica reaches for the door ,",1.0,NameDatabase@7c75222b
10,10,"Weaver",NAMEFINDER_ME,", adorable . Mr . Weaver , I know you don",1.0,NameDatabase@7c75222b
10,10,"Weaver",NAMEFINDER_ME,"Now I like Mrs . Weaver , I like her a",1.0,NameDatabase@7c75222b
10,10,"Weaver",NAMEFINDER_ME,"going on between Mrs . Weaver and I to your parents",1.0,NameDatabase@7c75222b
10,10,"Jessica",NAMEFINDER_ME,"' s my girl . Jessica awkwardly gets out of the",1.0,NameDatabase@7c75222b
10,10,"Jessica",NAMEFINDER_ME,"the car . Hey , Jessica ? Thanks for listening .",1.0,NameDatabase@7c75222b
11,11,"CAL",SPEAKER_ABOVE_DIALOGUE,"CAL/Yes. Just... yes.",0.7,NameDatabase@7c75222b
11,11,"CAL",SPEAKER_ABOVE_DIALOGUE,"CAL/Guess what?",0.7,NameDatabase@7c75222b
11,11,"CAL",SPEAKER_ABOVE_DIALOGUE,"CAL/My wife is having intercourse with",0.7,NameDatabase@7c75222b
11,11,"CAL",SPEAKER_ABOVE_DIALOGUE,"CAL/That's very nice of you to say.",0.7,NameDatabase@7c75222b
11,11,"CAL",SPEAKER_ABOVE_DIALOGUE,"CAL/I bet you wouldn't ignore me if I",0.7,NameDatabase@7c75222b
11,11,"JACOB PALMER",SPEAKER_ABOVE_DIALOGUE,"JACOB PALMER/wearing his two thousand dollar suit, he's now got TWO",1.0,NameDatabase@7c75222b
11,11,"CAL",SPEAKER_ABOVE_DIALOGUE,"CAL/(RE: JACOB)",0.7,NameDatabase@7c75222b
11,11,"David Jacobowitz",NAMEFINDER_ME,"ignore me if I were David Jacobowitz . My wife doesn '",1.0,NameDatabase@7c75222b
11,11,"David Jacobowitz",NAMEFINDER_ME,"wife doesn ' t ignore David Jacobowitz . ( to no one",1.0,NameDatabase@7c75222b
13,13,"CAL",SPEAKER_ABOVE_DIALOGUE,"CAL/I guess the price is right.",0.7,NameDatabase@7c75222b
13,13,"CAL",SPEAKER_ABOVE_DIALOGUE,"CAL/I'll take it.",0.7,NameDatabase@7c75222b
13,13,"CAL",SPEAKER_ABOVE_DIALOGUE,"CAL/I guess.",0.7,NameDatabase@7c75222b
13,13,"Yeah",NAMEFINDER_ME,"the price is right . Yeah , well , tons of",0.7813769244029226,NameDatabase@7c75222b
14,14,"BOSS",SPEAKER_ABOVE_DIALOGUE,"BOSS/Cal, I just got the weekly sales",0.7,NameDatabase@7c75222b
14,14,"BOSS",SPEAKER_WITH_VO_OS,"BOSS (CONT'D)/Keep it up you're going to be",1.0,NameDatabase@7c75222b
14,14,"CAL",SPEAKER_ABOVE_DIALOGUE,"CAL/Who told you Tracy and I were",0.7,NameDatabase@7c75222b
14,14,"BOSS",SPEAKER_ABOVE_DIALOGUE,"BOSS/(RELIEVED)",0.7,NameDatabase@7c75222b
14,14,"CAL",SPEAKER_ABOVE_DIALOGUE,"CAL/I have to go buy furniture now.",0.7,NameDatabase@7c75222b
14,14,"BOSS",SPEAKER_ABOVE_DIALOGUE,"BOSS/Go for it!",0.7,NameDatabase@7c75222b
14,14,"Tracy",NAMEFINDER_ME,"Seriously . Who told you Tracy and I were getting a",1.0,NameDatabase@7c75222b
14,14,"Amy",NAMEFINDER_ME,"That ' s it . Amy heard you crying in the",1.0,NameDatabase@7c75222b
15,15,"SALESMAN",SPEAKER_ABOVE_DIALOGUE,"SALESMAN/Can I help you, sir?",0.7,NameDatabase@7c75222b
15,15,"CAL",SPEAKER_ABOVE_DIALOGUE,"CAL/My wife is sleeping with David",0.7,NameDatabase@7c75222b
15,15,"SALESMAN",SPEAKER_ABOVE_DIALOGUE,"SALESMAN/Ooh, I understand. Can I give you",0.7,NameDatabase@7c75222b
15,15,"CAL",SPEAKER_ABOVE_DIALOGUE,"CAL/Sure.",0.7,NameDatabase@7c75222b
15,15,"SALESMAN",SPEAKER_ABOVE_DIALOGUE,"SALESMAN/Get the matching chaise, killer",0.7,NameDatabase@7c75222b
15,15,"CAL",SPEAKER_ABOVE_DIALOGUE,"CAL/I want it in beige.",0.7,NameDatabase@7c75222b
15,15,"SALESMAN",SPEAKER_ABOVE_DIALOGUE,"SALESMAN/I'll write you up.",0.7,NameDatabase@7c75222b
15,15,"David Jacobowitz",NAMEFINDER_ME,"My wife is sleeping with David Jacobowitz . I need a couch",1.0,NameDatabase@7c75222b
16,16,"CAL",SPEAKER_ABOVE_DIALOGUE,"CAL/Oh, no, I'm sorry, I'm waiting for",0.7,NameDatabase@7c75222b
16,16,"GUY",SPEAKER_ABOVE_DIALOGUE,"GUY/You've been holding the seat for",1.0,NameDatabase@7c75222b
16,16,"CAL",SPEAKER_ABOVE_DIALOGUE,"CAL/(TOO LOUD)",0.7,NameDatabase@7c75222b
16,16,"David Jacobowitz",NAMEFINDER_ME,", my wife is screwing David Jacobowitz so eat me . The",1.0,NameDatabase@7c75222b
16,16,"NEW WOMAN",PERSON_NOUN,"At his usual table, Jacob is now wooing a NEW WOMAN.",0.7,null
17,17,"CAL",SPEAKER_ABOVE_DIALOGUE,"CAL/Can't help but notice that you're",0.7,NameDatabase@7c75222b
17,17,"CAL",SPEAKER_ABOVE_DIALOGUE,"CAL/I'm getting divorced. Or, in the",0.7,NameDatabase@7c75222b
17,17,"CAL",SPEAKER_ABOVE_DIALOGUE,"CAL/Any advice?",0.7,NameDatabase@7c75222b
17,17,"JACOB",SPEAKER_ABOVE_DIALOGUE,"JACOB/Yeah.",1.0,NameDatabase@7c75222b
17,17,"JACOB",SPEAKER_ABOVE_DIALOGUE,"JACOB/Don't start conversations with",1.0,NameDatabase@7c75222b
17,17,"CAL",SPEAKER_ABOVE_DIALOGUE,"CAL/(TO HIMSELF)",0.7,NameDatabase@7c75222b
17,17,"Yeah",NAMEFINDER_ME,"Nothing . Any advice ? Yeah . ( CONTINUED ) 17",0.9509292631539328,NameDatabase@7c75222b
18,18,"BERNIE",SPEAKER_ABOVE_DIALOGUE,"BERNIE/Sorry I'm late, I had to pick",1.0,NameDatabase@7c75222b
18,18,"CAL",SPEAKER_ABOVE_DIALOGUE,"CAL/Don't worry about it, here, sit,",0.7,NameDatabase@7c75222b
18,18,"CAL",SPEAKER_ABOVE_DIALOGUE,"CAL/It's good to see you, man. I've",0.7,NameDatabase@7c75222b
18,18,"BERNIE",SPEAKER_ABOVE_DIALOGUE,"BERNIE/Claire won't let me be friends",1.0,NameDatabase@7c75222b
18,18,"CAL",SPEAKER_ABOVE_DIALOGUE,"CAL/I'm sorry, what?",0.7,NameDatabase@7c75222b
18,18,"BERNIE",SPEAKER_ABOVE_DIALOGUE,"BERNIE/She said we had to choose between",1.0,NameDatabase@7c75222b
18,18,"BERNIE",SPEAKER_ABOVE_DIALOGUE,"BERNIE/It's cologne.",1.0,NameDatabase@7c75222b
18,18,"CAL",SPEAKER_ABOVE_DIALOGUE,"CAL/Are you breaking up with me?",0.7,NameDatabase@7c75222b
18,18,"BERNIE",SPEAKER_ABOVE_DIALOGUE,"BERNIE/Claire's waiting in the car.",1.0,NameDatabase@7c75222b
18,18,"CAL",SPEAKER_ABOVE_DIALOGUE,"CAL/Do you have anything with a worm",0.7,NameDatabase@7c75222b
18,18,"CAL",SPEAKER_ABOVE_DIALOGUE,"CAL/This is my youngest, Molly. Her",0.7,NameDatabase@7c75222b
18,18,"JACOB",SPEAKER_ABOVE_DIALOGUE,"JACOB/I'd like to buy you a drink, Cal.",1.0,NameDatabase@7c75222b
18,18,"CAL",SPEAKER_ABOVE_DIALOGUE,"CAL/I already have a drink.",0.7,NameDatabase@7c75222b
18,18,"JACOB",SPEAKER_ABOVE_DIALOGUE,"JACOB/Let me buy you a drink, Cal.",1.0,NameDatabase@7c75222b
18,18,"CAL",SPEAKER_ABOVE_DIALOGUE,"CAL/Okay.",0.7,NameDatabase@7c75222b
18,18,"CAL",SPEAKER_ABOVE_DIALOGUE,"CAL/My wife is cheating on me with --",0.7,NameDatabase@7c75222b
18,18,"JACOB",SPEAKER_ABOVE_DIALOGUE,"JACOB/David Jacobowitz, yes, Cal, I've",1.0,NameDatabase@7c75222b
18,18,"CAL",SPEAKER_ABOVE_DIALOGUE,"CAL/You know what, I don't need this",0.7,NameDatabase@7c75222b
18,18,"JACOB",SPEAKER_ABOVE_DIALOGUE,"JACOB/Sit down, Cal.",1.0,NameDatabase@7c75222b
18,18,"CAL",SPEAKER_ABOVE_DIALOGUE,"CAL/Okay.",0.7,NameDatabase@7c75222b
18,18,"JACOB",SPEAKER_ABOVE_DIALOGUE,"JACOB/Cal, I'm going to make you an",1.0,NameDatabase@7c75222b
18,18,"JACOB",SPEAKER_ABOVE_DIALOGUE,"JACOB/As I said, I've been watching you",1.0,NameDatabase@7c75222b
18,18,"JACOB",SPEAKER_ABOVE_DIALOGUE,"JACOB/You asked me for advice before,",1.0,NameDatabase@7c75222b
18,18,"JACOB",SPEAKER_ABOVE_DIALOGUE,"JACOB/Doesn't matter, we'll find it.",1.0,NameDatabase@7c75222b
18,18,"CAL",SPEAKER_ABOVE_DIALOGUE,"CAL/Yeah, okay.",0.7,NameDatabase@7c75222b
18,18,"JACOB",SPEAKER_ABOVE_DIALOGUE,"JACOB/Mall food court, Thursday, six",1.0,NameDatabase@7c75222b
18,18,"CAL",SPEAKER_ABOVE_DIALOGUE,"CAL/I'm sorry, what?",0.7,NameDatabase@7c75222b
18,18,"JACOB",SPEAKER_ABOVE_DIALOGUE,"JACOB/You ready to go?",1.0,NameDatabase@7c75222b
18,18,"Sorry I",NAMEFINDER_ME,"carrying a SHOPPING BAG . Sorry I ' m late , I",0.7715604499397455,NameDatabase@7c75222b
18,18,"Bernie",NAMEFINDER_ME,"stool with my life . Bernie sits , looks uncomfortable .",1.0,NameDatabase@7c75222b
18,18,"Claire",NAMEFINDER_ME,"time we played racquetball ? Claire won ' t let me",1.0,NameDatabase@7c75222b
18,18,"Tracy",NAMEFINDER_ME,"to choose between you and Tracy . I chose you .",1.0,NameDatabase@7c75222b
18,18,"Claire",NAMEFINDER_ME,"breaking up with me ? Claire ' s waiting in the",1.0,NameDatabase@7c75222b
18,18,"Sorry",NAMEFINDER_ME,"gift receipt in there . Sorry . Bernie stands , awkwardly",0.9351312310579706,NameDatabase@7c75222b
18,18,"Bernie",NAMEFINDER_ME,"in there . Sorry . Bernie stands , awkwardly . He",1.0,NameDatabase@7c75222b
18,18,"Legs",NAMEFINDER_ME,"gallon of that now . Legs crossed , martini in hand",0.9949795316802533,NameDatabase@7c75222b
18,18,"Molly",NAMEFINDER_ME,"This is my youngest , Molly . Her two favorite things",1.0,NameDatabase@7c75222b
18,18,"David Jacobowitz",NAMEFINDER_ME,"cheating on me with -- David Jacobowitz , yes , Cal ,",1.0,NameDatabase@7c75222b
18,18,"THE WOMAN",PERSON_NOUN,"to THE WOMAN who currently sits at the table. She nods,",0.7,null
18,18,"THE WOMAN",PERSON_NOUN,"Jacob downs his drink, nods at THE WOMAN (now nearby).",0.7,null
19,19,"TRACY",SPEAKER_WITH_VO_OS,"TRACY (O.S.)/Cal?",1.0,NameDatabase@7c75222b
19,19,"TRACY",SPEAKER_ABOVE_DIALOGUE,"TRACY/I just wanted to say that...",1.0,NameDatabase@7c75222b
19,19,"TRACY",SPEAKER_ABOVE_DIALOGUE,"TRACY/Shit.",1.0,NameDatabase@7c75222b
19,19,"TRACY",SPEAKER_ABOVE_DIALOGUE,"TRACY/Do you want me to back that thing",1.0,NameDatabase@7c75222b
19,19,"CAL",SPEAKER_ABOVE_DIALOGUE,"CAL/I'll be fine.",0.7,NameDatabase@7c75222b
19,19,"TRACY",SPEAKER_ABOVE_DIALOGUE,"TRACY/You have trouble in reverse is",1.0,NameDatabase@7c75222b
19,19,"CAL",SPEAKER_ABOVE_DIALOGUE,"CAL/It was two times --",0.7,NameDatabase@7c75222b
19,19,"TRACY",SPEAKER_ABOVE_DIALOGUE,"TRACY/Three if you count my father's",1.0,NameDatabase@7c75222b
19,19,"CAL",SPEAKER_ABOVE_DIALOGUE,"CAL/I did that on purpose.",0.7,NameDatabase@7c75222b
19,19,"TRACY",SPEAKER_ABOVE_DIALOGUE,"TRACY/I knew it.",1.0,NameDatabase@7c75222b
19,19,"CAL",SPEAKER_ABOVE_DIALOGUE,"CAL/Once I'm settled, I'll get the",0.7,NameDatabase@7c75222b
19,19,"TRACY",SPEAKER_ABOVE_DIALOGUE,"TRACY/I think I'm have a mid-life crisis",1.0,NameDatabase@7c75222b
19,19,"CAL",SPEAKER_ABOVE_DIALOGUE,"CAL/(AVOIDING ENGAGEMENT)",0.7,NameDatabase@7c75222b
19,19,"TRACY",SPEAKER_ABOVE_DIALOGUE,"TRACY/In the movies it's always men",1.0,NameDatabase@7c75222b
19,19,"CAL",SPEAKER_ABOVE_DIALOGUE,"CAL/You have to fertilize once a",0.7,NameDatabase@7c75222b
19,19,"TRACY",SPEAKER_ABOVE_DIALOGUE,"TRACY/We got married so young, Cal. And",1.0,NameDatabase@7c75222b
19,19,"CAL",SPEAKER_ABOVE_DIALOGUE,"CAL/The sprinklers turn off behind",0.7,NameDatabase@7c75222b
19,19,"TRACY",SPEAKER_ABOVE_DIALOGUE,"TRACY/And I got really upset with an",1.0,NameDatabase@7c75222b
19,19,"CAL",SPEAKER_ABOVE_DIALOGUE,"CAL/If it rains a lot, you need to",0.7,NameDatabase@7c75222b
19,19,"TRACY",SPEAKER_ABOVE_DIALOGUE,"TRACY/And we haven't been us, not for a",1.0,NameDatabase@7c75222b
19,19,"CAL",SPEAKER_ABOVE_DIALOGUE,"CAL/I think it was when you screwed",0.7,NameDatabase@7c75222b
19,19,"CAL",SPEAKER_ABOVE_DIALOGUE,"CAL/Make sure my azaleas get enough",0.7,NameDatabase@7c75222b
19,19,"Tracy",NAMEFINDER_ME,"reality of it all . Tracy looks at the U -",1.0,NameDatabase@7c75222b
19,19,"Tracy",NAMEFINDER_ME,"walks to the truck . Tracy ' s voice stops him",1.0,NameDatabase@7c75222b
19,19,"Molly",NAMEFINDER_ME,"upset with an umpire at Molly ' s t - ball",1.0,NameDatabase@7c75222b
19,19,"Tracy",NAMEFINDER_ME,"when you screwed Ouch . Tracy ' s face registers the",1.0,NameDatabase@7c75222b
20,20,"CAL",SPEAKER_ABOVE_DIALOGUE,"CAL/Okay, well, this is it. What do",0.7,NameDatabase@7c75222b
20,20,"CAL",SPEAKER_ABOVE_DIALOGUE,"CAL/There's a second bedroom with twin",0.7,NameDatabase@7c75222b
20,20,"ROBBIE",SPEAKER_ABOVE_DIALOGUE,"ROBBIE/So... you're like, actually going",1.0,NameDatabase@7c75222b
20,20,"CAL",SPEAKER_ABOVE_DIALOGUE,"CAL/Hey, hey. Come on now, you'll",0.7,NameDatabase@7c75222b
20,20,"MOLLY",SPEAKER_ABOVE_DIALOGUE,"MOLLY/Don't you love us anymore?",1.0,NameDatabase@7c75222b
20,20,"CAL",SPEAKER_ABOVE_DIALOGUE,"CAL/Listen, baby. What's happening",0.7,NameDatabase@7c75222b
20,20,"CAL",SPEAKER_WITH_VO_OS,"CAL (CONT'D)/But you need to understand that",1.0,NameDatabase@7c75222b
20,20,"MOLLY",SPEAKER_ABOVE_DIALOGUE,"MOLLY/TROY!",1.0,NameDatabase@7c75222b
20,20,"ROBBIE",SPEAKER_ABOVE_DIALOGUE,"ROBBIE/Don't take it personally. That",1.0,NameDatabase@7c75222b
20,20,"ROBBIE",SPEAKER_ABOVE_DIALOGUE,"ROBBIE/You okay?",1.0,NameDatabase@7c75222b
20,20,"CAL",SPEAKER_ABOVE_DIALOGUE,"CAL/You?",0.7,NameDatabase@7c75222b
20,20,"ROBBIE",SPEAKER_ABOVE_DIALOGUE,"ROBBIE/Can I say something with a curse?",1.0,NameDatabase@7c75222b
20,20,"CAL",SPEAKER_ABOVE_DIALOGUE,"CAL/Yeah. Why not?",0.7,NameDatabase@7c75222b
20,20,"ROBBIE",SPEAKER_ABOVE_DIALOGUE,"ROBBIE/Love is fucked.",1.0,NameDatabase@7c75222b
20,20,"CAL",SPEAKER_ABOVE_DIALOGUE,"CAL/Is that so? You in love, buddy?",0.7,NameDatabase@7c75222b
20,20,"ROBBIE",SPEAKER_ABOVE_DIALOGUE,"ROBBIE/Well, if you must know --",1.0,NameDatabase@7c75222b
20,20,"JESSICA",SPEAKER_WITH_VO_OS,"JESSICA (O.S.)/Ding dong.",1.0,NameDatabase@7c75222b
20,20,"ROBBIE",SPEAKER_ABOVE_DIALOGUE,"ROBBIE/What is she doing here?",1.0,NameDatabase@7c75222b
20,20,"CAL",SPEAKER_ABOVE_DIALOGUE,"CAL/Oh, right, hey, Jess, thanks for",0.7,NameDatabase@7c75222b
20,20,"CAL",SPEAKER_WITH_VO_OS,"CAL (CONT'D)/(back to Robbie)",1.0,NameDatabase@7c75222b
20,20,"ROBBIE",SPEAKER_ABOVE_DIALOGUE,"ROBBIE/What?",1.0,NameDatabase@7c75222b
20,20,"CAL",SPEAKER_ABOVE_DIALOGUE,"CAL/Huh?",0.7,NameDatabase@7c75222b
20,20,"JESSICA",SPEAKER_ABOVE_DIALOGUE,"JESSICA/(CHANGING TOPICS)",1.0,NameDatabase@7c75222b
20,20,"CAL",SPEAKER_ABOVE_DIALOGUE,"CAL/Yes, well, that's a generous",0.7,NameDatabase@7c75222b
20,20,"ROBBIE",SPEAKER_ABOVE_DIALOGUE,"ROBBIE/But I don't need a babysitter!",1.0,NameDatabase@7c75222b
20,20,"CAL",SPEAKER_ABOVE_DIALOGUE,"CAL/I know, buddy.",0.7,NameDatabase@7c75222b
20,20,"CAL",SPEAKER_ABOVE_DIALOGUE,"CAL/My little boy's growing up, Jess.",0.7,NameDatabase@7c75222b
20,20,"CAL",SPEAKER_ABOVE_DIALOGUE,"CAL/Molly, say bye-bye to Daddy?",0.7,NameDatabase@7c75222b
20,20,"ROBBIE",SPEAKER_ABOVE_DIALOGUE,"ROBBIE/Wait, where are you going?",1.0,NameDatabase@7c75222b
20,20,"CAL",SPEAKER_ABOVE_DIALOGUE,"CAL/I'm, uh... I decided to take a",0.7,NameDatabase@7c75222b
20,20,"JESSICA",SPEAKER_ABOVE_DIALOGUE,"JESSICA/That's great, Mr. Weaver. It's a",1.0,NameDatabase@7c75222b
20,20,"CAL",SPEAKER_ABOVE_DIALOGUE,"CAL/Okay, well... Molly, last chance!?",0.7,NameDatabase@7c75222b
20,20,"CAL",SPEAKER_ABOVE_DIALOGUE,"CAL/That's my angel. Back in a few.",0.7,NameDatabase@7c75222b
20,20,"ROBBIE",SPEAKER_ABOVE_DIALOGUE,"ROBBIE/But, Dad --",1.0,NameDatabase@7c75222b
20,20,"CAL",SPEAKER_ABOVE_DIALOGUE,"CAL/Nope.",0.7,NameDatabase@7c75222b
20,20,"ROBBIE",SPEAKER_ABOVE_DIALOGUE,"ROBBIE/I don't need a baby-sitter.",1.0,NameDatabase@7c75222b
20,20,"JESSICA",SPEAKER_ABOVE_DIALOGUE,"JESSICA/I know, Robbie.",1.0,NameDatabase@7c75222b
20,20,"ROBBIE",SPEAKER_ABOVE_DIALOGUE,"ROBBIE/I love you so much --",1.0,NameDatabase@7c75222b
20,20,"Robbie",NAMEFINDER_ME,"Cal leads in Molly and Robbie . Okay , well ,",1.0,NameDatabase@7c75222b
20,20,"Molly",NAMEFINDER_ME,"going to live here ? Molly looks like she ' s",1.0,NameDatabase@7c75222b
20,20,"Molly",NAMEFINDER_ME,"us anymore ? Cal takes Molly ' s face in his",1.0,NameDatabase@7c75222b
20,20,"Robbie",NAMEFINDER_ME,"in a basketball uniform . Robbie and Cal stand there ,",1.0,NameDatabase@7c75222b
20,20,"Robbie",NAMEFINDER_ME,"You okay ? You ? Robbie shrugs . Can I say",1.0,NameDatabase@7c75222b
20,20,"Yeah",NAMEFINDER_ME,"curse ? One time ? Yeah . Why not ? Robbie",0.8811173030603722,NameDatabase@7c75222b
20,20,"Robbie",NAMEFINDER_ME,"Yeah . Why not ? Robbie NODS , takes a deep",1.0,NameDatabase@7c75222b
20,20,"Love",NAMEFINDER_ME,"takes a deep breath . Love is fucked . Cal LAUGHS",1.0,NameDatabase@7c75222b
20,20,"Jessica",NAMEFINDER_ME,"turn -- it ' s Jessica , the baby - sitter",1.0,NameDatabase@7c75222b
20,20,"Weaver",NAMEFINDER_ME,"... nice , Mr . Weaver . Yes , well ,",1.0,NameDatabase@7c75222b
20,20,"Robbie",NAMEFINDER_ME,", buddy . Cal musses Robbie ' s hair . My",1.0,NameDatabase@7c75222b
20,20,"Robbie",NAMEFINDER_ME,"believe it ? Uch . Robbie thumps the wall with his",1.0,NameDatabase@7c75222b
20,20,"Molly",NAMEFINDER_ME,"his head , dying . Molly , say bye - bye",1.0,NameDatabase@7c75222b
20,20,"Wait",NAMEFINDER_ME,"glued to the television . Wait , where are you going",1.0,NameDatabase@7c75222b
20,20,"Weaver",NAMEFINDER_ME,"s great , Mr . Weaver . It ' s a",1.0,NameDatabase@7c75222b
20,20,"Jessica",NAMEFINDER_ME,"... Cal looks down , Jessica has her hand on his",1.0,NameDatabase@7c75222b
20,20,"Molly",NAMEFINDER_ME,". Okay , well ... Molly , last chance ! ?",1.0,NameDatabase@7c75222b
20,20,"Molly",NAMEFINDER_ME,"last chance ! ? But Molly is still locked on Efron",1.0,NameDatabase@7c75222b
20,20,"Robbie",NAMEFINDER_ME,". The door slams . Robbie stands there with Jessica ,",1.0,NameDatabase@7c75222b
20,20,"Jessica",NAMEFINDER_ME,". Robbie stands there with Jessica , awkward . Tries to",1.0,NameDatabase@7c75222b
20,20,"Robbie",NAMEFINDER_ME,"sitter . I know , Robbie . An awkward beat ,",1.0,NameDatabase@7c75222b
21,21,"CAL",SPEAKER_ABOVE_DIALOGUE,"CAL/What am I doing?",0.7,NameDatabase@7c75222b
22,22,"CAL",SPEAKER_ABOVE_DIALOGUE,"CAL/What the hell am I doing?",0.7,NameDatabase@7c75222b
22,22,"Hannah",NAMEFINDER_ME,"FACTORY . Inside is ... Hannah ( girl from the bar",1.0,NameDatabase@7c75222b
23,23,"RICHARD",SPEAKER_ABOVE_DIALOGUE,"RICHARD/I think you're wrong. I think",1.0,NameDatabase@7c75222b
23,23,"WHITE MAN",SPEAKER_ABOVE_DIALOGUE,"WHITE MAN/No, no, no. Chris Rock is the",1.0,NameDatabase@7c75222b
23,23,"WHITE WOMAN",SPEAKER_ABOVE_DIALOGUE,"WHITE WOMAN/Is it racist that I can't tell",0.7,NameDatabase@7c75222b
23,23,"LIZ",SPEAKER_ABOVE_DIALOGUE,"LIZ/Well, Richard: thank you for",1.0,NameDatabase@7c75222b
23,23,"LIZ",SPEAKER_ABOVE_DIALOGUE,"LIZ/Sweetie: go into your hole and",1.0,NameDatabase@7c75222b
23,23,"RICHARD",SPEAKER_ABOVE_DIALOGUE,"RICHARD/She's gonna kick that bar's butt!",1.0,NameDatabase@7c75222b
23,23,"LIZ",SPEAKER_ABOVE_DIALOGUE,"LIZ/Yeah, okay.",1.0,NameDatabase@7c75222b
23,23,"HANNAH",SPEAKER_ABOVE_DIALOGUE,"HANNAH/(SMILING)",1.0,NameDatabase@7c75222b
23,23,"RICHARD",SPEAKER_ABOVE_DIALOGUE,"RICHARD/Hey, Liz? When my girl passes,",1.0,NameDatabase@7c75222b
23,23,"LIZ",SPEAKER_ABOVE_DIALOGUE,"LIZ/Richard, you just give me a heads-",1.0,NameDatabase@7c75222b
23,23,"RICHARD",SPEAKER_ABOVE_DIALOGUE,"RICHARD/You know it!",1.0,NameDatabase@7c75222b
23,23,"HANNAH",SPEAKER_ABOVE_DIALOGUE,"HANNAH/Did you hear that? `It's going to",1.0,NameDatabase@7c75222b
23,23,"LIZ",SPEAKER_ABOVE_DIALOGUE,"LIZ/At the Cheesecake Factory? Oh",1.0,NameDatabase@7c75222b
23,23,"HANNAH",SPEAKER_ABOVE_DIALOGUE,"HANNAH/He's nice.",1.0,NameDatabase@7c75222b
23,23,"LIZ",SPEAKER_ABOVE_DIALOGUE,"LIZ/Yeah, well... Jesus. Really?",1.0,NameDatabase@7c75222b
23,23,"Hannah",NAMEFINDER_ME,"SMALL GIFTS in front of Hannah . Holding her hand is",1.0,NameDatabase@7c75222b
23,23,"Chris Rock",NAMEFINDER_ME,", no , no . Chris Rock is the stand - up",1.0,NameDatabase@7c75222b
23,23,"Chris Tucker",NAMEFINDER_ME,"stand - up comedian . Chris Tucker is the actor . Is",1.0,NameDatabase@7c75222b
23,23,"Hannah",NAMEFINDER_ME,"yes "" at Hannah . Hannah stifles a LAUGH . Liz",1.0,NameDatabase@7c75222b
23,23,"Richard",NAMEFINDER_ME,"Liz stands . Well , Richard : thank you for inviting",1.0,NameDatabase@7c75222b
23,23,"Hannah",NAMEFINDER_ME,"you for inviting me to Hannah ' s ` goodbye '",1.0,NameDatabase@7c75222b
23,23,"Yeah",NAMEFINDER_ME,"CHEER . Liz SHRUGS . Yeah , okay . ( CONTINUED",0.6963947097280713,NameDatabase@7c75222b
23,23,"Hannah",NAMEFINDER_ME,"her drink , turns to Hannah . ( SMILING ) I",1.0,NameDatabase@7c75222b
23,23,"Richard",NAMEFINDER_ME,"be a special night . Richard , you just give me",1.0,NameDatabase@7c75222b
23,23,"Hannah",NAMEFINDER_ME,"? You know it ! Hannah leads Liz out of the",1.0,NameDatabase@7c75222b
23,23,"Yeah",NAMEFINDER_ME,"He ' s nice . Yeah , well ... Jesus .",0.6715761958137814,NameDatabase@7c75222b
23,23,"Hannah",NAMEFINDER_ME,"her goodbye , EXITS . Hannah looks at her table .",1.0,NameDatabase@7c75222b
24,24,"JACOB",SPEAKER_ABOVE_DIALOGUE,"JACOB/You're late.",1.0,NameDatabase@7c75222b
24,24,"CAL",SPEAKER_ABOVE_DIALOGUE,"CAL/No thanks. So what exactly are",0.7,NameDatabase@7c75222b
24,24,"JACOB",SPEAKER_ABOVE_DIALOGUE,"JACOB/How much money can you afford to",1.0,NameDatabase@7c75222b
24,24,"CAL",SPEAKER_ABOVE_DIALOGUE,"CAL/I dunno. Five hundred?",0.7,NameDatabase@7c75222b
24,24,"JACOB",SPEAKER_ABOVE_DIALOGUE,"JACOB/Three thousand.",1.0,NameDatabase@7c75222b
24,24,"CAL",SPEAKER_ABOVE_DIALOGUE,"CAL/Okay.",0.7,NameDatabase@7c75222b
24,24,"JACOB",SPEAKER_ABOVE_DIALOGUE,"JACOB/We'll start with shoes. Let me",1.0,NameDatabase@7c75222b
24,24,"JACOB",SPEAKER_ABOVE_DIALOGUE,"JACOB/Take them off.",1.0,NameDatabase@7c75222b
24,24,"JACOB",SPEAKER_ABOVE_DIALOGUE,"JACOB/(CHEWING)",1.0,NameDatabase@7c75222b
24,24,"CAL",SPEAKER_ABOVE_DIALOGUE,"CAL/What the hell!?",0.7,NameDatabase@7c75222b
24,24,"JACOB",SPEAKER_ABOVE_DIALOGUE,"JACOB/Are you in a fraternity, Cal?",1.0,NameDatabase@7c75222b
24,24,"CAL",SPEAKER_ABOVE_DIALOGUE,"CAL/Those were my favorite shoes.",0.7,NameDatabase@7c75222b
24,24,"JACOB",SPEAKER_ABOVE_DIALOGUE,"JACOB/ARE YOU IN A FRATERNITY, CAL!?",1.0,NameDatabase@7c75222b
24,24,"CAL",SPEAKER_ABOVE_DIALOGUE,"CAL/No.",0.7,NameDatabase@7c75222b
24,24,"JACOB",SPEAKER_ABOVE_DIALOGUE,"JACOB/Are you Steve Jobs?",1.0,NameDatabase@7c75222b
24,24,"CAL",SPEAKER_ABOVE_DIALOGUE,"CAL/What?",0.7,NameDatabase@7c75222b
24,24,"JACOB",SPEAKER_ABOVE_DIALOGUE,"JACOB/ARE YOU THE BILLIONAIRE OWNER OF",1.0,NameDatabase@7c75222b
24,24,"CAL",SPEAKER_ABOVE_DIALOGUE,"CAL/No. I'm not Steve Jobs.",0.7,NameDatabase@7c75222b
24,24,"JACOB",SPEAKER_ABOVE_DIALOGUE,"JACOB/Then you don't need to walk around",1.0,NameDatabase@7c75222b
24,24,"Jacob",NAMEFINDER_ME,"he ' s told . Jacob holds out his hands .",1.0,NameDatabase@7c75222b
24,24,"Steve Jobs",NAMEFINDER_ME,"? No . Are you Steve Jobs ? What ? ARE YOU",1.0,NameDatabase@7c75222b
24,24,"Steve Jobs",NAMEFINDER_ME,". I ' m not Steve Jobs . Then you don '",1.0,NameDatabase@7c75222b
25,25,"CAL",SPEAKER_ABOVE_DIALOGUE,"CAL/I think this whole thing might",0.7,NameDatabase@7c75222b
25,25,"JACOB",SPEAKER_ABOVE_DIALOGUE,"JACOB/Any man can rebuild his entire",1.0,NameDatabase@7c75222b
25,25,"CAL",SPEAKER_ABOVE_DIALOGUE,"CAL/Ha! I think I read that in GQ.",0.7,NameDatabase@7c75222b
25,25,"JACOB",SPEAKER_ABOVE_DIALOGUE,"JACOB/You did. I wrote it.",1.0,NameDatabase@7c75222b
25,25,"CAL",SPEAKER_ABOVE_DIALOGUE,"CAL/Really?",0.7,NameDatabase@7c75222b
25,25,"JACOB",SPEAKER_ABOVE_DIALOGUE,"JACOB/Numbers one and two: pair of",1.0,NameDatabase@7c75222b
25,25,"CAL",SPEAKER_ABOVE_DIALOGUE,"CAL/I'm sorry, I'm lost: do you",0.7,NameDatabase@7c75222b
25,25,"JACOB",SPEAKER_ABOVE_DIALOGUE,"JACOB/Your credit card please?",1.0,NameDatabase@7c75222b
25,25,"JACOB",SPEAKER_WITH_VO_OS,"JACOB (V.O.)/Two suits: one black, one grey.",1.0,NameDatabase@7c75222b
25,25,"JACOB",SPEAKER_ABOVE_DIALOGUE,"JACOB/Take it in there... and there.",1.0,NameDatabase@7c75222b
25,25,"JACOB",SPEAKER_WITH_VO_OS,"JACOB (V.O.)/One pair of quality jeans.",1.0,NameDatabase@7c75222b
25,25,"CAL",SPEAKER_ABOVE_DIALOGUE,"CAL/These are two hundred and thirty",0.7,NameDatabase@7c75222b
25,25,"Jacob",NAMEFINDER_ME,"been a bad idea . Jacob ignores him , grabs a",1.0,NameDatabase@7c75222b
26,28,"CAL",SPEAKER_ABOVE_DIALOGUE,"CAL/I'm sorry! Don't leave!",0.7,NameDatabase@7c75222b
26,28,"JACOB",SPEAKER_ABOVE_DIALOGUE,"JACOB/No, Cal. We can't just go to the",1.0,NameDatabase@7c75222b
26,28,"CAL",SPEAKER_ABOVE_DIALOGUE,"CAL/What's wrong with the Gap?",0.7,NameDatabase@7c75222b
26,28,"JACOB",SPEAKER_ABOVE_DIALOGUE,"JACOB/In Hell, every store is the Gap,",1.0,NameDatabase@7c75222b
26,28,"JACOB",SPEAKER_WITH_VO_OS,"JACOB (V.O.)/One pair of chinos.",1.0,NameDatabase@7c75222b
26,28,"JACOB",SPEAKER_WITH_VO_OS,"JACOB (V.O.)/Four dress shirts.",1.0,NameDatabase@7c75222b
26,28,"JACOB",SPEAKER_WITH_VO_OS,"JACOB (V.O.)/Three casual button-downs.",1.0,NameDatabase@7c75222b
26,28,"JACOB",SPEAKER_WITH_VO_OS,"JACOB (V.O.)/Two v-neck cashmere sweaters, and",1.0,NameDatabase@7c75222b
26,28,"CAL",SPEAKER_ABOVE_DIALOGUE,"CAL/I'm very warm.",0.7,NameDatabase@7c75222b
26,28,"JACOB",SPEAKER_ABOVE_DIALOGUE,"JACOB/You rub this in around your eyes",1.0,NameDatabase@7c75222b
26,28,"CAL",SPEAKER_ABOVE_DIALOGUE,"CAL/What does it do?",0.7,NameDatabase@7c75222b
26,28,"JACOB",SPEAKER_ABOVE_DIALOGUE,"JACOB/(SARCASTIC)",1.0,NameDatabase@7c75222b
26,28,"CAL",SPEAKER_ABOVE_DIALOGUE,"CAL/Oh my God, it does.",0.7,NameDatabase@7c75222b
26,28,"CAL",SPEAKER_ABOVE_DIALOGUE,"CAL/I like to use a number four on the",0.7,NameDatabase@7c75222b
26,28,"JACOB",SPEAKER_ABOVE_DIALOGUE,"JACOB/Oh, okay. Thanks for that, Vidal",1.0,NameDatabase@7c75222b
26,28,"CAL",SPEAKER_ABOVE_DIALOGUE,"CAL/Eww.",0.7,NameDatabase@7c75222b
26,28,"JACOB",SPEAKER_ABOVE_DIALOGUE,"JACOB/... inch off the top.",1.0,NameDatabase@7c75222b
26,28,"TIFFANY",SPEAKER_ABOVE_DIALOGUE,"TIFFANY/Yes, sir.",1.0,NameDatabase@7c75222b
26,28,"CAL",SPEAKER_ABOVE_DIALOGUE,"CAL/BUT --",0.7,NameDatabase@7c75222b
26,28,"Milton Berle",NAMEFINDER_ME,"around your eyes looks like Milton Berle ' s ballsack . Cal",1.0,NameDatabase@7c75222b
27,33,"JACOB",SPEAKER_ABOVE_DIALOGUE,"JACOB/What are you putting on?",1.0,NameDatabase@7c75222b
27,33,"CAL",SPEAKER_WITH_VO_OS,"CAL (O.S.)/Items one, three, eleven, and",1.0,NameDatabase@7c75222b
27,33,"JACOB",SPEAKER_ABOVE_DIALOGUE,"JACOB/Perfect.",1.0,NameDatabase@7c75222b
27,33,"TIFFANY",SPEAKER_ABOVE_DIALOGUE,"TIFFANY/(SMITTEN)",1.0,NameDatabase@7c75222b
27,33,"JACOB",SPEAKER_ABOVE_DIALOGUE,"JACOB/What are you doing tonight?",1.0,NameDatabase@7c75222b
27,33,"TIFFANY",SPEAKER_ABOVE_DIALOGUE,"TIFFANY/I don't know.",1.0,NameDatabase@7c75222b
27,33,"JACOB",SPEAKER_ABOVE_DIALOGUE,"JACOB/That's okay, I do.",1.0,NameDatabase@7c75222b
27,33,"CAL",SPEAKER_WITH_VO_OS,"CAL (O.S.)/Seriously? You just ask her out",1.0,NameDatabase@7c75222b
27,33,"JACOB",SPEAKER_ABOVE_DIALOGUE,"JACOB/Yes, Cal, just like that.",1.0,NameDatabase@7c75222b
27,33,"CAL",SPEAKER_WITH_VO_OS,"CAL (O.S.)/And it works?",1.0,NameDatabase@7c75222b
27,33,"JACOB TIFFANY",SPEAKER_ABOVE_DIALOGUE,"JACOB TIFFANY/Yes. Yes.",1.0,NameDatabase@7c75222b
27,33,"CAL",SPEAKER_WITH_VO_OS,"CAL (O.S.)/Crazy.",1.0,NameDatabase@7c75222b
27,33,"TIFFANY",SPEAKER_ABOVE_DIALOGUE,"TIFFANY/Wow.",1.0,NameDatabase@7c75222b
27,33,"JACOB",SPEAKER_ABOVE_DIALOGUE,"JACOB/Yep.",1.0,NameDatabase@7c75222b
27,33,"CAL",SPEAKER_ABOVE_DIALOGUE,"CAL/Can I blouse out the shirt a",0.7,NameDatabase@7c75222b
27,33,"JACOB",SPEAKER_ABOVE_DIALOGUE,"JACOB/Shut up, Cal.",1.0,NameDatabase@7c75222b
27,33,"CAL",SPEAKER_ABOVE_DIALOGUE,"CAL/(HORRIFIED)",0.7,NameDatabase@7c75222b
27,33,"TIFFANY",SPEAKER_ABOVE_DIALOGUE,"TIFFANY/Yeah, probably.",1.0,NameDatabase@7c75222b
27,33,"CAL",SPEAKER_ABOVE_DIALOGUE,"CAL/Tiffany!",0.7,NameDatabase@7c75222b
27,33,"JACOB",SPEAKER_ABOVE_DIALOGUE,"JACOB/You see that, Cal? The simple act",1.0,NameDatabase@7c75222b
27,33,"CAL",SPEAKER_ABOVE_DIALOGUE,"CAL/Well, that's the meanest thing",0.7,NameDatabase@7c75222b
27,33,"JACOB",SPEAKER_ABOVE_DIALOGUE,"JACOB/No, Cal. The meanest thing",1.0,NameDatabase@7c75222b
27,33,"CAL",SPEAKER_ABOVE_DIALOGUE,"CAL/Yeah, okay, that was meaner.",0.7,NameDatabase@7c75222b
27,33,"Yeah",NAMEFINDER_ME,"( HORRIFIED ) Jesus ! Yeah , probably . Tiffany !",0.6828539143401247,NameDatabase@7c75222b
28,34,"CAL",SPEAKER_ABOVE_DIALOGUE,"CAL/I notice you only button your",0.7,NameDatabase@7c75222b
28,34,"JACOB",SPEAKER_ABOVE_DIALOGUE,"JACOB/No. Listen, Cal, I'm going to be",1.0,NameDatabase@7c75222b
28,34,"CAL",SPEAKER_ABOVE_DIALOGUE,"CAL/We should have some background on",0.7,NameDatabase@7c75222b
28,34,"JACOB",SPEAKER_ABOVE_DIALOGUE,"JACOB/Cal, the only thing I care less",1.0,NameDatabase@7c75222b
28,34,"CAL",SPEAKER_ABOVE_DIALOGUE,"CAL/Sexually?",0.7,NameDatabase@7c75222b
28,34,"JACOB",SPEAKER_ABOVE_DIALOGUE,"JACOB/Yes.",1.0,NameDatabase@7c75222b
28,34,"CAL",SPEAKER_ABOVE_DIALOGUE,"CAL/In my entire life?",0.7,NameDatabase@7c75222b
28,34,"JACOB",SPEAKER_ABOVE_DIALOGUE,"JACOB/No, synchronized swimming. Yes,",1.0,NameDatabase@7c75222b
28,34,"CAL",SPEAKER_ABOVE_DIALOGUE,"CAL/One.",0.7,NameDatabase@7c75222b
28,34,"JACOB",SPEAKER_ABOVE_DIALOGUE,"JACOB/Wow, okay... wow.",1.0,NameDatabase@7c75222b
28,34,"CAL",SPEAKER_ABOVE_DIALOGUE,"CAL/What? I married young. We met in",0.7,NameDatabase@7c75222b
28,34,"CAL",SPEAKER_ABOVE_DIALOGUE,"CAL/Tracy was so damn beautiful. You",0.7,NameDatabase@7c75222b
28,34,"JACOB",SPEAKER_ABOVE_DIALOGUE,"JACOB/Cal, I literally stopped listening",1.0,NameDatabase@7c75222b
28,34,"CAL",SPEAKER_ABOVE_DIALOGUE,"CAL/(a bit emotional)",0.7,NameDatabase@7c75222b
28,34,"JACOB",SPEAKER_ABOVE_DIALOGUE,"JACOB/Shut up, Cal.",1.0,NameDatabase@7c75222b
28,34,"YOUNG WOMAN",SPEAKER_ABOVE_DIALOGUE,"YOUNG WOMAN/Hi.",1.0,NameDatabase@7c75222b
28,34,"JACOB",SPEAKER_ABOVE_DIALOGUE,"JACOB/Hi. Jacob Palmer.",1.0,NameDatabase@7c75222b
28,34,"CAL",SPEAKER_ABOVE_DIALOGUE,"CAL/CAL --",0.7,NameDatabase@7c75222b
28,34,"JACOB",SPEAKER_ABOVE_DIALOGUE,"JACOB/(QUICKLY)",1.0,NameDatabase@7c75222b
28,34,"CAL",SPEAKER_ABOVE_DIALOGUE,"CAL/(TO HIMSELF)",0.7,NameDatabase@7c75222b
28,34,"JACOB",SPEAKER_ABOVE_DIALOGUE,"JACOB/Can I get you a drink, Amy?",1.0,NameDatabase@7c75222b
28,34,"JACOB",SPEAKER_ABOVE_DIALOGUE,"JACOB/Tell me about yourself. What do",1.0,NameDatabase@7c75222b
28,34,"NEW GIRL",SPEAKER_ABOVE_DIALOGUE,"NEW GIRL/Does it really matter?",0.7,NameDatabase@7c75222b
28,34,"JACOB",SPEAKER_ABOVE_DIALOGUE,"JACOB/It does to me.",1.0,NameDatabase@7c75222b
28,34,"JACOB",SPEAKER_ABOVE_DIALOGUE,"JACOB/It does to me.",1.0,NameDatabase@7c75222b
28,34,"NEWER GIRL",SPEAKER_ABOVE_DIALOGUE,"NEWER GIRL/And that's when I started writing",0.7,NameDatabase@7c75222b
28,34,"JACOB",SPEAKER_ABOVE_DIALOGUE,"JACOB/Listen, I'm going to be honest:",1.0,NameDatabase@7c75222b
28,34,"JACOB",SPEAKER_ABOVE_DIALOGUE,"JACOB/Let's get out of here. I know",1.0,NameDatabase@7c75222b
28,34,"NEWER GIRL",SPEAKER_ABOVE_DIALOGUE,"NEWER GIRL/Okay.",0.7,NameDatabase@7c75222b
28,34,"JACOB",SPEAKER_ABOVE_DIALOGUE,"JACOB/I think we should get out of here.",1.0,NameDatabase@7c75222b
28,34,"NEW GIRL",SPEAKER_ABOVE_DIALOGUE,"NEW GIRL/Okay.",0.7,NameDatabase@7c75222b
28,34,"JACOB",SPEAKER_ABOVE_DIALOGUE,"JACOB/I think we should get out of here.",1.0,NameDatabase@7c75222b
28,34,"FIRST GIRL",SPEAKER_ABOVE_DIALOGUE,"FIRST GIRL/Okay.",0.7,NameDatabase@7c75222b
28,34,"Tracy",NAMEFINDER_ME,"He smiles , remembering . Tracy was so damn beautiful .",1.0,NameDatabase@7c75222b
28,34,"Anyway",NAMEFINDER_ME,"it . ( THEN ) Anyway , we had a bit",0.6876322484444222,NameDatabase@7c75222b
28,34,"Jacob Palmer",NAMEFINDER_ME,". Hi . Hi . Jacob Palmer . Cal extends his hand",1.0,NameDatabase@7c75222b
28,34,"Amy",NAMEFINDER_ME,"get you a drink , Amy ? CUT TO : 35",1.0,NameDatabase@7c75222b
28,34,"Jacob",NAMEFINDER_ME,"have I been talking ? Jacob takes her hand . (",1.0,NameDatabase@7c75222b
28,34,"YOUNG WOMAN",PERSON_ADJ,"A YOUNG WOMAN slides into the booth at Jacob's side.",0.7,null
28,34,"NEW GIRL",PERSON_NOUN,"gets handed over to: a NEW GIRL, on a NEW NIGHT.",0.7,null
28,34,"NEWER GIRL",PERSON_NOUN,"Now with NEWER GIRL.",0.7,null
28,34,"SECOND GIRL",PERSON_NOUN,"37 THE SECOND GIRL 37",0.7,null
28,34,"FIRST GIRL",PERSON_NOUN,"38 THE FIRST GIRL 38",0.7,null
28,34,"GIRL",PERSON_NOUN,"GIRL arrives at his table. Cal looks up, smiles. She",0.7,null
29,39,"Robbie Weaver",NAMEFINDER_ME,"LETTER , THEMES . "" Robbie Weaver sits at his 8 th",1.0,NameDatabase@7c75222b
29,39,"Robbie",NAMEFINDER_ME,". Under his desk , Robbie is TEXTING . INTERCUT WITH",1.0,NameDatabase@7c75222b
29,39,"FEMALE TEACHER",PERSON_ADJ,"we hear a FEMALE TEACHER drone on about The Scarlet",0.7,null
30,40,"TEACHER",SPEAKER_WITH_VO_OS,"TEACHER (O.S.)/While Hester is forced to wear a",1.0,NameDatabase@7c75222b
30,40,"TEACHER",SPEAKER_WITH_VO_OS,"TEACHER (O.S.)/Mr. Weaver? Are we interrupting?",1.0,NameDatabase@7c75222b
30,40,"TEACHER",SPEAKER_WITH_VO_OS,"TEACHER (O.S.)/Mr. Weaver!",1.0,NameDatabase@7c75222b
30,40,"ROBBIE",SPEAKER_ABOVE_DIALOGUE,"ROBBIE/You want to talk about The Scarlet",1.0,NameDatabase@7c75222b
30,40,"Jessica",NAMEFINDER_ME,"text : "" Hi , Jessica . FYI : Demi Moore",1.0,NameDatabase@7c75222b
30,40,"Love",NAMEFINDER_ME,"They seem really happy . Love , Robbie . "" Her",1.0,NameDatabase@7c75222b
30,40,"Robbie",NAMEFINDER_ME,"really happy . Love , Robbie . "" Her phone BEEPS",1.0,NameDatabase@7c75222b
30,40,"Demi Moore",NAMEFINDER_ME,"S . did you know Demi Moore starred in the movie version",1.0,NameDatabase@7c75222b
30,40,"Reverend Dimmesdale",NAMEFINDER_ME,"as punishment for adultery , Reverend Dimmesdale ' s ` A '",0.8559962657478244,NameDatabase@7c75222b
30,40,"Robbie",NAMEFINDER_ME,"is self - inflicted -- Robbie ' s PHONE BEEPS .",1.0,NameDatabase@7c75222b
30,40,"Robbie",NAMEFINDER_ME,""" NEW MESSAGE . "" Robbie smiles . ( CONTINUED )",1.0,NameDatabase@7c75222b
30,40,"Robbie",NAMEFINDER_ME,"41 The text : "" Robbie : please stop . U",1.0,NameDatabase@7c75222b
30,40,"Weaver",NAMEFINDER_ME,", crestfallen . Mr . Weaver ? Are we interrupting ?",1.0,NameDatabase@7c75222b
30,40,"Robbie",NAMEFINDER_ME,"? Are we interrupting ? Robbie looks up : the WHOLE",1.0,NameDatabase@7c75222b
30,40,"Weaver",NAMEFINDER_ME,"at him . Mr . Weaver ! Slowly , Robbie stands",1.0,NameDatabase@7c75222b
30,40,"Robbie",NAMEFINDER_ME,". Weaver ! Slowly , Robbie stands . We HEAD IN",1.0,NameDatabase@7c75222b
30,40,"Thompson",NAMEFINDER_ME,"Scarlet Letter , Mrs . Thompson ? Here you go :",1.0,NameDatabase@7c75222b
30,40,"Thompson",NAMEFINDER_ME,"this book , Mrs . Thompson , because this is what",1.0,NameDatabase@7c75222b
30,40,"FEMALE TEACHER",PERSON_ADJ,"Pleased with himself. The FEMALE TEACHER drones on in",0.7,null
31,42,"DAVID JACOBOWITZ",SPEAKER_ABOVE_DIALOGUE,"DAVID JACOBOWITZ/You have a second?",1.0,NameDatabase@7c75222b
31,42,"TRACY",SPEAKER_ABOVE_DIALOGUE,"TRACY/Oh, David. I'm just a little",1.0,NameDatabase@7c75222b
31,42,"DAVID JACOBOWITZ",SPEAKER_ABOVE_DIALOGUE,"DAVID JACOBOWITZ/You've been avoiding me.",1.0,NameDatabase@7c75222b
31,42,"TRACY",SPEAKER_ABOVE_DIALOGUE,"TRACY/No, I haven't.",1.0,NameDatabase@7c75222b
31,42,"DAVID JACOBOWITZ",SPEAKER_ABOVE_DIALOGUE,"DAVID JACOBOWITZ/You ran away in the other",1.0,NameDatabase@7c75222b
31,42,"TRACY",SPEAKER_ABOVE_DIALOGUE,"TRACY/I ran track in high school.",1.0,NameDatabase@7c75222b
31,42,"DAVID JACOBOWITZ",SPEAKER_ABOVE_DIALOGUE,"DAVID JACOBOWITZ/That must be it.",1.0,NameDatabase@7c75222b
31,42,"DAVID JACOBOWITZ",SPEAKER_ABOVE_DIALOGUE,"DAVID JACOBOWITZ/I'm sorry about you and Cal.",1.0,NameDatabase@7c75222b
31,42,"TRACY",SPEAKER_ABOVE_DIALOGUE,"TRACY/Thank you.",1.0,NameDatabase@7c75222b
31,42,"DAVID JACOBOWITZ",SPEAKER_ABOVE_DIALOGUE,"DAVID JACOBOWITZ/I'm also not sorry, if I'm being",1.0,NameDatabase@7c75222b
31,42,"TRACY",SPEAKER_ABOVE_DIALOGUE,"TRACY/No, I do --",1.0,NameDatabase@7c75222b
31,42,"DAVID JACOBOWITZ",SPEAKER_ABOVE_DIALOGUE,"DAVID JACOBOWITZ/A lot. Just to clarify. I like",1.0,NameDatabase@7c75222b
31,42,"DAVID JACOBOWITZ",SPEAKER_ABOVE_DIALOGUE,"DAVID JACOBOWITZ/So when the time is right for you",1.0,NameDatabase@7c75222b
31,42,"TRACY",SPEAKER_ABOVE_DIALOGUE,"TRACY/David, you've been a great friend",1.0,NameDatabase@7c75222b
31,42,"TRACY",SPEAKER_ABOVE_DIALOGUE,"TRACY/But now, when I see you, all I see",1.0,NameDatabase@7c75222b
31,42,"TRACY",SPEAKER_ABOVE_DIALOGUE,"TRACY/You see this? I'm saving you from",1.0,NameDatabase@7c75222b
31,42,"ASSISTANT",SPEAKER_WITH_VO_OS,"ASSISTANT (V.O.)/Your son's school on two.",0.7,NameDatabase@7c75222b
31,42,"TRACY",SPEAKER_ABOVE_DIALOGUE,"TRACY/(INTO PHONE)",1.0,NameDatabase@7c75222b
31,42,"DAVID",NAMEFINDER_ME,"s ) stands there : DAVID JACOBOWITZ . You have a",1.0,NameDatabase@7c75222b
31,42,"David",NAMEFINDER_ME,"a second ? Oh , David . I ' m just",1.0,NameDatabase@7c75222b
31,42,"Tracy LAUGHS",NAMEFINDER_ME,". That sounded weird . Tracy LAUGHS lightly , leans forward .",1.0,NameDatabase@7c75222b
31,42,"David",NAMEFINDER_ME,"lightly , leans forward . David , you ' ve been",1.0,NameDatabase@7c75222b
31,42,"David",NAMEFINDER_ME,"come to work lately . David smiles . But now ,",1.0,NameDatabase@7c75222b
31,42,"David",NAMEFINDER_ME,"saving you from disaster , David , ` cause you '",1.0,NameDatabase@7c75222b
31,42,"Honestly",NAMEFINDER_ME,"- board the Titanic . Honestly , do you really want",0.9976562992564283,NameDatabase@7c75222b
31,42,"David",NAMEFINDER_ME,". As she talks , David scribbles something on a postcard",1.0,NameDatabase@7c75222b
31,42,"David",NAMEFINDER_ME,"Tracy looks up , but David is gone .",1.0,NameDatabase@7c75222b
31,42,"TALL MAN",PERSON_NOUN,"A TALL MAN (40's) stands there: DAVID JACOBOWITZ.",0.7,null
32,43,"TRACY",SPEAKER_ABOVE_DIALOGUE,"TRACY/(calling back in)",1.0,NameDatabase@7c75222b
32,43,"TRACY",SPEAKER_ABOVE_DIALOGUE,"TRACY/Seriously?",1.0,NameDatabase@7c75222b
32,43,"ROBBIE",SPEAKER_ABOVE_DIALOGUE,"ROBBIE/Sorry.",1.0,NameDatabase@7c75222b
32,43,"TRACY",SPEAKER_ABOVE_DIALOGUE,"TRACY/It's been a rough couple of weeks,",1.0,NameDatabase@7c75222b
32,43,"TRACY",SPEAKER_ABOVE_DIALOGUE,"TRACY/They still make kids read The",1.0,NameDatabase@7c75222b
32,43,"TRACY",SPEAKER_ABOVE_DIALOGUE,"TRACY/You'd really think someone would",1.0,NameDatabase@7c75222b
32,43,"Robbie",NAMEFINDER_ME,"Robbie sits , waiting . Tracy",1.0,NameDatabase@7c75222b
32,43,"Tracy EMERGES",NAMEFINDER_ME,"Robbie sits , waiting . Tracy EMERGES . ( calling back in",1.0,NameDatabase@7c75222b
32,43,"Principal Sapienza",NAMEFINDER_ME,"of course . Absolutely , Principal Sapienza , it won ' t",1.0,NameDatabase@7c75222b
32,43,"Sorry",NAMEFINDER_ME,"to Robbie . Seriously ? Sorry . It ' s been",0.9730104176730944,NameDatabase@7c75222b
32,43,"Robbie LAUGHS",NAMEFINDER_ME,"something better by now . Robbie LAUGHS , the tension broken a",1.0,NameDatabase@7c75222b
33,44,"TRACY",SPEAKER_ABOVE_DIALOGUE,"TRACY/Guess I should take it down, huh?",1.0,NameDatabase@7c75222b
33,44,"ROBBIE",SPEAKER_ABOVE_DIALOGUE,"ROBBIE/I guess.",1.0,NameDatabase@7c75222b
33,44,"TRACY",SPEAKER_ABOVE_DIALOGUE,"TRACY/How is he? I've spoken to him but",1.0,NameDatabase@7c75222b
33,44,"TRACY",SPEAKER_ABOVE_DIALOGUE,"TRACY/Sorry, that's unfair. Ignore me,",1.0,NameDatabase@7c75222b
33,44,"ROBBIE",SPEAKER_ABOVE_DIALOGUE,"ROBBIE/He's dressing a lot better. Going",1.0,NameDatabase@7c75222b
33,44,"TRACY",SPEAKER_ABOVE_DIALOGUE,"TRACY/Oh. Well, good. That's... really",1.0,NameDatabase@7c75222b
33,44,"ROBBIE",SPEAKER_ABOVE_DIALOGUE,"ROBBIE/He's sad. He looks better, but...",1.0,NameDatabase@7c75222b
33,44,"TRACY",SPEAKER_ABOVE_DIALOGUE,"TRACY/Yeah. I guess I'm pretty sad,",1.0,NameDatabase@7c75222b
33,44,"ROBBIE",SPEAKER_ABOVE_DIALOGUE,"ROBBIE/I know.",1.0,NameDatabase@7c75222b
33,44,"TRACY",SPEAKER_ABOVE_DIALOGUE,"TRACY/You do?",1.0,NameDatabase@7c75222b
33,44,"ROBBIE",SPEAKER_ABOVE_DIALOGUE,"ROBBIE/I heard you crying the other night",1.0,NameDatabase@7c75222b
33,44,"TRACY",SPEAKER_ABOVE_DIALOGUE,"TRACY/Oh God, baby, you're so much like",1.0,NameDatabase@7c75222b
33,44,"ROBBIE",SPEAKER_ABOVE_DIALOGUE,"ROBBIE/I'm okay with being like you, Mom.",1.0,NameDatabase@7c75222b
33,44,"TRACY",SPEAKER_ABOVE_DIALOGUE,"TRACY/It's my fault, what happened with",1.0,NameDatabase@7c75222b
33,44,"ROBBIE",SPEAKER_ABOVE_DIALOGUE,"ROBBIE/It'll be okay, Mom.",1.0,NameDatabase@7c75222b
33,44,"TRACY",SPEAKER_ABOVE_DIALOGUE,"TRACY/(EMOTIONAL)",1.0,NameDatabase@7c75222b
33,44,"TRACY",SPEAKER_ABOVE_DIALOGUE,"TRACY/David, this is my son, Robbie.",1.0,NameDatabase@7c75222b
33,44,"TRACY",SPEAKER_ABOVE_DIALOGUE,"TRACY/I'll be right back, okay, honey?",1.0,NameDatabase@7c75222b
33,44,"ROBBIE DAVID",SPEAKER_ABOVE_DIALOGUE,"ROBBIE DAVID/Okay. Okay.",1.0,NameDatabase@7c75222b
33,44,"DAVID JACOBOWITZ",SPEAKER_ABOVE_DIALOGUE,"DAVID JACOBOWITZ/So, Robbie... I hear you're quite",1.0,NameDatabase@7c75222b
33,44,"ROBBIE",SPEAKER_ABOVE_DIALOGUE,"ROBBIE/So, David... I hear you broke up",1.0,NameDatabase@7c75222b
33,44,"ROBBIE",SPEAKER_ABOVE_DIALOGUE,"ROBBIE/You are David Jacobowitz, right?",1.0,NameDatabase@7c75222b
33,44,"DAVID JACOBOWITZ",SPEAKER_ABOVE_DIALOGUE,"DAVID JACOBOWITZ/Um, yes I am --",1.0,NameDatabase@7c75222b
33,44,"ROBBIE",SPEAKER_ABOVE_DIALOGUE,"ROBBIE/Here's the thing, David: in the",1.0,NameDatabase@7c75222b
33,44,"DAVID JACOBOWITZ",SPEAKER_ABOVE_DIALOGUE,"DAVID JACOBOWITZ/Listen, Robbie --",1.0,NameDatabase@7c75222b
33,44,"ROBBIE",SPEAKER_ABOVE_DIALOGUE,"ROBBIE/Now I know what you're thinking:",1.0,NameDatabase@7c75222b
33,44,"TRACY",SPEAKER_ABOVE_DIALOGUE,"TRACY/You ready to go?",1.0,NameDatabase@7c75222b
33,44,"ROBBIE",SPEAKER_ABOVE_DIALOGUE,"ROBBIE/(SUDDENLY SWEET)",1.0,NameDatabase@7c75222b
33,44,"Tracy",NAMEFINDER_ME,"in an office chair as Tracy tries to work behind her",1.0,NameDatabase@7c75222b
33,44,"Tracy",NAMEFINDER_ME,"Very much in love . Tracy notices . Guess I should",1.0,NameDatabase@7c75222b
33,44,"Robbie",NAMEFINDER_ME,"is he , really ? Robbie hesitates . Sorry , that",1.0,NameDatabase@7c75222b
33,44,"Sorry",NAMEFINDER_ME,"really ? Robbie hesitates . Sorry , that ' s unfair",0.9886582452566673,NameDatabase@7c75222b
33,44,"Robbie",NAMEFINDER_ME,"in the mood for . Robbie hesitates , then adds :",1.0,NameDatabase@7c75222b
33,44,"Robbie",NAMEFINDER_ME,"with all my stuff , Robbie . I ' m so",1.0,NameDatabase@7c75222b
33,44,"Mom",NAMEFINDER_ME,"' ll be okay , Mom . ( EMOTIONAL ) You",1.0,NameDatabase@7c75222b
33,44,"David",NAMEFINDER_ME,"up . It ' s David . Tracy gathers herself ,",1.0,NameDatabase@7c75222b
33,44,"Tracy",NAMEFINDER_ME,"It ' s David . Tracy gathers herself , stands .",1.0,NameDatabase@7c75222b
33,44,"David",NAMEFINDER_ME,"gathers herself , stands . David , this is my son",1.0,NameDatabase@7c75222b
33,44,"Robbie",NAMEFINDER_ME,"this is my son , Robbie . Robbie , this is",1.0,NameDatabase@7c75222b
33,44,"Robbie",NAMEFINDER_ME,"my son , Robbie . Robbie , this is David .",1.0,NameDatabase@7c75222b
33,44,"David",NAMEFINDER_ME,". Robbie , this is David . ( FORCED ) We",1.0,NameDatabase@7c75222b
33,44,"Robbie",NAMEFINDER_ME,") We work together . Robbie takes him in , shakes",1.0,NameDatabase@7c75222b
33,44,"Tracy",NAMEFINDER_ME,"Awkward . Really awkward . Tracy starts to say something ,",1.0,NameDatabase@7c75222b
33,44,"David",NAMEFINDER_ME,"it , and EXITS . David moves into the room ,",1.0,NameDatabase@7c75222b
33,44,"Robbie",NAMEFINDER_ME,"room , sits down opposite Robbie . ( CONTINUED ) 44",1.0,NameDatabase@7c75222b
33,44,"David",NAMEFINDER_ME,"soccer player . So , David ... I hear you broke",1.0,NameDatabase@7c75222b
33,44,"David Jacobowitz",NAMEFINDER_ME,", shocked . You are David Jacobowitz , right ? From accounting",1.0,NameDatabase@7c75222b
33,44,"David",NAMEFINDER_ME,"' s the thing , David : in the end ,",1.0,NameDatabase@7c75222b
33,44,"Robbie",NAMEFINDER_ME,"she still loves him . Robbie props the PHOTO of Tracy",1.0,NameDatabase@7c75222b
33,44,"Tracy",NAMEFINDER_ME,"Robbie props the PHOTO of Tracy and Cal back up .",1.0,NameDatabase@7c75222b
33,44,"Robbie",NAMEFINDER_ME,"back up . Listen , Robbie -- Now I know what",1.0,NameDatabase@7c75222b
33,44,"David",NAMEFINDER_ME,"more than you think , David . Just today , I",1.0,NameDatabase@7c75222b
33,44,"Jessica",NAMEFINDER_ME,"won ' t stop sending Jessica texts that make her uncomfortable",1.0,NameDatabase@7c75222b
33,44,"Tracy",NAMEFINDER_ME,"need to know that . Tracy RE - ENTERS . You",1.0,NameDatabase@7c75222b
33,44,"Tracy",NAMEFINDER_ME,": ( 4 ) 44 Tracy waves to David as she",1.0,NameDatabase@7c75222b
33,44,"David",NAMEFINDER_ME,") 44 Tracy waves to David as she and Robbie EXIT",1.0,NameDatabase@7c75222b
33,44,"Robbie EXIT",NAMEFINDER_ME,"to David as she and Robbie EXIT , leaving him stunned in",1.0,NameDatabase@7c75222b
33,44,"Robbie",NAMEFINDER_ME,"OF CAL AND TRACY that Robbie has left directly in his",1.0,NameDatabase@7c75222b
35,46,"JACOB",SPEAKER_ABOVE_DIALOGUE,"JACOB/I think you're ready, Cal.",1.0,NameDatabase@7c75222b
35,46,"CAL",SPEAKER_ABOVE_DIALOGUE,"CAL/For what?",0.7,NameDatabase@7c75222b
35,46,"JACOB",SPEAKER_ABOVE_DIALOGUE,"JACOB/To talk to a woman, take a woman",1.0,NameDatabase@7c75222b
35,46,"CAL",SPEAKER_ABOVE_DIALOGUE,"CAL/Oh, no. No, I'm not.",0.7,NameDatabase@7c75222b
35,46,"JACOB",SPEAKER_ABOVE_DIALOGUE,"JACOB/You've been watching me do it for",1.0,NameDatabase@7c75222b
35,46,"CAL",SPEAKER_ABOVE_DIALOGUE,"CAL/Yeah, well, I've been watching",0.7,NameDatabase@7c75222b
35,46,"JACOB",SPEAKER_ABOVE_DIALOGUE,"JACOB/Cal, do you remember the part in",1.0,NameDatabase@7c75222b
35,46,"CAL",SPEAKER_ABOVE_DIALOGUE,"CAL/Oh God. Are you going to make me",0.7,NameDatabase@7c75222b
35,46,"JACOB",SPEAKER_ABOVE_DIALOGUE,"JACOB/Cal, what's the first thing I do",1.0,NameDatabase@7c75222b
35,46,"CAL",SPEAKER_ABOVE_DIALOGUE,"CAL/You ask if you can buy her a",0.7,NameDatabase@7c75222b
35,46,"JACOB",SPEAKER_ABOVE_DIALOGUE,"JACOB/And what if she says no?",1.0,NameDatabase@7c75222b
35,46,"CAL",SPEAKER_ABOVE_DIALOGUE,"CAL/You order her a drink anyway, let",0.7,NameDatabase@7c75222b
35,46,"JACOB",SPEAKER_ABOVE_DIALOGUE,"JACOB/When she asks me a question about",1.0,NameDatabase@7c75222b
35,46,"CAL",SPEAKER_ABOVE_DIALOGUE,"CAL/You deflect it back to her. You",0.7,NameDatabase@7c75222b
35,46,"JACOB",SPEAKER_ABOVE_DIALOGUE,"JACOB/And what happens?",1.0,NameDatabase@7c75222b
35,46,"CAL",SPEAKER_ABOVE_DIALOGUE,"CAL/They talk about themselves. A",0.7,NameDatabase@7c75222b
35,46,"JACOB",SPEAKER_ABOVE_DIALOGUE,"JACOB/And what do I do?",1.0,NameDatabase@7c75222b
35,46,"CAL",SPEAKER_ABOVE_DIALOGUE,"CAL/You act really interested. You",0.7,NameDatabase@7c75222b
35,46,"JACOB",SPEAKER_ABOVE_DIALOGUE,"JACOB/And at the end of the night?",1.0,NameDatabase@7c75222b
35,46,"CAL",SPEAKER_ABOVE_DIALOGUE,"CAL/You compliment them, then you ask",0.7,NameDatabase@7c75222b
35,46,"JACOB",SPEAKER_ABOVE_DIALOGUE,"JACOB/Do I ask?",1.0,NameDatabase@7c75222b
35,46,"CAL",SPEAKER_ABOVE_DIALOGUE,"CAL/No. You confidently tell them",0.7,NameDatabase@7c75222b
35,46,"JACOB",SPEAKER_ABOVE_DIALOGUE,"JACOB/Oh, and no talking about your job,",1.0,NameDatabase@7c75222b
35,46,"CAL",SPEAKER_ABOVE_DIALOGUE,"CAL/What, no, I'm not ready for --",0.7,NameDatabase@7c75222b
35,46,"JACOB",SPEAKER_ABOVE_DIALOGUE,"JACOB/Cal, this is Kate. Kate, Cal.",1.0,NameDatabase@7c75222b
35,46,"CAL",SPEAKER_ABOVE_DIALOGUE,"CAL/Can I buy you a drink, Kate?",0.7,NameDatabase@7c75222b
35,46,"CAL",SPEAKER_ABOVE_DIALOGUE,"CAL/I'm buying you a drink anyway,",0.7,NameDatabase@7c75222b
35,46,"KATE",SPEAKER_ABOVE_DIALOGUE,"KATE/Really, thank you but it's okay.",1.0,NameDatabase@7c75222b
35,46,"CAL",SPEAKER_ABOVE_DIALOGUE,"CAL/I'm guessing you're a vodka girl,",0.7,NameDatabase@7c75222b
35,46,"KATE",SPEAKER_ABOVE_DIALOGUE,"KATE/Yes, I can but... I'm, uh, five",1.0,NameDatabase@7c75222b
35,46,"CAL",SPEAKER_ABOVE_DIALOGUE,"CAL/Nothing. We don't want anything.",0.7,NameDatabase@7c75222b
35,46,"KATE",SPEAKER_ABOVE_DIALOGUE,"KATE/So... what do you do, Cal?",1.0,NameDatabase@7c75222b
35,46,"CAL",SPEAKER_ABOVE_DIALOGUE,"CAL/What do you do, Kate?",0.7,NameDatabase@7c75222b
35,46,"KATE",SPEAKER_ABOVE_DIALOGUE,"KATE/I asked you first.",1.0,NameDatabase@7c75222b
35,46,"CAL",SPEAKER_ABOVE_DIALOGUE,"CAL/I asked you second.",0.7,NameDatabase@7c75222b
35,46,"KATE",SPEAKER_ABOVE_DIALOGUE,"KATE/Seriously, what do you do?",1.0,NameDatabase@7c75222b
35,46,"CAL",SPEAKER_ABOVE_DIALOGUE,"CAL/Seriously, what do you do?",0.7,NameDatabase@7c75222b
35,46,"KATE",SPEAKER_ABOVE_DIALOGUE,"KATE/I'm a teacher. Now, c'mon: what",1.0,NameDatabase@7c75222b
35,46,"CAL",SPEAKER_ABOVE_DIALOGUE,"CAL/Teacher. Interesting. I'm very",0.7,NameDatabase@7c75222b
35,46,"KATE",SPEAKER_ABOVE_DIALOGUE,"KATE/I'm sorry, are you not going to",1.0,NameDatabase@7c75222b
35,46,"CAL",SPEAKER_ABOVE_DIALOGUE,"CAL/A teacher with an alcohol",0.7,NameDatabase@7c75222b
35,46,"KATE",SPEAKER_ABOVE_DIALOGUE,"KATE/I should get back to my friends --",1.0,NameDatabase@7c75222b
35,46,"CAL",SPEAKER_ABOVE_DIALOGUE,"CAL/I'm sorry! I'm supposed to",0.7,NameDatabase@7c75222b
35,46,"KATE",SPEAKER_ABOVE_DIALOGUE,"KATE/What were you supposed to tell me?",1.0,NameDatabase@7c75222b
35,46,"CAL",SPEAKER_ABOVE_DIALOGUE,"CAL/I don't know: that you're a",0.7,NameDatabase@7c75222b
35,46,"KATE",SPEAKER_ABOVE_DIALOGUE,"KATE/You think I'm a perfect",1.0,NameDatabase@7c75222b
35,46,"CAL",SPEAKER_ABOVE_DIALOGUE,"CAL/That's what you took away from",0.7,NameDatabase@7c75222b
35,46,"KATE",SPEAKER_ABOVE_DIALOGUE,"KATE/Wow, an actual honest man. I",1.0,NameDatabase@7c75222b
35,46,"CAL",SPEAKER_ABOVE_DIALOGUE,"CAL/It is?",0.7,NameDatabase@7c75222b
35,46,"KATE",SPEAKER_ABOVE_DIALOGUE,"KATE/You have no idea. I'm kind of a",1.0,NameDatabase@7c75222b
35,46,"CAL",SPEAKER_ABOVE_DIALOGUE,"CAL/(GENUINE)",0.7,NameDatabase@7c75222b
35,46,"KATE",SPEAKER_ABOVE_DIALOGUE,"KATE/So... what were you `supposed' to",1.0,NameDatabase@7c75222b
35,46,"CAL",SPEAKER_ABOVE_DIALOGUE,"CAL/Well, eventually I'm `supposed' to",0.7,NameDatabase@7c75222b
35,46,"KATE",SPEAKER_ABOVE_DIALOGUE,"KATE/Why don't you give it a shot, see",1.0,NameDatabase@7c75222b
35,46,"CAL",SPEAKER_ABOVE_DIALOGUE,"CAL/You're very pretty, Kate. And I",0.7,NameDatabase@7c75222b
35,46,"KATE",SPEAKER_ABOVE_DIALOGUE,"KATE/(PLAYFUL)",1.0,NameDatabase@7c75222b
35,46,"CAL",SPEAKER_ABOVE_DIALOGUE,"CAL/I'm not asking you, Kate. I'm",0.7,NameDatabase@7c75222b
35,46,"Jacob",NAMEFINDER_ME,"he did it instinctively . Jacob smiles , leans forward .",1.0,NameDatabase@7c75222b
35,46,"Miagi",NAMEFINDER_ME,"Kid , where Mr . Miagi keeps having the kid wax",0.984019575344259,NameDatabase@7c75222b
35,46,"Jacob",NAMEFINDER_ME,"make me fight someone ? Jacob stretches his neck , trying",1.0,NameDatabase@7c75222b
35,46,"Miagi",NAMEFINDER_ME,"shit ! You Mr . Miagi ' d me ! Jacob",0.9047397707837912,NameDatabase@7c75222b
35,46,"David Jacobowitz",NAMEFINDER_ME,"pathetic sexual history , or David Jacobowitz . Okay , here we",1.0,NameDatabase@7c75222b
35,46,"Kate",NAMEFINDER_ME,", this is Kate . Kate , Cal . Jacob NODS",1.0,NameDatabase@7c75222b
35,46,"Kate",NAMEFINDER_ME,") and leaves them . Kate SITS . Cal smiles at",1.0,NameDatabase@7c75222b
35,46,"Kate",NAMEFINDER_ME,"buy you a drink , Kate ? KATE ( PRETTY WOMAN",1.0,NameDatabase@7c75222b
35,46,"KATE",NAMEFINDER_ME,"a drink , Kate ? KATE ( PRETTY WOMAN ) Oh",1.0,NameDatabase@7c75222b
35,46,"Kate",NAMEFINDER_ME,"you a drink anyway , Kate , so you might as",1.0,NameDatabase@7c75222b
35,46,"Kate",NAMEFINDER_ME,"Waitress leaves , confused . Kate looks around , uncomfortable .",1.0,NameDatabase@7c75222b
35,46,"Kate",NAMEFINDER_ME,"What do you do , Kate ? ( CONTINUED ) 46",1.0,NameDatabase@7c75222b
35,46,"Teacher",NAMEFINDER_ME,"Cal NODS , exaggerated . Teacher . Interesting . I '",0.8653202187885052,NameDatabase@7c75222b
35,46,"David Jacobowitz",NAMEFINDER_ME,"was cheating on me with David Jacobowitz who I wasn ' t",1.0,NameDatabase@7c75222b
35,46,"Kate",NAMEFINDER_ME,"' re very pretty , Kate . And I can '",1.0,NameDatabase@7c75222b
35,46,"CUE",NAMEFINDER_ME,"genuinely turned - on . CUE MUSIC : "" SEXYBACK """,1.0,NameDatabase@7c75222b
35,46,"Justin Timberlake",NAMEFINDER_ME,": "" SEXYBACK "" by Justin Timberlake . SMASH CUT TO :",1.0,NameDatabase@7c75222b
35,46,"PRETTY WOMAN",PERSON_NOUN,"Jacob BOWS to Cal, Japanese style. A PRETTY WOMAN stands",0.7,null
35,46,"PRETTY WOMAN",PERSON_NOUN,"KATE (PRETTY WOMAN)",0.7,null
36,47,"CAL",SPEAKER_ABOVE_DIALOGUE,"CAL/(gasping for breath)",0.7,NameDatabase@7c75222b
36,47,"KATE",SPEAKER_ABOVE_DIALOGUE,"KATE/(TURNED ON)",1.0,NameDatabase@7c75222b
36,47,"CAL",SPEAKER_ABOVE_DIALOGUE,"CAL/I've never been with a woman",0.7,NameDatabase@7c75222b
36,47,"KATE",SPEAKER_ABOVE_DIALOGUE,"KATE/More, tell me more.",1.0,NameDatabase@7c75222b
36,47,"CAL",SPEAKER_ABOVE_DIALOGUE,"CAL/I'm worried you have AIDS.",0.7,NameDatabase@7c75222b
36,47,"CAL",SPEAKER_ABOVE_DIALOGUE,"CAL/Only a little.",0.7,NameDatabase@7c75222b
36,47,"KATE",SPEAKER_ABOVE_DIALOGUE,"KATE/What do you want to do with me?",1.0,NameDatabase@7c75222b
36,47,"CAL",SPEAKER_ABOVE_DIALOGUE,"CAL/Show you off to my wife to make",0.7,NameDatabase@7c75222b
36,47,"JACOB",SPEAKER_ABOVE_DIALOGUE,"JACOB/... it would work!",1.0,NameDatabase@7c75222b
36,47,"CAL",SPEAKER_ABOVE_DIALOGUE,"CAL/You're out of your mind.",0.7,NameDatabase@7c75222b
36,47,"JACOB",SPEAKER_ABOVE_DIALOGUE,"JACOB/What do college guys hate? Doing",1.0,NameDatabase@7c75222b
36,47,"CAL",SPEAKER_ABOVE_DIALOGUE,"CAL/It's ridiculous.",0.7,NameDatabase@7c75222b
36,47,"JACOB",SPEAKER_ABOVE_DIALOGUE,"JACOB/And yours isn't? A candy store",1.0,NameDatabase@7c75222b
36,47,"CAL",SPEAKER_ABOVE_DIALOGUE,"CAL/Everyone loves the cherry. Look,",0.7,NameDatabase@7c75222b
36,47,"JACOB",SPEAKER_ABOVE_DIALOGUE,"JACOB/I like grape.",1.0,NameDatabase@7c75222b
36,47,"CAL",SPEAKER_ABOVE_DIALOGUE,"CAL/Well then you can't come to my",0.7,NameDatabase@7c75222b
36,47,"NEW GIRL",PERSON_NOUN,"Cal bids farewell to a NEW GIRL on a new morning.",0.7,null
36,47,"NEW WOMAN",PERSON_NOUN,"A NEW WOMAN EXITS. The door closes. It re-opens as he",0.7,null
36,47,"ANOTHER WOMAN",PERSON_NOUN,"kisses goodbye ANOTHER WOMAN!",0.7,null
37,53,"CLAIRE",SPEAKER_ABOVE_DIALOGUE,"CLAIRE/Oh, I almost forgot -- heard some",1.0,NameDatabase@7c75222b
37,53,"BERNIE",SPEAKER_ABOVE_DIALOGUE,"BERNIE/For God's sake, Claire.",1.0,NameDatabase@7c75222b
37,53,"CLAIRE",SPEAKER_ABOVE_DIALOGUE,"CLAIRE/(SING-SONGY)",1.0,NameDatabase@7c75222b
37,53,"BERNIE",SPEAKER_ABOVE_DIALOGUE,"BERNIE/Leave the poor bastard alone,",1.0,NameDatabase@7c75222b
37,53,"VOICE",SPEAKER_WITH_VO_OS,"VOICE (O.S.)/What did you hear about Mr.",1.0,NameDatabase@7c75222b
37,53,"CLAIRE",SPEAKER_ABOVE_DIALOGUE,"CLAIRE/Apparently, Mr. Weaver has become",1.0,NameDatabase@7c75222b
37,53,"JESSICA",SPEAKER_ABOVE_DIALOGUE,"JESSICA/What?",1.0,NameDatabase@7c75222b
37,53,"CLAIRE",SPEAKER_ABOVE_DIALOGUE,"CLAIRE/Lots of young women coming in and",1.0,NameDatabase@7c75222b
37,53,"BERNIE",SPEAKER_ABOVE_DIALOGUE,"BERNIE/Claire, would you cut it out?",1.0,NameDatabase@7c75222b
37,53,"CLAIRE",SPEAKER_ABOVE_DIALOGUE,"CLAIRE/It's good for Jess to know. She",1.0,NameDatabase@7c75222b
37,53,"BERNIE",SPEAKER_ABOVE_DIALOGUE,"BERNIE/Oh, c'mon! Enough.",1.0,NameDatabase@7c75222b
37,53,"CLAIRE",SPEAKER_ABOVE_DIALOGUE,"CLAIRE/Well, it's good gossip at the",1.0,NameDatabase@7c75222b
37,53,"Claire",NAMEFINDER_ME,"God ' s sake , Claire . ( SING - SONGY",1.0,NameDatabase@7c75222b
37,53,"Weaver",NAMEFINDER_ME,"you hear about Mr . Weaver , Mom ? PULL BACK",1.0,NameDatabase@7c75222b
37,53,"Mom",NAMEFINDER_ME,"about Mr . Weaver , Mom ? PULL BACK -- JESSICA",1.0,NameDatabase@7c75222b
37,53,"Weaver",NAMEFINDER_ME,". Apparently , Mr . Weaver has become quite a man",1.0,NameDatabase@7c75222b
37,53,"Claire",NAMEFINDER_ME,"of his apartment lately . Claire , would you cut it",1.0,NameDatabase@7c75222b
37,53,"VOICE",PERSON_NOUN,"VOICE (O.S.)",0.7,null
37,53,"EATING NEXT TO HER LITTLE BROTHER",PERSON_WITH_AGE,"COUNTER, EATING NEXT TO HER LITTLE BROTHER (13).",0.7,null
38,54,"JESSICA",SPEAKER_ABOVE_DIALOGUE,"JESSICA/Madison! Madison, wait!",1.0,NameDatabase@7c75222b
38,54,"JESSICA",SPEAKER_ABOVE_DIALOGUE,"JESSICA/Hey, I had a question --",1.0,NameDatabase@7c75222b
38,54,"MADISON",SPEAKER_ABOVE_DIALOGUE,"MADISON/Hey, Jessica, whassup?",1.0,NameDatabase@7c75222b
38,54,"JESSICA",SPEAKER_ABOVE_DIALOGUE,"JESSICA/I had a question for you, Madison.",1.0,NameDatabase@7c75222b
38,54,"MADISON",SPEAKER_ABOVE_DIALOGUE,"MADISON/My lips are...",1.0,NameDatabase@7c75222b
38,54,"MADISON",SPEAKER_ABOVE_DIALOGUE,"MADISON/(EXPLAINING)",1.0,NameDatabase@7c75222b
38,54,"JESSICA",SPEAKER_ABOVE_DIALOGUE,"JESSICA/Oh, okay. So, Madison, here's the",1.0,NameDatabase@7c75222b
38,54,"MADISON",SPEAKER_ABOVE_DIALOGUE,"MADISON/(NODDING)",1.0,NameDatabase@7c75222b
38,54,"JESSICA",SPEAKER_ABOVE_DIALOGUE,"JESSICA/Lots of college guys, I've heard.",1.0,NameDatabase@7c75222b
38,54,"MADISON",SPEAKER_ABOVE_DIALOGUE,"MADISON/Lots of them.",1.0,NameDatabase@7c75222b
38,54,"JESSICA",SPEAKER_ABOVE_DIALOGUE,"JESSICA/Even rumors about a few teachers.",1.0,NameDatabase@7c75222b
38,54,"MADISON",SPEAKER_ABOVE_DIALOGUE,"MADISON/Totally.",1.0,NameDatabase@7c75222b
38,54,"JESSICA",SPEAKER_ABOVE_DIALOGUE,"JESSICA/So my question is: how do you do",1.0,NameDatabase@7c75222b
38,54,"MADISON",SPEAKER_ABOVE_DIALOGUE,"MADISON/Oh, well first off, I have a huge",1.0,NameDatabase@7c75222b
38,54,"JESSICA",SPEAKER_ABOVE_DIALOGUE,"JESSICA/You do, yes.",1.0,NameDatabase@7c75222b
38,54,"MADISON",SPEAKER_ABOVE_DIALOGUE,"MADISON/So that helps.",1.0,NameDatabase@7c75222b
38,54,"JESSICA",SPEAKER_ABOVE_DIALOGUE,"JESSICA/Yes, I'm sure it does.",1.0,NameDatabase@7c75222b
38,54,"MADISON",SPEAKER_ABOVE_DIALOGUE,"MADISON/You don't have a huge rack.",1.0,NameDatabase@7c75222b
38,54,"JESSICA",SPEAKER_ABOVE_DIALOGUE,"JESSICA/No, I don't unfortunately.",1.0,NameDatabase@7c75222b
38,54,"MADISON",SPEAKER_ABOVE_DIALOGUE,"MADISON/So that's not gonna work.",1.0,NameDatabase@7c75222b
38,54,"JESSICA",SPEAKER_ABOVE_DIALOGUE,"JESSICA/Nope.",1.0,NameDatabase@7c75222b
38,54,"MADISON",SPEAKER_ABOVE_DIALOGUE,"MADISON/Okay, here's what you do. Wait,",1.0,NameDatabase@7c75222b
38,54,"JESSICA",SPEAKER_ABOVE_DIALOGUE,"JESSICA/Old.",1.0,NameDatabase@7c75222b
38,54,"MADISON",SPEAKER_ABOVE_DIALOGUE,"MADISON/Like really old?",1.0,NameDatabase@7c75222b
38,54,"JESSICA",SPEAKER_ABOVE_DIALOGUE,"JESSICA/Like parent old.",1.0,NameDatabase@7c75222b
38,54,"MADISON",SPEAKER_ABOVE_DIALOGUE,"MADISON/Nasty. Rock on, Jessica.",1.0,NameDatabase@7c75222b
38,54,"JESSICA",SPEAKER_ABOVE_DIALOGUE,"JESSICA/Thank you, Madison.",1.0,NameDatabase@7c75222b
38,54,"MADISON",SPEAKER_ABOVE_DIALOGUE,"MADISON/Alright, you have to hook him.",1.0,NameDatabase@7c75222b
38,54,"JESSICA",SPEAKER_ABOVE_DIALOGUE,"JESSICA/How?",1.0,NameDatabase@7c75222b
38,54,"MADISON",SPEAKER_ABOVE_DIALOGUE,"MADISON/Do what I do. Send him a postcard",1.0,NameDatabase@7c75222b
38,54,"JESSICA",SPEAKER_ABOVE_DIALOGUE,"JESSICA/Huh?",1.0,NameDatabase@7c75222b
38,54,"MADISON",SPEAKER_ABOVE_DIALOGUE,"MADISON/Go TMZ on his ass.",1.0,NameDatabase@7c75222b
38,54,"JESSICA",SPEAKER_ABOVE_DIALOGUE,"JESSICA/I'm not following you, Madis--",1.0,NameDatabase@7c75222b
38,54,"MADISON",SPEAKER_ABOVE_DIALOGUE,"MADISON/The full gyno.",1.0,NameDatabase@7c75222b
38,54,"MADISON",SPEAKER_ABOVE_DIALOGUE,"MADISON/A crotch shot? A nip slip?",1.0,NameDatabase@7c75222b
38,54,"JESSICA",SPEAKER_ABOVE_DIALOGUE,"JESSICA/Jesus, Madison!",1.0,NameDatabase@7c75222b
38,54,"MADISON",SPEAKER_ABOVE_DIALOGUE,"MADISON/Well, you came to me for advice,",1.0,NameDatabase@7c75222b
38,54,"MADISON",SPEAKER_ABOVE_DIALOGUE,"MADISON/Don't send it to him as a jpeg,",1.0,NameDatabase@7c75222b
38,54,"Wait",NAMEFINDER_ME,"s what you do . Wait , how old is he",1.0,NameDatabase@7c75222b
38,54,"GIRL",PERSON_NOUN,"GIRL moving down the hallway, texting as she walks.",0.7,null
39,55,"ROBBIE",SPEAKER_ABOVE_DIALOGUE,"ROBBIE/(DRAMATICALLY)",1.0,NameDatabase@7c75222b
39,55,"ROBBIE",SPEAKER_ABOVE_DIALOGUE,"ROBBIE/Nathaniel Hawthorne wrote in The",1.0,NameDatabase@7c75222b
39,55,"ROBBIE",SPEAKER_ABOVE_DIALOGUE,"ROBBIE/I am not bewildered! Jessica",1.0,NameDatabase@7c75222b
39,55,"JESSICA",SPEAKER_ABOVE_DIALOGUE,"JESSICA/Robbie, get down!",1.0,NameDatabase@7c75222b
39,55,"ROBBIE",SPEAKER_ABOVE_DIALOGUE,"ROBBIE/I have marked myself with this",1.0,NameDatabase@7c75222b
39,55,"JESSICA",SPEAKER_ABOVE_DIALOGUE,"JESSICA/Robbie Weaver! I am your baby-",1.0,NameDatabase@7c75222b
39,55,"JESSICA",SPEAKER_ABOVE_DIALOGUE,"JESSICA/(HEATED WHISPER)",1.0,NameDatabase@7c75222b
39,55,"ROBBIE",SPEAKER_ABOVE_DIALOGUE,"ROBBIE/You like the scaffold? It has",1.0,NameDatabase@7c75222b
39,55,"JESSICA",SPEAKER_ABOVE_DIALOGUE,"JESSICA/This has to stop, Robbie.",1.0,NameDatabase@7c75222b
39,55,"ROBBIE",SPEAKER_ABOVE_DIALOGUE,"ROBBIE/You'll learn to love me. I",1.0,NameDatabase@7c75222b
39,55,"JESSICA",SPEAKER_ABOVE_DIALOGUE,"JESSICA/I won't.",1.0,NameDatabase@7c75222b
39,55,"ROBBIE",SPEAKER_ABOVE_DIALOGUE,"ROBBIE/Just because I'm four years",1.0,NameDatabase@7c75222b
39,55,"JESSICA",SPEAKER_ABOVE_DIALOGUE,"JESSICA/BECAUSE I LOVE SOMEONE ELSE!!!",1.0,NameDatabase@7c75222b
39,55,"JESSICA",SPEAKER_ABOVE_DIALOGUE,"JESSICA/I've been spending time with him",1.0,NameDatabase@7c75222b
39,55,"ROBBIE",SPEAKER_ABOVE_DIALOGUE,"ROBBIE/No. You can't. I've checked. No",1.0,NameDatabase@7c75222b
39,55,"JESSICA",SPEAKER_ABOVE_DIALOGUE,"JESSICA/He's older. I don't want my",1.0,NameDatabase@7c75222b
39,55,"ROBBIE",SPEAKER_ABOVE_DIALOGUE,"ROBBIE/Who is he?",1.0,NameDatabase@7c75222b
39,55,"JESSICA",SPEAKER_ABOVE_DIALOGUE,"JESSICA/It doesn't matter.",1.0,NameDatabase@7c75222b
39,55,"ROBBIE",SPEAKER_ABOVE_DIALOGUE,"ROBBIE/Do I know him? Is he from town?",1.0,NameDatabase@7c75222b
39,55,"JESSICA",SPEAKER_ABOVE_DIALOGUE,"JESSICA/I don't know. Yes, kind of.",1.0,NameDatabase@7c75222b
39,55,"ROBBIE",SPEAKER_ABOVE_DIALOGUE,"ROBBIE/I'll kill him if he hurts you.",1.0,NameDatabase@7c75222b
39,55,"JESSICA",SPEAKER_ABOVE_DIALOGUE,"JESSICA/I know. But this all has to stop",1.0,NameDatabase@7c75222b
39,55,"JESSICA",SPEAKER_ABOVE_DIALOGUE,"JESSICA/I'll see you around, okay?",1.0,NameDatabase@7c75222b
39,55,"ROBBIE'S FRIEND",SPEAKER_ABOVE_DIALOGUE,"ROBBIE'S FRIEND/We should probably get the",0.7,NameDatabase@7c75222b
39,55,"ROBBIE",SPEAKER_ABOVE_DIALOGUE,"ROBBIE/Yeah.",1.0,NameDatabase@7c75222b
39,55,"Jessica Riley",NAMEFINDER_ME,"I am not bewildered ! Jessica Riley is my soulmate . She",1.0,NameDatabase@7c75222b
39,55,"Robbie",NAMEFINDER_ME,") No , multitude . Robbie , get down ! I",1.0,NameDatabase@7c75222b
39,55,"Scarlet J",NAMEFINDER_ME,"have marked myself with this Scarlet J , Jessica ! For you",1.0,NameDatabase@7c75222b
39,55,"Robbie Weaver",NAMEFINDER_ME,"freak out on me . Robbie Weaver ! I am your baby",1.0,NameDatabase@7c75222b
39,55,"You",NAMEFINDER_ME,"hell are you thinking ? You like the scaffold ? It",1.0,NameDatabase@7c75222b
39,55,"Jessica",NAMEFINDER_ME,"- UPS to Robbie . Jessica waves , confused , turns",1.0,NameDatabase@7c75222b
39,55,"Robbie",NAMEFINDER_ME,"him for a while . Robbie stumbles , less sure -",1.0,NameDatabase@7c75222b
39,55,"Robbie",NAMEFINDER_ME,". And with that , Robbie literally just sits down on",1.0,NameDatabase@7c75222b
39,55,"Robbie",NAMEFINDER_ME,"has to stop now , Robbie . The speeches , the",1.0,NameDatabase@7c75222b
39,55,"Robbie",NAMEFINDER_ME,"okay ? She EXITS . Robbie remains seated on the grass",1.0,NameDatabase@7c75222b
40,56,"CAL",SPEAKER_ABOVE_DIALOGUE,"CAL/(INTO PHONE)",0.7,NameDatabase@7c75222b
40,56,"CAL",SPEAKER_ABOVE_DIALOGUE,"CAL/Oh, I've been keeping busy. Made",0.7,NameDatabase@7c75222b
40,56,"Robbie",NAMEFINDER_ME,"Robbie ' s on the couch",1.0,NameDatabase@7c75222b
40,56,"Robbie",NAMEFINDER_ME,". He turns , sees Robbie staring . He heads into",1.0,NameDatabase@7c75222b
40,56,"Robbie SIGHS",NAMEFINDER_ME,", closes the door . Robbie SIGHS , turns back to the",1.0,NameDatabase@7c75222b
41,57,"ROBBIE",SPEAKER_ABOVE_DIALOGUE,"ROBBIE/So you're seeing Mom tomorrow,",1.0,NameDatabase@7c75222b
41,57,"CAL",SPEAKER_ABOVE_DIALOGUE,"CAL/Yeah.",0.7,NameDatabase@7c75222b
41,57,"ROBBIE",SPEAKER_ABOVE_DIALOGUE,"ROBBIE/First time in a while.",1.0,NameDatabase@7c75222b
41,57,"CAL",SPEAKER_ABOVE_DIALOGUE,"CAL/Yeah, but no biggie.",0.7,NameDatabase@7c75222b
41,57,"CAL",SPEAKER_ABOVE_DIALOGUE,"CAL/Hey, what's with the moping?",0.7,NameDatabase@7c75222b
41,57,"ROBBIE",SPEAKER_ABOVE_DIALOGUE,"ROBBIE/Nothing. It's just... there's",1.0,NameDatabase@7c75222b
41,57,"CAL",SPEAKER_ABOVE_DIALOGUE,"CAL/Oh yeah? You like her?",0.7,NameDatabase@7c75222b
41,57,"ROBBIE",SPEAKER_ABOVE_DIALOGUE,"ROBBIE/I like Pringles. This girl's my",1.0,NameDatabase@7c75222b
41,57,"CAL",SPEAKER_ABOVE_DIALOGUE,"CAL/But she's your soulmate?",0.7,NameDatabase@7c75222b
41,57,"ROBBIE",SPEAKER_ABOVE_DIALOGUE,"ROBBIE/Yeah.",1.0,NameDatabase@7c75222b
41,57,"CAL",SPEAKER_ABOVE_DIALOGUE,"CAL/Well you can't just give up.",0.7,NameDatabase@7c75222b
41,57,"ROBBIE",SPEAKER_ABOVE_DIALOGUE,"ROBBIE/Why not?",1.0,NameDatabase@7c75222b
41,57,"ROBBIE",SPEAKER_ABOVE_DIALOGUE,"ROBBIE/Mom was yours, right?",1.0,NameDatabase@7c75222b
41,57,"CAL",SPEAKER_ABOVE_DIALOGUE,"CAL/I didn't give up.",0.7,NameDatabase@7c75222b
41,57,"ROBBIE",SPEAKER_ABOVE_DIALOGUE,"ROBBIE/Listen, Dad. I love you. I have",1.0,NameDatabase@7c75222b
41,57,"CAL",SPEAKER_ABOVE_DIALOGUE,"CAL/It was slightly more complicated",0.7,NameDatabase@7c75222b
41,57,"ROBBIE",SPEAKER_ABOVE_DIALOGUE,"ROBBIE/You're the same guy. You just",1.0,NameDatabase@7c75222b
41,57,"CAL",SPEAKER_ABOVE_DIALOGUE,"CAL/How old ARE you?",0.7,NameDatabase@7c75222b
41,57,"ROBBIE",SPEAKER_ABOVE_DIALOGUE,"ROBBIE/(STRONGLY)",1.0,NameDatabase@7c75222b
41,57,"CAL",SPEAKER_ABOVE_DIALOGUE,"CAL/Weren't we talking about you?",0.7,NameDatabase@7c75222b
41,57,"ROBBIE",SPEAKER_ABOVE_DIALOGUE,"ROBBIE/We are. Your son is in desperate",1.0,NameDatabase@7c75222b
41,57,"Robbie",NAMEFINDER_ME,"are having a catch . Robbie is listless . So you",1.0,NameDatabase@7c75222b
41,57,"Mom",NAMEFINDER_ME,"So you ' re seeing Mom tomorrow , huh ? At",0.84522343279294,NameDatabase@7c75222b
41,57,"Yeah",NAMEFINDER_ME,"parent - teacher thing ? Yeah . First time in a",0.657790656123374,NameDatabase@7c75222b
41,57,"Mom",NAMEFINDER_ME,"did . Cal freezes . Mom was yours , right ?",1.0,NameDatabase@7c75222b
41,57,"Mom",NAMEFINDER_ME,") Do you still love Mom ? Cal doesn ' t",1.0,NameDatabase@7c75222b
42,58,"Teacher",NAMEFINDER_ME,"It ' s Parent - Teacher conference night .",0.9708278102655372,NameDatabase@7c75222b
43,59,"TRACY",SPEAKER_WITH_VO_OS,"TRACY (O.S.)/Wow.",1.0,NameDatabase@7c75222b
43,59,"TRACY",SPEAKER_ABOVE_DIALOGUE,"TRACY/(FLOORED)",1.0,NameDatabase@7c75222b
43,59,"CAL",SPEAKER_ABOVE_DIALOGUE,"CAL/Oh, well turns out I've been",0.7,NameDatabase@7c75222b
43,59,"TRACY",SPEAKER_ABOVE_DIALOGUE,"TRACY/Well you look great. Really.",1.0,NameDatabase@7c75222b
43,59,"CAL",SPEAKER_ABOVE_DIALOGUE,"CAL/Thank you.",0.7,NameDatabase@7c75222b
43,59,"CAL",SPEAKER_ABOVE_DIALOGUE,"CAL/I talked to Nanna yesterday.",0.7,NameDatabase@7c75222b
43,59,"TRACY",SPEAKER_ABOVE_DIALOGUE,"TRACY/Me, too. She sound okay to you?",1.0,NameDatabase@7c75222b
43,59,"CAL",SPEAKER_ABOVE_DIALOGUE,"CAL/She sounded like... Nanna. She",0.7,NameDatabase@7c75222b
43,59,"CAL",SPEAKER_ABOVE_DIALOGUE,"CAL/I feel like I'm about to get",0.7,NameDatabase@7c75222b
43,59,"CAL",SPEAKER_ABOVE_DIALOGUE,"CAL/Which teacher is this?",0.7,NameDatabase@7c75222b
43,59,"TRACY",SPEAKER_ABOVE_DIALOGUE,"TRACY/Mrs. Thompson. This is the one",1.0,NameDatabase@7c75222b
43,59,"CAL",SPEAKER_ABOVE_DIALOGUE,"CAL/He's a really weird kid, isn't he?",0.7,NameDatabase@7c75222b
43,59,"TRACY",SPEAKER_ABOVE_DIALOGUE,"TRACY/Yeah.",1.0,NameDatabase@7c75222b
43,59,"CAL",SPEAKER_ABOVE_DIALOGUE,"CAL/I do, too. I'm so glad we",0.7,NameDatabase@7c75222b
43,59,"TRACY",SPEAKER_ABOVE_DIALOGUE,"TRACY/Me, too.",1.0,NameDatabase@7c75222b
43,59,"CAL",SPEAKER_ABOVE_DIALOGUE,"CAL/So, how are things with...",0.7,NameDatabase@7c75222b
43,59,"TRACY",SPEAKER_ABOVE_DIALOGUE,"TRACY/Oh... it's not.",1.0,NameDatabase@7c75222b
43,59,"CAL",SPEAKER_ABOVE_DIALOGUE,"CAL/No, I know.",0.7,NameDatabase@7c75222b
43,59,"TRACY",SPEAKER_ABOVE_DIALOGUE,"TRACY/You seeing anyone?",1.0,NameDatabase@7c75222b
43,59,"CAL",SPEAKER_ABOVE_DIALOGUE,"CAL/Who, me? No. You know me. No,",0.7,NameDatabase@7c75222b
43,59,"TRACY",SPEAKER_ABOVE_DIALOGUE,"TRACY/Oh. Because you hear things, you",1.0,NameDatabase@7c75222b
43,59,"CAL",SPEAKER_ABOVE_DIALOGUE,"CAL/Yeah, well...",0.7,NameDatabase@7c75222b
43,59,"CAL",SPEAKER_ABOVE_DIALOGUE,"CAL/I miss you, T.",0.7,NameDatabase@7c75222b
43,59,"CAL",SPEAKER_ABOVE_DIALOGUE,"CAL/I got complacent, I think. You",0.7,NameDatabase@7c75222b
43,59,"CAL",SPEAKER_ABOVE_DIALOGUE,"CAL/I put in an effort when we were",0.7,NameDatabase@7c75222b
43,59,"TRACY",SPEAKER_ABOVE_DIALOGUE,"TRACY/I had to be. You were such a good",1.0,NameDatabase@7c75222b
43,59,"CAL",SPEAKER_ABOVE_DIALOGUE,"CAL/All I ever wanted to do was make",0.7,NameDatabase@7c75222b
43,59,"CAL",SPEAKER_WITH_VO_OS,"CAL (CONT'D)/(THEN)",1.0,NameDatabase@7c75222b
43,59,"TRACY",SPEAKER_ABOVE_DIALOGUE,"TRACY/He's a very strange boy, isn't he?",1.0,NameDatabase@7c75222b
43,59,"CAL",SPEAKER_ABOVE_DIALOGUE,"CAL/I'll be honest: he scares the",0.7,NameDatabase@7c75222b
43,59,"TRACY",SPEAKER_ABOVE_DIALOGUE,"TRACY/I missed you, too.",1.0,NameDatabase@7c75222b
43,59,"VOICE",SPEAKER_WITH_VO_OS,"VOICE (O.S.)/Mr. and Mrs. Weaver?",1.0,NameDatabase@7c75222b
43,59,"KATE",SPEAKER_ABOVE_DIALOGUE,"KATE/Cal? What are you doing here?",1.0,NameDatabase@7c75222b
43,59,"CAL",SPEAKER_ABOVE_DIALOGUE,"CAL/(looking to the sky)",0.7,NameDatabase@7c75222b
43,59,"TRACY",SPEAKER_ABOVE_DIALOGUE,"TRACY/You two know each other?",1.0,NameDatabase@7c75222b
43,59,"CAL",SPEAKER_ABOVE_DIALOGUE,"CAL/Um, yes... we've met before.",0.7,NameDatabase@7c75222b
43,59,"KATE",SPEAKER_ABOVE_DIALOGUE,"KATE/We've met before? Seriously?",1.0,NameDatabase@7c75222b
43,59,"CAL",SPEAKER_ABOVE_DIALOGUE,"CAL/Mrs. Thompson? This is my wife.",0.7,NameDatabase@7c75222b
43,59,"KATE",SPEAKER_ABOVE_DIALOGUE,"KATE/Oh, so now she's your WIFE again?",1.0,NameDatabase@7c75222b
43,59,"CAL",SPEAKER_ABOVE_DIALOGUE,"CAL/Why don't we head inside?",0.7,NameDatabase@7c75222b
43,59,"KATE",SPEAKER_ABOVE_DIALOGUE,"KATE/YES, WHY DON'T WE!?",1.0,NameDatabase@7c75222b
43,59,"Tracy",NAMEFINDER_ME,". Cal looks up . Tracy stands there . She '",1.0,NameDatabase@7c75222b
43,59,"Tracy",NAMEFINDER_ME,"what to say now . Tracy takes the seat next to",1.0,NameDatabase@7c75222b
43,59,"Tracy LAUGHS",NAMEFINDER_ME,"about to get detention . Tracy LAUGHS , tension broken a bit",1.0,NameDatabase@7c75222b
43,59,"Thompson",NAMEFINDER_ME,"is this ? Mrs . Thompson . This is the one",1.0,NameDatabase@7c75222b
43,59,"David",NAMEFINDER_ME,"' s it going with David ? She looks down .",1.0,NameDatabase@7c75222b
43,59,"T . Tracy",NAMEFINDER_ME,". I miss you , T . Tracy looks up surprised . I",1.0,NameDatabase@7c75222b
43,59,"Tracy",NAMEFINDER_ME,"- old tells me . Tracy ' s eyes well up",1.0,NameDatabase@7c75222b
43,59,"Weaver",NAMEFINDER_ME,"Mr . and Mrs . Weaver ? They turn around .",1.0,NameDatabase@7c75222b
43,59,"Thompson",NAMEFINDER_ME,"English teacher , Mrs . Thompson ... better known to us",1.0,NameDatabase@7c75222b
43,59,"Tracy",NAMEFINDER_ME,"freezes , his lips on Tracy ' s hand . Cal",1.0,NameDatabase@7c75222b
43,59,"Thompson",NAMEFINDER_ME,"? Seriously ? Mrs . Thompson ? This is my wife",1.0,NameDatabase@7c75222b
43,59,"Tracy",NAMEFINDER_ME,"This is my wife . Tracy . Oh , so now",1.0,NameDatabase@7c75222b
43,59,"Kate",NAMEFINDER_ME,"again ? HOW CONVENIENT ! Kate ' s getting louder now",1.0,NameDatabase@7c75222b
43,59,"Tracy",NAMEFINDER_ME,"? She STORMS INSIDE . Tracy looks at Cal , follows",1.0,NameDatabase@7c75222b
43,59,"VOICE",PERSON_NOUN,"VOICE (O.S.)",0.7,null
44,60,"TRACY",SPEAKER_ABOVE_DIALOGUE,"TRACY/I'm sorry, I'm playing catch-up:",1.0,NameDatabase@7c75222b
44,60,"KATE",SPEAKER_ABOVE_DIALOGUE,"KATE/Maybe your husband should tell",1.0,NameDatabase@7c75222b
44,60,"CAL",SPEAKER_ABOVE_DIALOGUE,"CAL/We have a mutual friend.",0.7,NameDatabase@7c75222b
44,60,"KATE",SPEAKER_ABOVE_DIALOGUE,"KATE/Ha!",1.0,NameDatabase@7c75222b
44,60,"CAL",SPEAKER_ABOVE_DIALOGUE,"CAL/You know, maybe we should focus on",0.7,NameDatabase@7c75222b
44,60,"KATE",SPEAKER_ABOVE_DIALOGUE,"KATE/Yes, let's do that. Let's focus",1.0,NameDatabase@7c75222b
44,60,"KATE",SPEAKER_ABOVE_DIALOGUE,"KATE/As you know, Robbie's shining",1.0,NameDatabase@7c75222b
44,60,"KATE",SPEAKER_ABOVE_DIALOGUE,"KATE/Asshole. Are you familiar with",1.0,NameDatabase@7c75222b
44,60,"CAL",SPEAKER_ABOVE_DIALOGUE,"CAL/She's heard it, yes. So in terms",0.7,NameDatabase@7c75222b
44,60,"KATE",SPEAKER_ABOVE_DIALOGUE,"KATE/Asshole: as in, someone who tells",1.0,NameDatabase@7c75222b
44,60,"CAL",SPEAKER_ABOVE_DIALOGUE,"CAL/We were a little concerned about",0.7,NameDatabase@7c75222b
44,60,"KATE",SPEAKER_ABOVE_DIALOGUE,"KATE/Asshole: as in, someone who uses",1.0,NameDatabase@7c75222b
44,60,"CAL",SPEAKER_ABOVE_DIALOGUE,"CAL/Because usually he's a very strong",0.7,NameDatabase@7c75222b
44,60,"KATE",SPEAKER_ABOVE_DIALOGUE,"KATE/Asshole: as in, someone who",1.0,NameDatabase@7c75222b
44,60,"CAL",SPEAKER_ABOVE_DIALOGUE,"CAL/OKAY! ENOUGH!!!",0.7,NameDatabase@7c75222b
44,60,"CAL",SPEAKER_ABOVE_DIALOGUE,"CAL/I can explain.",0.7,NameDatabase@7c75222b
44,60,"CAL",SPEAKER_ABOVE_DIALOGUE,"CAL/She's an alcoholic! You can't",0.7,NameDatabase@7c75222b
44,60,"Kate PACES",NAMEFINDER_ME,"Kate PACES in front of the classroom",1.0,NameDatabase@7c75222b
44,60,"Kate",NAMEFINDER_ME,"s focus on Robbie . Kate goes to her blackboard .",1.0,NameDatabase@7c75222b
44,60,"Robbie",NAMEFINDER_ME,"60 As you know , Robbie ' s shining moment this",1.0,NameDatabase@7c75222b
44,60,"Weaver",NAMEFINDER_ME,"this word , Mrs . Weaver ? She ' s heard",1.0,NameDatabase@7c75222b
44,60,"Kate",NAMEFINDER_ME,"-- OKAY ! ENOUGH !!! Kate stops . Cal turns to",1.0,NameDatabase@7c75222b
44,60,"Tracy",NAMEFINDER_ME,". I can explain . Tracy rushes out of the room",1.0,NameDatabase@7c75222b
44,60,"Tracy",NAMEFINDER_ME,"horror . Cal races after Tracy . Kate races after Cal",1.0,NameDatabase@7c75222b
44,60,"Kate",NAMEFINDER_ME,"Cal races after Tracy . Kate races after Cal .",1.0,NameDatabase@7c75222b
45,61,"CAL",SPEAKER_ABOVE_DIALOGUE,"CAL/Tracy, wait!",0.7,NameDatabase@7c75222b
45,61,"TRACY",SPEAKER_ABOVE_DIALOGUE,"TRACY/Leave me alone, Cal!",1.0,NameDatabase@7c75222b
45,61,"KATE",SPEAKER_ABOVE_DIALOGUE,"KATE/I'm sober for FIVE YEARS, you",1.0,NameDatabase@7c75222b
45,61,"Tracy",NAMEFINDER_ME,"three - way chase : Tracy , wait ! Leave me",1.0,NameDatabase@7c75222b
46,62,"CAL",SPEAKER_ABOVE_DIALOGUE,"CAL/Tracy, c'mon! We were separated.",0.7,NameDatabase@7c75222b
46,62,"TRACY",SPEAKER_ABOVE_DIALOGUE,"TRACY/(fumbling for keys)",1.0,NameDatabase@7c75222b
46,62,"CAL",SPEAKER_ABOVE_DIALOGUE,"CAL/Okay, so --",0.7,NameDatabase@7c75222b
46,62,"TRACY",SPEAKER_ABOVE_DIALOGUE,"TRACY/I can't do this now, Cal.",1.0,NameDatabase@7c75222b
46,62,"CAL",SPEAKER_ABOVE_DIALOGUE,"CAL/Tracy, I love you.",0.7,NameDatabase@7c75222b
46,62,"KATE",SPEAKER_ABOVE_DIALOGUE,"KATE/Tell her she's the perfect",1.0,NameDatabase@7c75222b
46,62,"CAL",SPEAKER_ABOVE_DIALOGUE,"CAL/It's a funny story, actually --",0.7,NameDatabase@7c75222b
46,62,"TRACY",SPEAKER_ABOVE_DIALOGUE,"TRACY/I'm going home.",1.0,NameDatabase@7c75222b
46,62,"CAL",SPEAKER_ABOVE_DIALOGUE,"CAL/Tracy, wait! Yes, I slept with",0.7,NameDatabase@7c75222b
46,62,"CAL",SPEAKER_ABOVE_DIALOGUE,"CAL/But all it did was confirm what I",0.7,NameDatabase@7c75222b
46,62,"CAL",SPEAKER_ABOVE_DIALOGUE,"CAL/Before, you were the only woman",0.7,NameDatabase@7c75222b
46,62,"CAL",SPEAKER_ABOVE_DIALOGUE,"CAL/(MEEKLY COMPLETING)",0.7,NameDatabase@7c75222b
46,62,"TRACY",SPEAKER_ABOVE_DIALOGUE,"TRACY/I don't even know who you are.",1.0,NameDatabase@7c75222b
46,62,"CAL",SPEAKER_ABOVE_DIALOGUE,"CAL/(weakly, to himself)",0.7,NameDatabase@7c75222b
46,62,"CAL",SPEAKER_ABOVE_DIALOGUE,"CAL/HE DESERVED AN `A' ON THAT BOOK",0.7,NameDatabase@7c75222b
46,62,"CAL",SPEAKER_ABOVE_DIALOGUE,"CAL/REALLY!!!???",0.7,NameDatabase@7c75222b
46,62,"Tracy",NAMEFINDER_ME,"Tracy races to her car .",1.0,NameDatabase@7c75222b
46,62,"Tracy",NAMEFINDER_ME,"races to her car . Tracy , c ' mon !",1.0,NameDatabase@7c75222b
46,62,"Tracy",NAMEFINDER_ME,"this now , Cal . Tracy , I love you .",1.0,NameDatabase@7c75222b
46,62,"Tracy",NAMEFINDER_ME,"and cute , ASSHOLE ! Tracy looks at Cal , stunned",1.0,NameDatabase@7c75222b
46,62,"Tracy",NAMEFINDER_ME,"opens the car door . Tracy , wait ! Yes ,",1.0,NameDatabase@7c75222b
46,62,"Claire",NAMEFINDER_ME,"GASPS from the crowd . Claire ( Jessica ' s Mom",1.0,NameDatabase@7c75222b
46,62,"Tracy",NAMEFINDER_ME,"! I LOVE YOU !!! Tracy hesitates . Cal seizes the",1.0,NameDatabase@7c75222b
46,62,"Tracy",NAMEFINDER_ME,"know who you are . Tracy gets in her car and",1.0,NameDatabase@7c75222b
46,62,"Kate",NAMEFINDER_ME,"SLAP ACROSS the face by Kate . She STORMS OFF .",1.0,NameDatabase@7c75222b
48,64,"RICHARD",SPEAKER_ABOVE_DIALOGUE,"RICHARD/Excuse me, everyone. Everyone!?",1.0,NameDatabase@7c75222b
48,64,"RICHARD",SPEAKER_ABOVE_DIALOGUE,"RICHARD/Now, if we could get our guest of",1.0,NameDatabase@7c75222b
48,64,"RICHARD",SPEAKER_ABOVE_DIALOGUE,"RICHARD/I'm so proud of you, baby. I had",1.0,NameDatabase@7c75222b
48,64,"RICHARD",SPEAKER_ABOVE_DIALOGUE,"RICHARD/Now I did tell you that it'd be a",1.0,NameDatabase@7c75222b
48,64,"RICHARD",SPEAKER_ABOVE_DIALOGUE,"RICHARD/So, Hannah, I'd like to formally",1.0,NameDatabase@7c75222b
48,64,"RICHARD",SPEAKER_ABOVE_DIALOGUE,"RICHARD/... if you'd like to become a",1.0,NameDatabase@7c75222b
48,64,"RICHARD",SPEAKER_ABOVE_DIALOGUE,"RICHARD/You don't have a better offer",1.0,NameDatabase@7c75222b
48,64,"HANNAH",SPEAKER_ABOVE_DIALOGUE,"HANNAH/No, that's great. I just...",1.0,NameDatabase@7c75222b
48,64,"RICHARD",SPEAKER_ABOVE_DIALOGUE,"RICHARD/What?",1.0,NameDatabase@7c75222b
48,64,"HANNAH",SPEAKER_ABOVE_DIALOGUE,"HANNAH/No, I just... it's fine. I'm",1.0,NameDatabase@7c75222b
48,64,"RICHARD",SPEAKER_ABOVE_DIALOGUE,"RICHARD/Honey, I'm so sorry, I didn't",1.0,NameDatabase@7c75222b
48,64,"HANNAH",SPEAKER_ABOVE_DIALOGUE,"HANNAH/No, no, don't be silly, it's fine.",1.0,NameDatabase@7c75222b
48,64,"RICHARD",SPEAKER_ABOVE_DIALOGUE,"RICHARD/It's definitely a possibility,",1.0,NameDatabase@7c75222b
48,64,"HANNAH",SPEAKER_ABOVE_DIALOGUE,"HANNAH/No, I know...",1.0,NameDatabase@7c75222b
48,64,"RICHARD",SPEAKER_ABOVE_DIALOGUE,"RICHARD/Honey?",1.0,NameDatabase@7c75222b
48,64,"HANNAH",SPEAKER_ABOVE_DIALOGUE,"HANNAH/You know what the best part is: I",1.0,NameDatabase@7c75222b
48,64,"HANNAH",SPEAKER_ABOVE_DIALOGUE,"HANNAH/I will consider your job offer,",1.0,NameDatabase@7c75222b
48,64,"Hannah CHAT",NAMEFINDER_ME,"same table . Liz and Hannah CHAT off to the side .",1.0,NameDatabase@7c75222b
48,64,"Richard",NAMEFINDER_ME,""" CONGRATS HANNAH ! "" Richard stands on a chair .",1.0,NameDatabase@7c75222b
48,64,"POLITE",NAMEFINDER_ME,"like , anyone remember ? POLITE LAUGHS . Liz GAGS herself",0.940845189671978,NameDatabase@7c75222b
48,64,"Hannah",NAMEFINDER_ME,", looks at Hannah . Hannah takes a deep breath ,",1.0,NameDatabase@7c75222b
48,64,"Hannah",NAMEFINDER_ME,"take it . So , Hannah , I ' d like",1.0,NameDatabase@7c75222b
48,64,"Hannah",NAMEFINDER_ME,") 64 CONTINUED : 64 Hannah waits , frozen . ...",1.0,NameDatabase@7c75222b
48,64,"Goldberg",NAMEFINDER_ME,"the firm of Watkins , Goldberg , and Schmidt ! ?",0.9557585189717774,NameDatabase@7c75222b
48,64,"Hannah",NAMEFINDER_ME,"Schmidt ! ? CHEERS . Hannah steps back , breathless .",1.0,NameDatabase@7c75222b
48,64,"Richard",NAMEFINDER_ME,"steps back , breathless . Richard reacts . You don '",1.0,NameDatabase@7c75222b
48,64,"Richard",NAMEFINDER_ME,"got thrown is all . Richard pulls Hannah off to the",1.0,NameDatabase@7c75222b
48,64,"Hannah",NAMEFINDER_ME,"is all . Richard pulls Hannah off to the side .",1.0,NameDatabase@7c75222b
48,64,"Wait",NAMEFINDER_ME,"know ... ( THEN ) Wait -- you ' re figuring",1.0,NameDatabase@7c75222b
48,64,"Richard",NAMEFINDER_ME,"DOWNS IT . She grabs Richard ' s cheeks . I",1.0,NameDatabase@7c75222b
48,64,"Richard",NAMEFINDER_ME,"thank you so much , Richard . Hysterically LAUGHING , she",1.0,NameDatabase@7c75222b
49,65,"JACOB",SPEAKER_WITH_VO_OS,"JACOB (O.S.)/What? What did she say?",1.0,NameDatabase@7c75222b
49,65,"HANNAH",SPEAKER_ABOVE_DIALOGUE,"HANNAH/Do you remember me?",1.0,NameDatabase@7c75222b
49,65,"JACOB",SPEAKER_ABOVE_DIALOGUE,"JACOB/Yes.",1.0,NameDatabase@7c75222b
49,65,"HANNAH",SPEAKER_ABOVE_DIALOGUE,"HANNAH/Do you still think I'm attractive?",1.0,NameDatabase@7c75222b
49,65,"JACOB",SPEAKER_ABOVE_DIALOGUE,"JACOB/Yes.",1.0,NameDatabase@7c75222b
49,65,"HANNAH",SPEAKER_ABOVE_DIALOGUE,"HANNAH/Do you still want to take me home?",1.0,NameDatabase@7c75222b
49,65,"JACOB",SPEAKER_ABOVE_DIALOGUE,"JACOB/Yes.",1.0,NameDatabase@7c75222b
49,65,"HANNAH",SPEAKER_ABOVE_DIALOGUE,"HANNAH/Let's go.",1.0,NameDatabase@7c75222b
49,65,"Hannah NODS",NAMEFINDER_ME,"me home ? Yes . Hannah NODS , takes his hand .",1.0,NameDatabase@7c75222b
49,65,"WOMAN",PERSON_NOUN,"WOMAN #1",0.7,null
50,66,"HANNAH",SPEAKER_ABOVE_DIALOGUE,"HANNAH/This place looks like something",1.0,NameDatabase@7c75222b
50,66,"JACOB",SPEAKER_ABOVE_DIALOGUE,"JACOB/Is that a compliment?",1.0,NameDatabase@7c75222b
50,66,"HANNAH",SPEAKER_ABOVE_DIALOGUE,"HANNAH/I'm not sure.",1.0,NameDatabase@7c75222b
50,66,"HANNAH",SPEAKER_ABOVE_DIALOGUE,"HANNAH/I like this song.",1.0,NameDatabase@7c75222b
50,66,"JACOB",SPEAKER_ABOVE_DIALOGUE,"JACOB/I thought you would.",1.0,NameDatabase@7c75222b
50,66,"HANNAH",SPEAKER_ABOVE_DIALOGUE,"HANNAH/Yes, please.",1.0,NameDatabase@7c75222b
50,66,"JACOB",SPEAKER_ABOVE_DIALOGUE,"JACOB/Cheers.",1.0,NameDatabase@7c75222b
50,66,"HANNAH",SPEAKER_ABOVE_DIALOGUE,"HANNAH/Cheers.",1.0,NameDatabase@7c75222b
50,66,"HANNAH",SPEAKER_ABOVE_DIALOGUE,"HANNAH/So is this how it normally works?",1.0,NameDatabase@7c75222b
50,66,"JACOB",SPEAKER_ABOVE_DIALOGUE,"JACOB/What?",1.0,NameDatabase@7c75222b
50,66,"HANNAH",SPEAKER_ABOVE_DIALOGUE,"HANNAH/How you woo a woman? You take",1.0,NameDatabase@7c75222b
50,66,"JACOB",SPEAKER_ABOVE_DIALOGUE,"JACOB/Yes. That's how it normally",1.0,NameDatabase@7c75222b
50,66,"HANNAH",SPEAKER_ABOVE_DIALOGUE,"HANNAH/And then you sleep with them?",1.0,NameDatabase@7c75222b
50,66,"JACOB",SPEAKER_ABOVE_DIALOGUE,"JACOB/Yes.",1.0,NameDatabase@7c75222b
50,66,"HANNAH",SPEAKER_ABOVE_DIALOGUE,"HANNAH/So that's what happens next? We",1.0,NameDatabase@7c75222b
50,66,"JACOB",SPEAKER_ABOVE_DIALOGUE,"JACOB/At some point, yes, I was under",1.0,NameDatabase@7c75222b
50,66,"HANNAH",SPEAKER_ABOVE_DIALOGUE,"HANNAH/I'm very nervous.",1.0,NameDatabase@7c75222b
50,66,"JACOB",SPEAKER_ABOVE_DIALOGUE,"JACOB/I'm getting that.",1.0,NameDatabase@7c75222b
50,66,"HANNAH",SPEAKER_ABOVE_DIALOGUE,"HANNAH/I know at the bar I seemed",1.0,NameDatabase@7c75222b
50,66,"JACOB",SPEAKER_ABOVE_DIALOGUE,"JACOB/You're adorable.",1.0,NameDatabase@7c75222b
50,66,"HANNAH",SPEAKER_ABOVE_DIALOGUE,"HANNAH/No! Not adorable! Sexy! R-rated",1.0,NameDatabase@7c75222b
50,66,"JACOB",SPEAKER_ABOVE_DIALOGUE,"JACOB/I don't think people say `bang'",1.0,NameDatabase@7c75222b
50,66,"HANNAH",SPEAKER_ABOVE_DIALOGUE,"HANNAH/I do. We're going to bang. I'm",1.0,NameDatabase@7c75222b
50,66,"HANNAH",SPEAKER_ABOVE_DIALOGUE,"HANNAH/Okay, okay, this is happening.",1.0,NameDatabase@7c75222b
50,66,"JACOB",SPEAKER_ABOVE_DIALOGUE,"JACOB/What?",1.0,NameDatabase@7c75222b
50,66,"HANNAH",SPEAKER_ABOVE_DIALOGUE,"HANNAH/I need to stop thinking. Take off",1.0,NameDatabase@7c75222b
50,66,"HANNAH",SPEAKER_ABOVE_DIALOGUE,"HANNAH/Holy crap.",1.0,NameDatabase@7c75222b
50,66,"HANNAH",SPEAKER_ABOVE_DIALOGUE,"HANNAH/It's like you're photo-shopped.",1.0,NameDatabase@7c75222b
50,66,"JACOB",SPEAKER_ABOVE_DIALOGUE,"JACOB/Now take off yours.",1.0,NameDatabase@7c75222b
50,66,"HANNAH",SPEAKER_ABOVE_DIALOGUE,"HANNAH/No way! Not with all that",1.0,NameDatabase@7c75222b
50,66,"HANNAH",SPEAKER_ABOVE_DIALOGUE,"HANNAH/So... do you prefer to do it here",1.0,NameDatabase@7c75222b
50,66,"JACOB",SPEAKER_ABOVE_DIALOGUE,"JACOB/(AMUSED)",1.0,NameDatabase@7c75222b
50,66,"HANNAH",SPEAKER_ABOVE_DIALOGUE,"HANNAH/Good. Let's go there.",1.0,NameDatabase@7c75222b
50,66,"Modern",NAMEFINDER_ME,"elegant bachelor - pad . Modern furniture . Sleek . Everything",0.8667769275981243,NameDatabase@7c75222b
50,66,"Hannah",NAMEFINDER_ME,"He pats the couch . Hannah nods , walks over ,",1.0,NameDatabase@7c75222b
50,66,"Hannah",NAMEFINDER_ME,"Jacob takes a sip . Hannah downs hers . She holds",1.0,NameDatabase@7c75222b
50,66,"Hannah NODS",NAMEFINDER_ME,"how it normally works . Hannah NODS , grabs the bottle ,",1.0,NameDatabase@7c75222b
50,66,"Jacob LAUGHS",NAMEFINDER_ME,"trying to be dramatic . Jacob LAUGHS . He actually LAUGHS .",1.0,NameDatabase@7c75222b
50,66,"Hannah SNAPS",NAMEFINDER_ME,"You ' re adorable . Hannah SNAPS , already tipsy . No",1.0,NameDatabase@7c75222b
50,66,"Hannah",NAMEFINDER_ME,"Liz can blow me ! Hannah shakes her hands out ,",1.0,NameDatabase@7c75222b
50,66,"Hannah",NAMEFINDER_ME,"the bedroom is preferable . Hannah stands , a girl on",1.0,NameDatabase@7c75222b
52,68,"HANNAH",SPEAKER_ABOVE_DIALOGUE,"HANNAH/(TIPSY)",1.0,NameDatabase@7c75222b
52,68,"JACOB",SPEAKER_ABOVE_DIALOGUE,"JACOB/I'm glad you like it.",1.0,NameDatabase@7c75222b
52,68,"HANNAH",SPEAKER_ABOVE_DIALOGUE,"HANNAH/Wait, are these those foam pillows",1.0,NameDatabase@7c75222b
52,68,"HANNAH",SPEAKER_ABOVE_DIALOGUE,"HANNAH/They are, aren't they!? I always",1.0,NameDatabase@7c75222b
52,68,"HANNAH",SPEAKER_ABOVE_DIALOGUE,"HANNAH/Sorry, let's proceed.",1.0,NameDatabase@7c75222b
52,68,"HANNAH",SPEAKER_ABOVE_DIALOGUE,"HANNAH/You don't have one of those",1.0,NameDatabase@7c75222b
52,68,"JACOB",SPEAKER_ABOVE_DIALOGUE,"JACOB/(LYING)",1.0,NameDatabase@7c75222b
52,68,"HANNAH",SPEAKER_ABOVE_DIALOGUE,"HANNAH/Oh. My. God! You totally do!",1.0,NameDatabase@7c75222b
52,68,"JACOB",SPEAKER_ABOVE_DIALOGUE,"JACOB/(ADMITTING)",1.0,NameDatabase@7c75222b
52,68,"HANNAH",SPEAKER_ABOVE_DIALOGUE,"HANNAH/How much did it cost?",1.0,NameDatabase@7c75222b
52,68,"JACOB",SPEAKER_ABOVE_DIALOGUE,"JACOB/Five thousand doll--",1.0,NameDatabase@7c75222b
52,68,"JACOB",SPEAKER_ABOVE_DIALOGUE,"JACOB/Do me a favor. Ask me a question",1.0,NameDatabase@7c75222b
52,68,"HANNAH",SPEAKER_ABOVE_DIALOGUE,"HANNAH/What? No! I don't want to know",1.0,NameDatabase@7c75222b
52,68,"JACOB",SPEAKER_ABOVE_DIALOGUE,"JACOB/C'mon, one question.",1.0,NameDatabase@7c75222b
52,68,"HANNAH",SPEAKER_ABOVE_DIALOGUE,"HANNAH/Okay, fine, but then we bang.",1.0,NameDatabase@7c75222b
52,68,"JACOB",SPEAKER_ABOVE_DIALOGUE,"JACOB/Absolutely. Now, come on, I'll",1.0,NameDatabase@7c75222b
52,68,"HANNAH",SPEAKER_ABOVE_DIALOGUE,"HANNAH/What's your mom like?",1.0,NameDatabase@7c75222b
52,68,"JACOB",SPEAKER_ABOVE_DIALOGUE,"JACOB/Icy... I guess? Not cruel, but",1.0,NameDatabase@7c75222b
52,68,"HANNAH",SPEAKER_ABOVE_DIALOGUE,"HANNAH/And your father?",1.0,NameDatabase@7c75222b
52,68,"JACOB",SPEAKER_ABOVE_DIALOGUE,"JACOB/He died, long time ago. Left us a",1.0,NameDatabase@7c75222b
52,68,"JACOB",SPEAKER_ABOVE_DIALOGUE,"JACOB/Stuff like this.",1.0,NameDatabase@7c75222b
52,68,"HANNAH",SPEAKER_ABOVE_DIALOGUE,"HANNAH/And time for stuff like that?",1.0,NameDatabase@7c75222b
52,68,"JACOB",SPEAKER_ABOVE_DIALOGUE,"JACOB/My dad was the opposite of my mom,",1.0,NameDatabase@7c75222b
52,68,"Hannah",NAMEFINDER_ME,"Hannah lies on her back in",1.0,NameDatabase@7c75222b
52,68,"Jacob",NAMEFINDER_ME,"in the dim light . Jacob is on top of her",1.0,NameDatabase@7c75222b
52,68,"Wait",NAMEFINDER_ME,"she pulls back again . Wait , are these those foam",1.0,NameDatabase@7c75222b
52,68,"Sorry",NAMEFINDER_ME,"amazed . Gathers herself . Sorry , let ' s proceed",0.9949663483397282,NameDatabase@7c75222b
52,68,"Jacob",NAMEFINDER_ME,"let ' s proceed . Jacob smiles , goes to kiss",1.0,NameDatabase@7c75222b
52,68,"Ask",NAMEFINDER_ME,"Do me a favor . Ask me a question about myself",0.8250036763367561,NameDatabase@7c75222b
52,68,"Absolutely",NAMEFINDER_ME,"but then we bang . Absolutely . Now , come on",0.6916977076360187,NameDatabase@7c75222b
52,68,"Hannah",NAMEFINDER_ME,". And it ' s Hannah who covers him with a",1.0,NameDatabase@7c75222b
52,68,"CUE",NAMEFINDER_ME,"in love with him . CUE MUSIC as we begin a",1.0,NameDatabase@7c75222b
53,69,"Hannah",NAMEFINDER_ME,"Hannah looks longingly at Jacob '",1.0,NameDatabase@7c75222b
54,70,"JACOB",SPEAKER_ABOVE_DIALOGUE,"JACOB/staring down at his hand, locked with Hannah's. He looks",1.0,NameDatabase@7c75222b
54,70,"Hannah",NAMEFINDER_ME,"his hand , locked with Hannah ' s . He looks",1.0,NameDatabase@7c75222b
55,71,"Hannah",NAMEFINDER_ME,"Now it ' s Hannah who ' s asleep in",1.0,NameDatabase@7c75222b
56,71A,"Hannah",NAMEFINDER_ME,"the battle : he tucks Hannah under a blanket , kisses",1.0,NameDatabase@7c75222b
58,73,"DAVID JACOBWITZ",NAMEFINDER_ME,". PULL BACK to reveal DAVID JACOBWITZ , across from her .",1.0,NameDatabase@7c75222b
59,74,"DAVID JACOBOWITZ",SPEAKER_ABOVE_DIALOGUE,"DAVID JACOBOWITZ/I had fun tonight, Tracy. And I",1.0,NameDatabase@7c75222b
59,74,"TRACY",SPEAKER_ABOVE_DIALOGUE,"TRACY/David, stop. Look, I had a nice",1.0,NameDatabase@7c75222b
59,74,"DAVID JACOBOWITZ",SPEAKER_ABOVE_DIALOGUE,"DAVID JACOBOWITZ/Wow. You know, that's exactly",1.0,NameDatabase@7c75222b
59,74,"JESSICA",SPEAKER_ABOVE_DIALOGUE,"JESSICA/Hello.",1.0,NameDatabase@7c75222b
59,74,"TRACY",SPEAKER_ABOVE_DIALOGUE,"TRACY/Oh, Jessica. Hi. Sorry.",1.0,NameDatabase@7c75222b
59,74,"TRACY",SPEAKER_WITH_VO_OS,"TRACY (CONT'D)/He's an accountant named David.",1.0,NameDatabase@7c75222b
59,74,"DAVID JACOBOWITZ",SPEAKER_ABOVE_DIALOGUE,"DAVID JACOBOWITZ/I'll see you at work.",1.0,NameDatabase@7c75222b
59,74,"INSIDE THE DOOR",SPEAKER_ABOVE_DIALOGUE,"INSIDE THE DOOR/Robbie sneaks down the stairs. From a kneeling position,",1.0,NameDatabase@7c75222b
59,74,"JESSICA",SPEAKER_ABOVE_DIALOGUE,"JESSICA/So... How was dinner?",1.0,NameDatabase@7c75222b
59,74,"TRACY",SPEAKER_ABOVE_DIALOGUE,"TRACY/It was just for work.",1.0,NameDatabase@7c75222b
59,74,"JESSICA",SPEAKER_ABOVE_DIALOGUE,"JESSICA/(POINTEDLY)",1.0,NameDatabase@7c75222b
59,74,"TRACY",SPEAKER_ABOVE_DIALOGUE,"TRACY/Oh, thanks.",1.0,NameDatabase@7c75222b
59,74,"TRACY",SPEAKER_ABOVE_DIALOGUE,"TRACY/So how much do I owe yo--",1.0,NameDatabase@7c75222b
59,74,"JESSICA",SPEAKER_ABOVE_DIALOGUE,"JESSICA/Did you know your kids are the",1.0,NameDatabase@7c75222b
59,74,"TRACY",SPEAKER_ABOVE_DIALOGUE,"TRACY/What are you talking abo--",1.0,NameDatabase@7c75222b
59,74,"JESSICA",SPEAKER_ABOVE_DIALOGUE,"JESSICA/Batshit crazy.",1.0,NameDatabase@7c75222b
59,74,"TRACY",SPEAKER_ABOVE_DIALOGUE,"TRACY/Jessica?",1.0,NameDatabase@7c75222b
59,74,"JESSICA",SPEAKER_ABOVE_DIALOGUE,"JESSICA/I DON'T WANT YOUR SLUTTY MONEY!",1.0,NameDatabase@7c75222b
59,74,"TRACY",SPEAKER_ABOVE_DIALOGUE,"TRACY/Jessica!",1.0,NameDatabase@7c75222b
59,74,"David",NAMEFINDER_ME,"of a first date . David walks Tracy to the front",1.0,NameDatabase@7c75222b
59,74,"Tracy",NAMEFINDER_ME,"I had fun tonight , Tracy . And I was wondering",1.0,NameDatabase@7c75222b
59,74,"David",NAMEFINDER_ME,"I was wondering if -- David , stop . Look ,",1.0,NameDatabase@7c75222b
59,74,"Sorry",NAMEFINDER_ME,", Jessica . Hi . Sorry . Jessica , this is",0.9251689866818862,NameDatabase@7c75222b
59,74,"Jessica",NAMEFINDER_ME,". Hi . Sorry . Jessica , this is my work",1.0,NameDatabase@7c75222b
59,74,"David",NAMEFINDER_ME,"' s an accountant named David . David , this is",1.0,NameDatabase@7c75222b
59,74,"David",NAMEFINDER_ME,"an accountant named David . David , this is my baby",1.0,NameDatabase@7c75222b
59,74,"David",NAMEFINDER_ME,", Jessica . Okay , David , well everything sounds great",1.0,NameDatabase@7c75222b
59,74,"David",NAMEFINDER_ME,"sounds great . Spreadsheets . David smiles knowingly . I '",1.0,NameDatabase@7c75222b
59,74,"Tracy",NAMEFINDER_ME,"work . He EXITS . Tracy stands there with Jessica ,",1.0,NameDatabase@7c75222b
59,74,"Jessica",NAMEFINDER_ME,". Tracy stands there with Jessica , awkward . Robbie sneaks",1.0,NameDatabase@7c75222b
59,74,"Robbie",NAMEFINDER_ME,"with Jessica , awkward . Robbie sneaks down the stairs .",1.0,NameDatabase@7c75222b
59,74,"Tracy",NAMEFINDER_ME,". Oh , thanks . Tracy reaches for her purse ,",1.0,NameDatabase@7c75222b
59,74,"Jessica",NAMEFINDER_ME,". Tracy looks confused . Jessica ? Jessica turns , explodes",1.0,NameDatabase@7c75222b
59,74,"Tracy SIGHS",NAMEFINDER_ME,"she ' s gone . Tracy SIGHS ( "" what the hell",1.0,NameDatabase@7c75222b
60,75,"Tracy",NAMEFINDER_ME,"Tracy locks the door and leans",1.0,NameDatabase@7c75222b
61,76,"CUE MUSIC",NAMEFINDER_ME,"CUE MUSIC . Robbie rides his bike",1.0,NameDatabase@7c75222b
61,76,"Robbie",NAMEFINDER_ME,"CUE MUSIC . Robbie rides his bike down the",1.0,NameDatabase@7c75222b
61,76,"Tracy",NAMEFINDER_ME,". He ' s got Tracy ' s FLOWERS nestled in",1.0,NameDatabase@7c75222b
62,77,"Jessica",NAMEFINDER_ME,": HER DOORBELL RINGS . Jessica jumps , started . She",1.0,NameDatabase@7c75222b
63,78,"David Jacobowitz",NAMEFINDER_ME,": The same flowers that David Jacobowitz gave Tracy sit out front",1.0,NameDatabase@7c75222b
63,78,"Tracy",NAMEFINDER_ME,"flowers that David Jacobowitz gave Tracy sit out front . She",1.0,NameDatabase@7c75222b
63,78,"David J "",NAMEFINDER_ME,"me a chance , love David J "" but the "" David J",1.0,NameDatabase@7c75222b
63,78,"David J",NAMEFINDER_ME,"J "" but the "" David J . "" has been crossed",1.0,NameDatabase@7c75222b
64,79,"TRACY",SPEAKER_WITH_VO_OS,"TRACY (O.S.)/Kids! Ice cream!",1.0,NameDatabase@7c75222b
64,79,"CAL",SPEAKER_ABOVE_DIALOGUE,"CAL/Hello?",0.7,NameDatabase@7c75222b
64,79,"TRACY",SPEAKER_ABOVE_DIALOGUE,"TRACY/Hi, Cal.",1.0,NameDatabase@7c75222b
64,79,"TRACY",SPEAKER_ABOVE_DIALOGUE,"TRACY/So... I'm in the basement. I'm",1.0,NameDatabase@7c75222b
64,79,"TRACY",SPEAKER_ABOVE_DIALOGUE,"TRACY/I'm sorry to bother you, I just...",1.0,NameDatabase@7c75222b
64,79,"CAL",SPEAKER_ABOVE_DIALOGUE,"CAL/It's fine, it's fine. I'm glad",0.7,NameDatabase@7c75222b
64,79,"TRACY",SPEAKER_ABOVE_DIALOGUE,"TRACY/Yeah.",1.0,NameDatabase@7c75222b
64,79,"CAL",SPEAKER_ABOVE_DIALOGUE,"CAL/Pull it down.",0.7,NameDatabase@7c75222b
64,79,"TRACY",SPEAKER_ABOVE_DIALOGUE,"TRACY/Okay, it's down.",1.0,NameDatabase@7c75222b
64,79,"CAL",SPEAKER_ABOVE_DIALOGUE,"CAL/Now, you see the red button? I",0.7,NameDatabase@7c75222b
64,79,"TRACY",SPEAKER_ABOVE_DIALOGUE,"TRACY/I got it.",1.0,NameDatabase@7c75222b
64,79,"CAL",SPEAKER_ABOVE_DIALOGUE,"CAL/Push. Now turn that to the right",0.7,NameDatabase@7c75222b
64,79,"TRACY",SPEAKER_ABOVE_DIALOGUE,"TRACY/Oh, there it goes!",1.0,NameDatabase@7c75222b
64,79,"CAL",SPEAKER_ABOVE_DIALOGUE,"CAL/Good. Now just close the door and",0.7,NameDatabase@7c75222b
64,79,"TRACY",SPEAKER_ABOVE_DIALOGUE,"TRACY/Well, thanks, Cal. I...",1.0,NameDatabase@7c75222b
64,79,"CAL",SPEAKER_ABOVE_DIALOGUE,"CAL/No, anytime. Call anytime with",0.7,NameDatabase@7c75222b
64,79,"TRACY",SPEAKER_ABOVE_DIALOGUE,"TRACY/Yeah. And... thanks again.",1.0,NameDatabase@7c75222b
64,79,"Molly",NAMEFINDER_ME,"games in his room . Molly watching her show in hers",1.0,NameDatabase@7c75222b
64,79,"Tracy",NAMEFINDER_ME,"her show in hers . Tracy in the kitchen . We",1.0,NameDatabase@7c75222b
64,79,"Tracy",NAMEFINDER_ME,"into the living room . Tracy has brought out ice cream",1.0,NameDatabase@7c75222b
64,79,"Tracy",NAMEFINDER_ME,"horribly painful . INSIDE ... Tracy looks at her kids ,",1.0,NameDatabase@7c75222b
64,79,"Yeah",NAMEFINDER_ME,"Talk to you later ? Yeah . And ... thanks again",0.7723237799409726,NameDatabase@7c75222b
65,80,"CAL",SPEAKER_ABOVE_DIALOGUE,"CAL/Nanna's coming over tonight. You",0.7,NameDatabase@7c75222b
65,80,"ROBBIE",SPEAKER_ABOVE_DIALOGUE,"ROBBIE/Sure.",1.0,NameDatabase@7c75222b
65,80,"CAL",SPEAKER_ABOVE_DIALOGUE,"CAL/Your mom's working till five,",0.7,NameDatabase@7c75222b
65,80,"MOLLY",SPEAKER_ABOVE_DIALOGUE,"MOLLY/(not looking up)",1.0,NameDatabase@7c75222b
65,80,"CAL",SPEAKER_ABOVE_DIALOGUE,"CAL/Well, there's a shocker.",0.7,NameDatabase@7c75222b
65,80,"ROBBIE",SPEAKER_ABOVE_DIALOGUE,"ROBBIE/She still won't talk to you?",1.0,NameDatabase@7c75222b
65,80,"CAL",SPEAKER_ABOVE_DIALOGUE,"CAL/Not if that show's on.",0.7,NameDatabase@7c75222b
65,80,"ROBBIE",SPEAKER_ABOVE_DIALOGUE,"ROBBIE/No, I mean, Mom.",1.0,NameDatabase@7c75222b
65,80,"CAL",SPEAKER_ABOVE_DIALOGUE,"CAL/Oh, no. Just hellos and goodbyes",0.7,NameDatabase@7c75222b
65,80,"ROBBIE",SPEAKER_ABOVE_DIALOGUE,"ROBBIE/What happened?",1.0,NameDatabase@7c75222b
65,80,"CAL",SPEAKER_ABOVE_DIALOGUE,"CAL/Beyond your pay-grade, buddy.",0.7,NameDatabase@7c75222b
65,80,"CAL",SPEAKER_ABOVE_DIALOGUE,"CAL/I will say this though: I got",0.7,NameDatabase@7c75222b
65,80,"CAL",SPEAKER_ABOVE_DIALOGUE,"CAL/(TO ROBBIE)",0.7,NameDatabase@7c75222b
65,80,"CAL",SPEAKER_ABOVE_DIALOGUE,"CAL/Baby? I'm gonna have to turn off",0.7,NameDatabase@7c75222b
65,80,"MOLLY",SPEAKER_ABOVE_DIALOGUE,"MOLLY/No!",1.0,NameDatabase@7c75222b
65,80,"CAL",SPEAKER_ABOVE_DIALOGUE,"CAL/I have to --",0.7,NameDatabase@7c75222b
65,80,"MOLLY",SPEAKER_ABOVE_DIALOGUE,"MOLLY/NOOOO!",1.0,NameDatabase@7c75222b
65,80,"CAL",SPEAKER_ABOVE_DIALOGUE,"CAL/I'm turning it off --",0.7,NameDatabase@7c75222b
65,80,"MOLLY",SPEAKER_ABOVE_DIALOGUE,"MOLLY/NOOOOOOOOOOO!",1.0,NameDatabase@7c75222b
65,80,"MOLLY",SPEAKER_ABOVE_DIALOGUE,"MOLLY/(free at last)",1.0,NameDatabase@7c75222b
65,80,"Molly",NAMEFINDER_ME,"couch , between Robbie and Molly . Molly is once again",1.0,NameDatabase@7c75222b
65,80,"Molly",NAMEFINDER_ME,"between Robbie and Molly . Molly is once again absorbed in",1.0,NameDatabase@7c75222b
65,80,"Robbie",NAMEFINDER_ME,". Get your coat . Robbie smiles , runs off .",1.0,NameDatabase@7c75222b
65,80,"Molly",NAMEFINDER_ME,"off . Cal turns to Molly , REMOTE in hand .",1.0,NameDatabase@7c75222b
65,80,"Molly",NAMEFINDER_ME,"TV off . Silence . Molly turns towards him , stares",1.0,NameDatabase@7c75222b
66,81,"Robbie",NAMEFINDER_ME,"talks to a SALESMAN . Robbie and Molly bounce around ,",1.0,NameDatabase@7c75222b
66,81,"Molly",NAMEFINDER_ME,"a SALESMAN . Robbie and Molly bounce around , excited .",1.0,NameDatabase@7c75222b
67,82,"Robbie",NAMEFINDER_ME,"to a different SALESMAN . Robbie and Molly extend a MEASURING",1.0,NameDatabase@7c75222b
67,82,"Molly",NAMEFINDER_ME,"different SALESMAN . Robbie and Molly extend a MEASURING TAPE across",1.0,NameDatabase@7c75222b
69,84,"BERNIE",SPEAKER_ABOVE_DIALOGUE,"BERNIE/Oh, hey, Cal.",1.0,NameDatabase@7c75222b
69,84,"CAL",SPEAKER_ABOVE_DIALOGUE,"CAL/Bernie.",0.7,NameDatabase@7c75222b
69,84,"BERNIE",SPEAKER_ABOVE_DIALOGUE,"BERNIE/So how've you --",1.0,NameDatabase@7c75222b
69,84,"CAL",SPEAKER_ABOVE_DIALOGUE,"CAL/Bernie: I'd love to catch up, but",0.7,NameDatabase@7c75222b
69,84,"Bernie",NAMEFINDER_ME,", hey , Cal . Bernie . So how ' ve",1.0,NameDatabase@7c75222b
69,84,"Bernie",NAMEFINDER_ME,"how ' ve you -- Bernie : I ' d love",1.0,NameDatabase@7c75222b
71,86,"CAL",SPEAKER_ABOVE_DIALOGUE,"CAL/Hello?",0.7,NameDatabase@7c75222b
71,86,"JACOB",SPEAKER_ABOVE_DIALOGUE,"JACOB/Hey, Cal.",1.0,NameDatabase@7c75222b
71,86,"CAL",SPEAKER_ABOVE_DIALOGUE,"CAL/Oh. My. God. It's alive.",0.7,NameDatabase@7c75222b
71,86,"JACOB",SPEAKER_ABOVE_DIALOGUE,"JACOB/I'm sorry. I know I've been out",1.0,NameDatabase@7c75222b
71,86,"CAL",SPEAKER_ABOVE_DIALOGUE,"CAL/You abandoned me at my time of",0.7,NameDatabase@7c75222b
71,86,"JACOB",SPEAKER_ABOVE_DIALOGUE,"JACOB/I've been a little... things have",1.0,NameDatabase@7c75222b
71,86,"CAL",SPEAKER_ABOVE_DIALOGUE,"CAL/I bet you did.",0.7,NameDatabase@7c75222b
71,86,"JACOB",SPEAKER_ABOVE_DIALOGUE,"JACOB/No, I mean, I've been spending a",1.0,NameDatabase@7c75222b
71,86,"CAL",SPEAKER_ABOVE_DIALOGUE,"CAL/(DISBELIEVING)",0.7,NameDatabase@7c75222b
71,86,"JACOB",SPEAKER_ABOVE_DIALOGUE,"JACOB/Actually, tonight... I'm going to",1.0,NameDatabase@7c75222b
71,86,"CAL",SPEAKER_ABOVE_DIALOGUE,"CAL/(LAUGHING)",0.7,NameDatabase@7c75222b
71,86,"JACOB",SPEAKER_ABOVE_DIALOGUE,"JACOB/Yes, I realize that, asshole.",1.0,NameDatabase@7c75222b
71,86,"JACOB",SPEAKER_ABOVE_DIALOGUE,"JACOB/Gotta go. Grab a beer next week?",1.0,NameDatabase@7c75222b
71,86,"CAL",SPEAKER_ABOVE_DIALOGUE,"CAL/You've got my number.",0.7,NameDatabase@7c75222b
71,86,"JACOB",SPEAKER_ABOVE_DIALOGUE,"JACOB/Thanks.",1.0,NameDatabase@7c75222b
71,86,"Hannah",NAMEFINDER_ME,"realize that , asshole . Hannah comes out of the wine",1.0,NameDatabase@7c75222b
71,86,"Grab",NAMEFINDER_ME,"her . Gotta go . Grab a beer next week ?",0.8844869204824641,NameDatabase@7c75222b
72,87,"Tracy",NAMEFINDER_ME,"Tracy pulls up to her house",1.0,NameDatabase@7c75222b
73,88,"Claire",NAMEFINDER_ME,"Meanwhile . Claire is putting away laundry .",1.0,NameDatabase@7c75222b
73,88,"Jessica",NAMEFINDER_ME,"She throws some underwear in Jessica ' s bottom drawer .",1.0,NameDatabase@7c75222b
74,89,"JESSICA",SPEAKER_ABOVE_DIALOGUE,"JESSICA/No!!!!",1.0,NameDatabase@7c75222b
74,89,"JESSICA",SPEAKER_ABOVE_DIALOGUE,"JESSICA/Daddy?",1.0,NameDatabase@7c75222b
74,89,"Jessica",NAMEFINDER_ME,"drinking a cold one . Jessica lies on the floor ,",1.0,NameDatabase@7c75222b
74,89,"Claire ENTERS",NAMEFINDER_ME,"floor , doing homework . Claire ENTERS , ashen . Zombie -",1.0,NameDatabase@7c75222b
74,89,"Jessica",NAMEFINDER_ME,"hands Bernie the envelope . Jessica looks up , sees it",1.0,NameDatabase@7c75222b
74,89,"Bernie",NAMEFINDER_ME,"' s worst nightmare . Bernie , dazed , slides the",1.0,NameDatabase@7c75222b
74,89,"Daddy",NAMEFINDER_ME,"name . A heart . Daddy ? Bernie puts a hand",0.6673492996636201,NameDatabase@7c75222b
74,89,"Bernie",NAMEFINDER_ME,"A heart . Daddy ? Bernie puts a hand up .",1.0,NameDatabase@7c75222b
76,91,"TRACY",SPEAKER_ABOVE_DIALOGUE,"TRACY/Baby! What are you wearing!?",1.0,NameDatabase@7c75222b
76,91,"ROBBIE",SPEAKER_ABOVE_DIALOGUE,"ROBBIE/Dad's here.",1.0,NameDatabase@7c75222b
76,91,"ROBBIE",SPEAKER_ABOVE_DIALOGUE,"ROBBIE/I have to blindfold you.",1.0,NameDatabase@7c75222b
76,91,"TRACY",SPEAKER_ABOVE_DIALOGUE,"TRACY/(WEARY)",1.0,NameDatabase@7c75222b
76,91,"ROBBIE",SPEAKER_ABOVE_DIALOGUE,"ROBBIE/Relax, Mom. He's your husband,",1.0,NameDatabase@7c75222b
76,91,"ROBBIE",SPEAKER_ABOVE_DIALOGUE,"ROBBIE/Okay, we're good, let's do this.",1.0,NameDatabase@7c75222b
76,91,"Tracy",NAMEFINDER_ME,"Dad ' s here . Tracy ' s face drops .",1.0,NameDatabase@7c75222b
76,91,"Al Queda",NAMEFINDER_ME,"s your husband , not Al Queda . You ' ll make",1.0,NameDatabase@7c75222b
77,92,"Bernie",NAMEFINDER_ME,"' s no expression on Bernie ' s face . It",1.0,NameDatabase@7c75222b
79,94,"CAL",SPEAKER_ABOVE_DIALOGUE,"CAL/Hi, T.",0.7,NameDatabase@7c75222b
79,94,"TRACY",SPEAKER_ABOVE_DIALOGUE,"TRACY/Can I take these off, please?",1.0,NameDatabase@7c75222b
79,94,"CAL",SPEAKER_ABOVE_DIALOGUE,"CAL/Almost. Kids?",0.7,NameDatabase@7c75222b
79,94,"CAL",SPEAKER_ABOVE_DIALOGUE,"CAL/(LAUNCHING IN)",0.7,NameDatabase@7c75222b
79,94,"TRACY",SPEAKER_ABOVE_DIALOGUE,"TRACY/Cal: are you seriously doing this",1.0,NameDatabase@7c75222b
79,94,"ROBBIE",SPEAKER_ABOVE_DIALOGUE,"ROBBIE/(QUICKLY)",1.0,NameDatabase@7c75222b
79,94,"TRACY",SPEAKER_ABOVE_DIALOGUE,"TRACY/Well, might as well wait for your",1.0,NameDatabase@7c75222b
79,94,"CAL",SPEAKER_ABOVE_DIALOGUE,"CAL/She's right next to you, T.",0.7,NameDatabase@7c75222b
79,94,"TRACY",SPEAKER_ABOVE_DIALOGUE,"TRACY/No, your other daughter.",1.0,NameDatabase@7c75222b
79,94,"VOICE",SPEAKER_WITH_VO_OS,"VOICE (O.S.)/Hello?",1.0,NameDatabase@7c75222b
79,94,"CAL",SPEAKER_ABOVE_DIALOGUE,"CAL/Nanna!",0.7,NameDatabase@7c75222b
79,94,"HANNAH",SPEAKER_ABOVE_DIALOGUE,"HANNAH/Hi, Daddy.",1.0,NameDatabase@7c75222b
79,94,"JACOB",SPEAKER_ABOVE_DIALOGUE,"JACOB/Cal?",1.0,NameDatabase@7c75222b
79,94,"CAL",SPEAKER_ABOVE_DIALOGUE,"CAL/What the hell are you doing here?",0.7,NameDatabase@7c75222b
79,94,"JACOB",SPEAKER_ABOVE_DIALOGUE,"JACOB/What the hell are you doing here?",1.0,NameDatabase@7c75222b
79,94,"HANNAH",SPEAKER_ABOVE_DIALOGUE,"HANNAH/Wait, you two know each other?",1.0,NameDatabase@7c75222b
79,94,"TRACY",SPEAKER_ABOVE_DIALOGUE,"TRACY/(STILL BLIND)",1.0,NameDatabase@7c75222b
79,94,"CAL",SPEAKER_ABOVE_DIALOGUE,"CAL/Wait, what's going on?",0.7,NameDatabase@7c75222b
79,94,"ROBBIE",SPEAKER_ABOVE_DIALOGUE,"ROBBIE/Hey, Nanna.",1.0,NameDatabase@7c75222b
79,94,"HANNAH",SPEAKER_ABOVE_DIALOGUE,"HANNAH/Hey, Robbie.",1.0,NameDatabase@7c75222b
79,94,"MOLLY",SPEAKER_ABOVE_DIALOGUE,"MOLLY/Hey, Nanna.",1.0,NameDatabase@7c75222b
79,94,"HANNAH",SPEAKER_ABOVE_DIALOGUE,"HANNAH/Hey, cutie.",1.0,NameDatabase@7c75222b
79,94,"JACOB",SPEAKER_ABOVE_DIALOGUE,"JACOB/WHAT THE HELL IS A NANNA!?",1.0,NameDatabase@7c75222b
79,94,"HANNAH",SPEAKER_ABOVE_DIALOGUE,"HANNAH/It's me, I couldn't pronounce",1.0,NameDatabase@7c75222b
79,94,"JACOB",SPEAKER_ABOVE_DIALOGUE,"JACOB/(REALIZING)",1.0,NameDatabase@7c75222b
79,94,"CAL",SPEAKER_ABOVE_DIALOGUE,"CAL/(FREAKING)",0.7,NameDatabase@7c75222b
79,94,"HANNAH",SPEAKER_ABOVE_DIALOGUE,"HANNAH/Dad, this is my boyfriend, Jacob.",1.0,NameDatabase@7c75222b
79,94,"CAL",SPEAKER_ABOVE_DIALOGUE,"CAL/No. No. No. No.",0.7,NameDatabase@7c75222b
79,94,"TRACY",SPEAKER_ABOVE_DIALOGUE,"TRACY/I want to see the boyfriend!",1.0,NameDatabase@7c75222b
79,94,"JACOB",SPEAKER_ABOVE_DIALOGUE,"JACOB/HOW THE HELL DO YOU HAVE A 24-YEAR-",1.0,NameDatabase@7c75222b
79,94,"CAL",SPEAKER_ABOVE_DIALOGUE,"CAL/I WAS SEVENTEEN! SHE WAS OUR",0.7,NameDatabase@7c75222b
79,94,"JACOB",SPEAKER_ABOVE_DIALOGUE,"JACOB/WHY DIDN'T YOU EVER TELL ME THAT?",1.0,NameDatabase@7c75222b
79,94,"CAL",SPEAKER_ABOVE_DIALOGUE,"CAL/YOU NEVER LET ME TALK ABOUT MY",0.7,NameDatabase@7c75222b
79,94,"HANNAH",SPEAKER_ABOVE_DIALOGUE,"HANNAH/So you two, like, really know each",1.0,NameDatabase@7c75222b
79,94,"CAL",SPEAKER_ABOVE_DIALOGUE,"CAL/No way -- you and her... no way.",0.7,NameDatabase@7c75222b
79,94,"HANNAH",SPEAKER_ABOVE_DIALOGUE,"HANNAH/Daddy!!!",1.0,NameDatabase@7c75222b
79,94,"JACOB",SPEAKER_ABOVE_DIALOGUE,"JACOB/Well, that's not going to happen.",1.0,NameDatabase@7c75222b
79,94,"CAL",SPEAKER_ABOVE_DIALOGUE,"CAL/Well, then I'm going to murder",0.7,NameDatabase@7c75222b
79,94,"HANNAH",SPEAKER_ABOVE_DIALOGUE,"HANNAH/DAD!",1.0,NameDatabase@7c75222b
79,94,"TRACY",SPEAKER_ABOVE_DIALOGUE,"TRACY/(down to two scarves)",1.0,NameDatabase@7c75222b
79,94,"CAL",SPEAKER_ABOVE_DIALOGUE,"CAL/Robbie, take the goddamn thing off",0.7,NameDatabase@7c75222b
79,94,"JESSICA",SPEAKER_ABOVE_DIALOGUE,"JESSICA/Daddy, no!",1.0,NameDatabase@7c75222b
79,94,"ROBBIE",SPEAKER_ABOVE_DIALOGUE,"ROBBIE/Is that Jessica?",1.0,NameDatabase@7c75222b
79,94,"HANNAH",SPEAKER_ABOVE_DIALOGUE,"HANNAH/Daddy!",1.0,NameDatabase@7c75222b
79,94,"JESSICA",SPEAKER_ABOVE_DIALOGUE,"JESSICA/Daddy!",1.0,NameDatabase@7c75222b
79,94,"BERNIE",SPEAKER_ABOVE_DIALOGUE,"BERNIE/I LET HER BABY-SIT FOR YOU, YOU",1.0,NameDatabase@7c75222b
79,94,"HANNAH",SPEAKER_ABOVE_DIALOGUE,"HANNAH/Jacob!",1.0,NameDatabase@7c75222b
79,94,"CAL",SPEAKER_ABOVE_DIALOGUE,"CAL/(GETTING PUMMELLED)",0.7,NameDatabase@7c75222b
79,94,"JESSICA",SPEAKER_ABOVE_DIALOGUE,"JESSICA/Daddy, stop!",1.0,NameDatabase@7c75222b
79,94,"JESSICA",SPEAKER_ABOVE_DIALOGUE,"JESSICA/He didn't do anything. He doesn't",1.0,NameDatabase@7c75222b
79,94,"ROBBIE",SPEAKER_ABOVE_DIALOGUE,"ROBBIE/Know what?",1.0,NameDatabase@7c75222b
79,94,"CAL",SPEAKER_ABOVE_DIALOGUE,"CAL/Know what?",0.7,NameDatabase@7c75222b
79,94,"TRACY",SPEAKER_ABOVE_DIALOGUE,"TRACY/(STILL BLINDFOLDED)",1.0,NameDatabase@7c75222b
79,94,"ROBBIE",SPEAKER_ABOVE_DIALOGUE,"ROBBIE/(struggling with it)",1.0,NameDatabase@7c75222b
79,94,"JESSICA",SPEAKER_ABOVE_DIALOGUE,"JESSICA/He doesn't even know that I'm in",1.0,NameDatabase@7c75222b
79,94,"ROBBIE",SPEAKER_ABOVE_DIALOGUE,"ROBBIE/With who?",1.0,NameDatabase@7c75222b
79,94,"JESSICA",SPEAKER_ABOVE_DIALOGUE,"JESSICA/(pointing at Cal)",1.0,NameDatabase@7c75222b
79,94,"CAL",SPEAKER_ABOVE_DIALOGUE,"CAL/Are you pointing at me?",0.7,NameDatabase@7c75222b
79,94,"ROBBIE",SPEAKER_ABOVE_DIALOGUE,"ROBBIE/Are you pointing at him?",1.0,NameDatabase@7c75222b
79,94,"TRACY",SPEAKER_ABOVE_DIALOGUE,"TRACY/Who is she pointing at!?",1.0,NameDatabase@7c75222b
79,94,"ROBBIE",SPEAKER_ABOVE_DIALOGUE,"ROBBIE/(PROCESSING)",1.0,NameDatabase@7c75222b
79,94,"BERNIE",SPEAKER_ABOVE_DIALOGUE,"BERNIE/I knew it.",1.0,NameDatabase@7c75222b
79,94,"JESSICA",SPEAKER_ABOVE_DIALOGUE,"JESSICA/(TO BERNIE)",1.0,NameDatabase@7c75222b
79,94,"ROBBIE",SPEAKER_ABOVE_DIALOGUE,"ROBBIE/You made him dirty pictures? Oh",1.0,NameDatabase@7c75222b
79,94,"ROBBIE",SPEAKER_ABOVE_DIALOGUE,"ROBBIE/(TO CAL)",1.0,NameDatabase@7c75222b
79,94,"CAL",SPEAKER_ABOVE_DIALOGUE,"CAL/Wait: Jessica is your soulmate?",0.7,NameDatabase@7c75222b
79,94,"VOICE",SPEAKER_WITH_VO_OS,"VOICE (O.S.)/I'm sorry, is Tracy home?",1.0,NameDatabase@7c75222b
79,94,"DAVID JACOBOWITZ",SPEAKER_ABOVE_DIALOGUE,"DAVID JACOBOWITZ/You left your sweater in my car",1.0,NameDatabase@7c75222b
79,94,"HANNAH",SPEAKER_ABOVE_DIALOGUE,"HANNAH/Who are you?",1.0,NameDatabase@7c75222b
79,94,"JACOB",SPEAKER_ABOVE_DIALOGUE,"JACOB/David Jacobowitz!",1.0,NameDatabase@7c75222b
79,94,"CAL",SPEAKER_ABOVE_DIALOGUE,"CAL/David Jacobowitz!?",0.7,NameDatabase@7c75222b
79,94,"DAVID JACOBOWITZ",SPEAKER_ABOVE_DIALOGUE,"DAVID JACOBOWITZ/Is this a bad time --",1.0,NameDatabase@7c75222b
79,94,"HANNAH",SPEAKER_ABOVE_DIALOGUE,"HANNAH/Jacob!",1.0,NameDatabase@7c75222b
79,94,"JACOB",SPEAKER_ABOVE_DIALOGUE,"JACOB/You know how much misery you've",1.0,NameDatabase@7c75222b
79,94,"CAL",SPEAKER_ABOVE_DIALOGUE,"CAL/Stay the hell away from my",0.7,NameDatabase@7c75222b
79,94,"Molly",NAMEFINDER_ME,"throughout this scene ) . Molly , in a PARTY DRESS",1.0,NameDatabase@7c75222b
79,94,"Tracy",NAMEFINDER_ME,"a glass of champagne to Tracy and puts it in her",1.0,NameDatabase@7c75222b
79,94,"Tracy Boyle",NAMEFINDER_ME,"ago , Cal Weaver saw Tracy Boyle for the first time ,",1.0,NameDatabase@7c75222b
79,94,"Tracy SIGHS",NAMEFINDER_ME,"the TV on loud . Tracy SIGHS , giving up . Well",1.0,NameDatabase@7c75222b
79,94,"Daddy",NAMEFINDER_ME,". Nanna ! Hi , Daddy . WTF ! And right",0.9459442709170747,NameDatabase@7c75222b
79,94,"Wait",NAMEFINDER_ME,"are you doing here ? Wait , you two know each",1.0,NameDatabase@7c75222b
79,94,"Wait",NAMEFINDER_ME,") Hi , Nanna . Wait , what ' s going",1.0,NameDatabase@7c75222b
79,94,"Hannah",NAMEFINDER_ME,"I couldn ' t pronounce Hannah when I was little --",1.0,NameDatabase@7c75222b
79,94,"Daddy",NAMEFINDER_ME,"End it , now . Daddy !!! Well , that '",0.9592364805464707,NameDatabase@7c75222b
79,94,"Well",NAMEFINDER_ME,", now . Daddy !!! Well , that ' s not",0.8995981774722814,NameDatabase@7c75222b
79,94,"Robbie",NAMEFINDER_ME,"goddamn thing off me ! Robbie , take the goddamn thing",1.0,NameDatabase@7c75222b
79,94,"Bernie",NAMEFINDER_ME,"then , looking up ) Bernie ? ( CONTINUED ) 94",1.0,NameDatabase@7c75222b
79,94,"Daddy",NAMEFINDER_ME,"her father , SCREAMING : Daddy , no ! Is that",0.941282584458696,NameDatabase@7c75222b
79,94,"Bernie",NAMEFINDER_ME,"that Jessica ? BAM ! Bernie lands a solid right into",1.0,NameDatabase@7c75222b
79,94,"Daddy",NAMEFINDER_ME,"Cal ' s jaw . Daddy ! Daddy ! BLINDFOLD )",0.916035712108403,NameDatabase@7c75222b
79,94,"Daddy",NAMEFINDER_ME,"s jaw . Daddy ! Daddy ! BLINDFOLD ) What '",0.9978567869828036,NameDatabase@7c75222b
79,94,"Bernie",NAMEFINDER_ME,"What ' s happening ? Bernie is pummeling Cal . I",1.0,NameDatabase@7c75222b
79,94,"Bernie",NAMEFINDER_ME,"in . Tries to pull Bernie off . Bernie NAILS Jacob",1.0,NameDatabase@7c75222b
79,94,"Bernie NAILS Jacob",NAMEFINDER_ME,"to pull Bernie off . Bernie NAILS Jacob with an UPPERCUT ! Jacob",1.0,NameDatabase@7c75222b
79,94,"Bernie",NAMEFINDER_ME,"! ( GETTING PUMMELLED ) Bernie , I DON ' T",1.0,NameDatabase@7c75222b
79,94,"Bernie",NAMEFINDER_ME,"' RE TALKING ABOUT ! Bernie picks up a WINDMILL from",1.0,NameDatabase@7c75222b
79,94,"Jessica",NAMEFINDER_ME,"Cal ' s head . Jessica throws herself on Cal .",1.0,NameDatabase@7c75222b
79,94,"Daddy",NAMEFINDER_ME,"throws herself on Cal . Daddy , stop ! This breaks",0.9462100992158929,NameDatabase@7c75222b
79,94,"Bernie",NAMEFINDER_ME,", stop ! This breaks Bernie ' s trance . He",1.0,NameDatabase@7c75222b
79,94,"Robbie",NAMEFINDER_ME,"? ( STILL BLINDFOLDED ) Robbie , please get this off",1.0,NameDatabase@7c75222b
79,94,"Robbie",NAMEFINDER_ME,"in love with him ! Robbie stops , turns . With",1.0,NameDatabase@7c75222b
79,94,"Wait",NAMEFINDER_ME,"! ? ( PROCESSING ) Wait : my dad is the",1.0,NameDatabase@7c75222b
79,94,"Wait",NAMEFINDER_ME,"You stole my soulmate . Wait : Jessica is your soulmate",1.0,NameDatabase@7c75222b
79,94,"Tracy",NAMEFINDER_ME,"' m sorry , is Tracy home ? Everyone turns :",1.0,NameDatabase@7c75222b
79,94,"DAVID JACOBOWITZ",NAMEFINDER_ME,"home ? Everyone turns : DAVID JACOBOWITZ stands in the doorway .",1.0,NameDatabase@7c75222b
79,94,"David Jacobowitz",NAMEFINDER_ME,". Who are you ? David Jacobowitz ! David Jacobowitz ! ?",1.0,NameDatabase@7c75222b
79,94,"David Jacobowitz",NAMEFINDER_ME,"you ? David Jacobowitz ! David Jacobowitz ! ? Is this a",1.0,NameDatabase@7c75222b
79,94,"David Jacobowitz",NAMEFINDER_ME,"-- WHACK !!! Jacob LEVELS David Jacobowitz with a right hook .",1.0,NameDatabase@7c75222b
79,94,"David",NAMEFINDER_ME,"Jacob JUMPS on Cal . David jumps on Jacob . Bernie",1.0,NameDatabase@7c75222b
79,94,"Bernie",NAMEFINDER_ME,"David jumps on Jacob . Bernie tries to pull them apart",1.0,NameDatabase@7c75222b
79,94,"VOICE",PERSON_NOUN,"VOICE (O.S.)",0.7,null
79,94,"OLD DAUGHTER",PERSON_ADJ,"OLD DAUGHTER!?",0.7,null
79,94,"VOICE",PERSON_NOUN,"VOICE (O.S.)",0.7,null
80,95,"TRACY",SPEAKER_ABOVE_DIALOGUE,"TRACY/Thank you, Officer.",1.0,NameDatabase@7c75222b
80,95,"CAL",SPEAKER_ABOVE_DIALOGUE,"CAL/I'll kill you.",0.7,NameDatabase@7c75222b
80,95,"BERNIE",SPEAKER_ABOVE_DIALOGUE,"BERNIE/Let's go. Now.",1.0,NameDatabase@7c75222b
80,95,"JESSICA",SPEAKER_ABOVE_DIALOGUE,"JESSICA/I'm so sorry --",1.0,NameDatabase@7c75222b
80,95,"BERNIE",SPEAKER_ABOVE_DIALOGUE,"BERNIE/NOW!",1.0,NameDatabase@7c75222b
80,95,"CAL",SPEAKER_ABOVE_DIALOGUE,"CAL/Don't.",0.7,NameDatabase@7c75222b
80,95,"JACOB",SPEAKER_ABOVE_DIALOGUE,"JACOB/CAL --",1.0,NameDatabase@7c75222b
80,95,"CAL",SPEAKER_ABOVE_DIALOGUE,"CAL/This man is a lowlife and a",0.7,NameDatabase@7c75222b
80,95,"TRACY",SPEAKER_ABOVE_DIALOGUE,"TRACY/(under her breath)",1.0,NameDatabase@7c75222b
80,95,"CAL",SPEAKER_ABOVE_DIALOGUE,"CAL/I'm sorry, what?",0.7,NameDatabase@7c75222b
80,95,"CAL",SPEAKER_ABOVE_DIALOGUE,"CAL/You may not be able to see it, but",0.7,NameDatabase@7c75222b
80,95,"HANNAH",SPEAKER_ABOVE_DIALOGUE,"HANNAH/Dad, c'mon, I'm not going to stop",1.0,NameDatabase@7c75222b
80,95,"CAL",SPEAKER_ABOVE_DIALOGUE,"CAL/Well then I don't have anything",0.7,NameDatabase@7c75222b
80,95,"HANNAH",SPEAKER_ABOVE_DIALOGUE,"HANNAH/DAD --",1.0,NameDatabase@7c75222b
80,95,"CAL",SPEAKER_ABOVE_DIALOGUE,"CAL/GET THE HELL OUT OF MY HOUSE!",0.7,NameDatabase@7c75222b
80,95,"TRACY",SPEAKER_ABOVE_DIALOGUE,"TRACY/Cal, stop being unreasona--",1.0,NameDatabase@7c75222b
80,95,"CAL",SPEAKER_ABOVE_DIALOGUE,"CAL/I said: GET THE HELL OUT OF MY",0.7,NameDatabase@7c75222b
80,95,"TRACY",SPEAKER_ABOVE_DIALOGUE,"TRACY/IT'S NOT YOUR HOUSE ANYMORE, CAL!",1.0,NameDatabase@7c75222b
80,95,"CAL",SPEAKER_ABOVE_DIALOGUE,"CAL/AND YOU MADE DAMN SURE OF THAT",0.7,NameDatabase@7c75222b
80,95,"JACOB",SPEAKER_ABOVE_DIALOGUE,"JACOB/(one last try)",1.0,NameDatabase@7c75222b
80,95,"MOLLY",SPEAKER_ABOVE_DIALOGUE,"MOLLY/(CALLING OUT)",1.0,NameDatabase@7c75222b
80,95,"HANNAH",SPEAKER_ABOVE_DIALOGUE,"HANNAH/(THROUGH TEARS)",1.0,NameDatabase@7c75222b
80,95,"CAL",SPEAKER_ABOVE_DIALOGUE,"CAL/She's all yours, David.",0.7,NameDatabase@7c75222b
80,95,"TRACY",SPEAKER_ABOVE_DIALOGUE,"TRACY/(WOUNDED)",1.0,NameDatabase@7c75222b
80,95,"CAL",SPEAKER_ABOVE_DIALOGUE,"CAL/Go big or go home, right, buddy?",0.7,NameDatabase@7c75222b
80,95,"ROBBIE",SPEAKER_ABOVE_DIALOGUE,"ROBBIE/Go home, Dad.",1.0,NameDatabase@7c75222b
80,95,"Bernie",NAMEFINDER_ME,"Cal , Jacob , Bernie , and David Jacobowitz sit",1.0,NameDatabase@7c75222b
80,95,"David Jacobowitz",NAMEFINDER_ME,"Jacob , Bernie , and David Jacobowitz sit side - by -",1.0,NameDatabase@7c75222b
80,95,"POLICE",NAMEFINDER_ME,"writing in a pad . POLICE OFFICER # 1 Well ,",1.0,NameDatabase@7c75222b
80,95,"Bernie",NAMEFINDER_ME,"hole torn to shreds . Bernie turns to Jessica . Let",1.0,NameDatabase@7c75222b
80,95,"Hannah",NAMEFINDER_ME,"CAL -- Cal turns to Hannah . This man is a",1.0,NameDatabase@7c75222b
80,95,"Tracy",NAMEFINDER_ME,"m sorry , what ? Tracy doesn ' t push it",1.0,NameDatabase@7c75222b
80,95,"Hannah",NAMEFINDER_ME,". Cal turns back to Hannah . ( CONTINUED ) 97",1.0,NameDatabase@7c75222b
80,95,"Hannah",NAMEFINDER_ME,"whose face registers shock . Hannah takes Jacob ' s hand",1.0,NameDatabase@7c75222b
80,95,"David",NAMEFINDER_ME,"' s all yours , David . Ouch . ( WOUNDED",1.0,NameDatabase@7c75222b
81,98,"John Mayer",NAMEFINDER_ME,"CUE : John Mayer ' s "" Who Says",1.0,NameDatabase@7c75222b
82,102,"CAL",SPEAKER_ABOVE_DIALOGUE,"CAL/What time is it?",0.7,NameDatabase@7c75222b
82,102,"CAL",SPEAKER_ABOVE_DIALOGUE,"CAL/2:30 would have been sufficient",0.7,NameDatabase@7c75222b
82,102,"CAL",SPEAKER_ABOVE_DIALOGUE,"CAL/That was uncalled for. Sorry for",0.7,NameDatabase@7c75222b
82,102,"JACOB",SPEAKER_WITH_VO_OS,"JACOB (O.S.)/Ah, it's okay, I deserved it.",1.0,NameDatabase@7c75222b
82,102,"JACOB",SPEAKER_ABOVE_DIALOGUE,"JACOB/It's a nice sweatsuit, Cal.",1.0,NameDatabase@7c75222b
82,102,"CAL",SPEAKER_ABOVE_DIALOGUE,"CAL/What do you want?",0.7,NameDatabase@7c75222b
82,102,"JACOB",SPEAKER_ABOVE_DIALOGUE,"JACOB/Can I sit?",1.0,NameDatabase@7c75222b
82,102,"CAL",SPEAKER_ABOVE_DIALOGUE,"CAL/I don't know, can you?",0.7,NameDatabase@7c75222b
82,102,"JACOB",SPEAKER_ABOVE_DIALOGUE,"JACOB/Okay, are we going to be mature",1.0,NameDatabase@7c75222b
82,102,"CAL",SPEAKER_ABOVE_DIALOGUE,"CAL/(MIMICKING)",0.7,NameDatabase@7c75222b
82,102,"JACOB",SPEAKER_ABOVE_DIALOGUE,"JACOB/Okay, so like children then. Move",1.0,NameDatabase@7c75222b
82,102,"JACOB",SPEAKER_ABOVE_DIALOGUE,"JACOB/I'd like to talk.",1.0,NameDatabase@7c75222b
82,102,"CAL",SPEAKER_ABOVE_DIALOGUE,"CAL/You still seeing my daughter?",0.7,NameDatabase@7c75222b
82,102,"JACOB",SPEAKER_ABOVE_DIALOGUE,"JACOB/Yes.",1.0,NameDatabase@7c75222b
82,102,"CAL",SPEAKER_ABOVE_DIALOGUE,"CAL/Then I have nothing to say to you.",0.7,NameDatabase@7c75222b
82,102,"JACOB",SPEAKER_ABOVE_DIALOGUE,"JACOB/Cal.",1.0,NameDatabase@7c75222b
82,102,"JACOB",SPEAKER_ABOVE_DIALOGUE,"JACOB/You been hanging out here a lot?",1.0,NameDatabase@7c75222b
82,102,"CAL",SPEAKER_ABOVE_DIALOGUE,"CAL/Sometimes.",0.7,NameDatabase@7c75222b
82,102,"JACOB",SPEAKER_ABOVE_DIALOGUE,"JACOB/Must be missing a lot of work.",1.0,NameDatabase@7c75222b
82,102,"CAL",SPEAKER_ABOVE_DIALOGUE,"CAL/I have a lot of vacation days.",0.7,NameDatabase@7c75222b
82,102,"JACOB",SPEAKER_ABOVE_DIALOGUE,"JACOB/Some vacation.",1.0,NameDatabase@7c75222b
82,102,"CAL",SPEAKER_ABOVE_DIALOGUE,"CAL/I hate the beach... you've got a",0.7,NameDatabase@7c75222b
82,102,"JACOB",SPEAKER_ABOVE_DIALOGUE,"JACOB/You want a sip?",1.0,NameDatabase@7c75222b
82,102,"CAL",SPEAKER_ABOVE_DIALOGUE,"CAL/No, she probably spit in it.",0.7,NameDatabase@7c75222b
82,102,"JACOB",SPEAKER_ABOVE_DIALOGUE,"JACOB/Your kids miss you.",1.0,NameDatabase@7c75222b
82,102,"CAL",SPEAKER_ABOVE_DIALOGUE,"CAL/You're hanging out with my kids,",0.7,NameDatabase@7c75222b
82,102,"JACOB",SPEAKER_ABOVE_DIALOGUE,"JACOB/His eighth grade graduation is",1.0,NameDatabase@7c75222b
82,102,"CAL",SPEAKER_ABOVE_DIALOGUE,"CAL/Of course I'm coming.",0.7,NameDatabase@7c75222b
82,102,"JACOB",SPEAKER_ABOVE_DIALOGUE,"JACOB/Well you haven't exactly been",1.0,NameDatabase@7c75222b
82,102,"CAL",SPEAKER_ABOVE_DIALOGUE,"CAL/He's not my biggest fan right now.",0.7,NameDatabase@7c75222b
82,102,"JACOB",SPEAKER_ABOVE_DIALOGUE,"JACOB/Oh, that's a good excuse --",1.0,NameDatabase@7c75222b
82,102,"CAL",SPEAKER_ABOVE_DIALOGUE,"CAL/Alright, man-whore, if your",0.7,NameDatabase@7c75222b
82,102,"JACOB",SPEAKER_ABOVE_DIALOGUE,"JACOB/I love her, Cal.",1.0,NameDatabase@7c75222b
82,102,"JACOB",SPEAKER_ABOVE_DIALOGUE,"JACOB/I've never been in love before.",1.0,NameDatabase@7c75222b
82,102,"JACOB",SPEAKER_WITH_VO_OS,"JACOB (CONT'D)/She's my perfect combination of",1.0,NameDatabase@7c75222b
82,102,"CAL",SPEAKER_ABOVE_DIALOGUE,"CAL/I know you. I know what you are.",0.7,NameDatabase@7c75222b
82,102,"JACOB",SPEAKER_ABOVE_DIALOGUE,"JACOB/I'll see you at graduation.",1.0,NameDatabase@7c75222b
82,102,"Sorry",NAMEFINDER_ME,"That was uncalled for . Sorry for being a dick .",0.9030928123326893,NameDatabase@7c75222b
82,102,"Ah",NAMEFINDER_ME,"for being a dick . Ah , it ' s okay",1.0,NameDatabase@7c75222b
82,102,"Honestly",NAMEFINDER_ME,"been in love before . Honestly , I ' ve never",0.9813404052404677,NameDatabase@7c75222b
82,102,"Jacob",NAMEFINDER_ME,"permission nor my approval . Jacob stands . I ' ll",1.0,NameDatabase@7c75222b
83,103,"MANY ROWS BACK",SPEAKER_ABOVE_DIALOGUE,"MANY ROWS BACK --/Sits Cal, sandwiched between RANDOM SPECTATORS. Cal is",1.0,NameDatabase@7c75222b
83,103,"VOICE",SPEAKER_WITH_VO_OS,"VOICE (V.O.)/... and now, to introduce the",1.0,NameDatabase@7c75222b
83,103,"AHEAD OF CAL",SPEAKER_ABOVE_DIALOGUE,"AHEAD OF CAL/Tracy looks away, clearly uncomfortable at the teacher's",0.7,NameDatabase@7c75222b
83,103,"KATE",SPEAKER_ABOVE_DIALOGUE,"KATE/Our next speaker is not only the",1.0,NameDatabase@7c75222b
83,103,"ROBBIE",SPEAKER_ABOVE_DIALOGUE,"ROBBIE/(a bit monotone)",1.0,NameDatabase@7c75222b
83,103,"ROBBIE",SPEAKER_ABOVE_DIALOGUE,"ROBBIE/I grew up a lot this year, I",1.0,NameDatabase@7c75222b
83,103,"ROBBIE",SPEAKER_ABOVE_DIALOGUE,"ROBBIE/I was in love. And I know that",1.0,NameDatabase@7c75222b
83,103,"ROBBIE",SPEAKER_WITH_VO_OS,"ROBBIE (CONT'D)/I believed that there was one true",1.0,NameDatabase@7c75222b
83,103,"CAL",SPEAKER_WITH_VO_OS,"CAL (O.S.)/Stop!",1.0,NameDatabase@7c75222b
83,103,"ROBBIE",SPEAKER_ABOVE_DIALOGUE,"ROBBIE/Dad?",1.0,NameDatabase@7c75222b
83,103,"CAL",SPEAKER_ABOVE_DIALOGUE,"CAL/Hi.",0.7,NameDatabase@7c75222b
83,103,"CAL",SPEAKER_ABOVE_DIALOGUE,"CAL/May I have a word with my son?",0.7,NameDatabase@7c75222b
83,103,"ROBBIE",SPEAKER_ABOVE_DIALOGUE,"ROBBIE/(HEATED WHISPER)",1.0,NameDatabase@7c75222b
83,103,"CAL",SPEAKER_ABOVE_DIALOGUE,"CAL/I don't know. What are you doing?",0.7,NameDatabase@7c75222b
83,103,"ROBBIE",SPEAKER_ABOVE_DIALOGUE,"ROBBIE/I was wrong, Dad. There's no such",1.0,NameDatabase@7c75222b
83,103,"CAL",SPEAKER_ABOVE_DIALOGUE,"CAL/My son's graduation speech sucks.",0.7,NameDatabase@7c75222b
83,103,"CAL",SPEAKER_ABOVE_DIALOGUE,"CAL/In fairness, I don't know where he",0.7,NameDatabase@7c75222b
83,103,"CAL",SPEAKER_ABOVE_DIALOGUE,"CAL/My son -- not him, my actual son --",0.7,NameDatabase@7c75222b
83,103,"CAL",SPEAKER_ABOVE_DIALOGUE,"CAL/I met my soulmate when I was",0.7,NameDatabase@7c75222b
83,103,"CAL",SPEAKER_WITH_VO_OS,"CAL (CONT'D)/I met my soulmate when I was",1.0,NameDatabase@7c75222b
83,103,"ROBBIE",SPEAKER_ABOVE_DIALOGUE,"ROBBIE/I still love you, Jessica! I've",1.0,NameDatabase@7c75222b
83,103,"Tracy",NAMEFINDER_ME,"intimate middle school graduation . Tracy , Molly , and Hannah",1.0,NameDatabase@7c75222b
83,103,"Molly",NAMEFINDER_ME,"school graduation . Tracy , Molly , and Hannah sit in",1.0,NameDatabase@7c75222b
83,103,"Hannah",NAMEFINDER_ME,"Tracy , Molly , and Hannah sit in the front row",1.0,NameDatabase@7c75222b
83,103,"Jessica",NAMEFINDER_ME,"in the front row . Jessica sits with her family a",1.0,NameDatabase@7c75222b
83,103,"Hannah",NAMEFINDER_ME,"EMPTY SEAT between Tracy and Hannah . He leans forward ,",1.0,NameDatabase@7c75222b
83,103,"Jacob",NAMEFINDER_ME,"? But just then ... Jacob arrives . Kisses Hannah and",1.0,NameDatabase@7c75222b
83,103,"Kisses Hannah",NAMEFINDER_ME,"then ... Jacob arrives . Kisses Hannah and takes "" Cal '",0.9113500754642474,NameDatabase@7c75222b
83,103,"Kate Thompson",NAMEFINDER_ME,"our very own English teacher Kate Thompson ! Cal ' s former",1.0,NameDatabase@7c75222b
83,103,"Ladies",NAMEFINDER_ME,"the pleasure of teaching . Ladies and gentlemen : Robbie Weaver",0.9651691600035808,NameDatabase@7c75222b
83,103,"Robbie Weaver",NAMEFINDER_ME,". Ladies and gentlemen : Robbie Weaver . Robbie takes the stage",1.0,NameDatabase@7c75222b
83,103,"Robbie",NAMEFINDER_ME,"gentlemen : Robbie Weaver . Robbie takes the stage to APPLAUSE",1.0,NameDatabase@7c75222b
83,103,"Thompson",NAMEFINDER_ME,"Thank you , Mrs . Thompson . Welcome , Class of",1.0,NameDatabase@7c75222b
83,103,"Thompson",NAMEFINDER_ME,"about today . Mrs . Thompson said it might be good",1.0,NameDatabase@7c75222b
83,103,"Robbie",NAMEFINDER_ME,"-- past his family . Robbie comes to the front of",1.0,NameDatabase@7c75222b
83,103,"Robbie",NAMEFINDER_ME,"What are you doing ? Robbie ' s eyes well up",1.0,NameDatabase@7c75222b
83,103,"Now",NAMEFINDER_ME,"GASPS from the crowd . Now standing , alone , front",0.9631889399294795,NameDatabase@7c75222b
83,103,"VOICE",PERSON_NOUN,"VOICE (V.O.)",0.7,null
84,104,"CAL",SPEAKER_ABOVE_DIALOGUE,"CAL/Hi, Nanna.",0.7,NameDatabase@7c75222b
84,104,"HANNAH",SPEAKER_ABOVE_DIALOGUE,"HANNAH/Daddy.",1.0,NameDatabase@7c75222b
84,104,"CAL",SPEAKER_ABOVE_DIALOGUE,"CAL/My perfect girl.",0.7,NameDatabase@7c75222b
84,104,"CAL",SPEAKER_ABOVE_DIALOGUE,"CAL/I already ordered a gun. I'm not",0.7,NameDatabase@7c75222b
84,104,"JACOB",SPEAKER_ABOVE_DIALOGUE,"JACOB/Cal, I'm not going to --",1.0,NameDatabase@7c75222b
84,104,"CAL",SPEAKER_ABOVE_DIALOGUE,"CAL/Shut up, Jacob.",0.7,NameDatabase@7c75222b
84,104,"CAL",SPEAKER_ABOVE_DIALOGUE,"CAL/Wow. I like that.",0.7,NameDatabase@7c75222b
84,104,"CAL",SPEAKER_ABOVE_DIALOGUE,"CAL/Is that a new shirt?",0.7,NameDatabase@7c75222b
84,104,"JACOB",SPEAKER_ABOVE_DIALOGUE,"JACOB/Hannah took me to the Gap. It's",1.0,NameDatabase@7c75222b
84,104,"CAL",SPEAKER_ABOVE_DIALOGUE,"CAL/Seriously?",0.7,NameDatabase@7c75222b
84,104,"JACOB",SPEAKER_ABOVE_DIALOGUE,"JACOB/Of course not, Cal. It's the Gap.",1.0,NameDatabase@7c75222b
84,104,"ROBBIE",SPEAKER_ABOVE_DIALOGUE,"ROBBIE/It was nice of you to come.",1.0,NameDatabase@7c75222b
84,104,"JESSICA",SPEAKER_ABOVE_DIALOGUE,"JESSICA/I wouldn't have missed it.",1.0,NameDatabase@7c75222b
84,104,"ROBBIE",SPEAKER_ABOVE_DIALOGUE,"ROBBIE/So, how are things with your dad?",1.0,NameDatabase@7c75222b
84,104,"JESSICA",SPEAKER_ABOVE_DIALOGUE,"JESSICA/Strained. I took a summer",1.0,NameDatabase@7c75222b
84,104,"ROBBIE",SPEAKER_ABOVE_DIALOGUE,"ROBBIE/Yeah, probably a good idea.",1.0,NameDatabase@7c75222b
84,104,"JESSICA",SPEAKER_ABOVE_DIALOGUE,"JESSICA/Wait: I thought you weren't",1.0,NameDatabase@7c75222b
84,104,"ROBBIE",SPEAKER_ABOVE_DIALOGUE,"ROBBIE/I'm not. But I figure: you like",1.0,NameDatabase@7c75222b
84,104,"JESSICA",SPEAKER_ABOVE_DIALOGUE,"JESSICA/It's a good plan.",1.0,NameDatabase@7c75222b
84,104,"JESSICA",SPEAKER_ABOVE_DIALOGUE,"JESSICA/Until then: a little graduation",1.0,NameDatabase@7c75222b
84,104,"JESSICA",SPEAKER_ABOVE_DIALOGUE,"JESSICA/You take care, Robbie.",1.0,NameDatabase@7c75222b
84,104,"CAL",SPEAKER_ABOVE_DIALOGUE,"CAL/You okay, buddy?",0.7,NameDatabase@7c75222b
84,104,"ROBBIE",SPEAKER_ABOVE_DIALOGUE,"ROBBIE/(RE: ENVELOPE)",1.0,NameDatabase@7c75222b
84,104,"TRACY",SPEAKER_WITH_VO_OS,"TRACY (O.S.)/I'm terrified of what's going to",1.0,NameDatabase@7c75222b
84,104,"CAL",SPEAKER_ABOVE_DIALOGUE,"CAL/We might have to lock him up.",0.7,NameDatabase@7c75222b
84,104,"TRACY",SPEAKER_ABOVE_DIALOGUE,"TRACY/You gave a good eighth grade",1.0,NameDatabase@7c75222b
84,104,"CAL",SPEAKER_ABOVE_DIALOGUE,"CAL/I've been working on it for thirty",0.7,NameDatabase@7c75222b
84,104,"TRACY",SPEAKER_ABOVE_DIALOGUE,"TRACY/Do you think we can ever come back",1.0,NameDatabase@7c75222b
84,104,"CAL",SPEAKER_ABOVE_DIALOGUE,"CAL/I don't know. I'd like to try",0.7,NameDatabase@7c75222b
84,104,"TRACY",SPEAKER_ABOVE_DIALOGUE,"TRACY/Things are just so messed up. And",1.0,NameDatabase@7c75222b
84,104,"TRACY",SPEAKER_ABOVE_DIALOGUE,"TRACY/I am just so glad you took me for",1.0,NameDatabase@7c75222b
84,104,"TRACY",SPEAKER_ABOVE_DIALOGUE,"TRACY/It was rocky road by the way.",1.0,NameDatabase@7c75222b
84,104,"CAL",SPEAKER_ABOVE_DIALOGUE,"CAL/No!",0.7,NameDatabase@7c75222b
84,104,"Hannah",NAMEFINDER_ME,"kiss him . Cal approaches Hannah and Jacob . Hi ,",1.0,NameDatabase@7c75222b
84,104,"Jacob",NAMEFINDER_ME,". Cal approaches Hannah and Jacob . Hi , Nanna .",1.0,NameDatabase@7c75222b
84,104,"Daddy",NAMEFINDER_ME,". Hi , Nanna . Daddy . He smiles at her",0.9718553538605458,NameDatabase@7c75222b
84,104,"Jacob",NAMEFINDER_ME,"Shut up , Jacob . Jacob shuts up . Wow .",1.0,NameDatabase@7c75222b
84,104,"Jacob",NAMEFINDER_ME,". I like that . Jacob smiles , shakes hands with",1.0,NameDatabase@7c75222b
84,104,"Hannah",NAMEFINDER_ME,"that a new shirt ? Hannah took me to the Gap",1.0,NameDatabase@7c75222b
84,104,"Wait",NAMEFINDER_ME,"to shake , formally . Wait : I thought you weren",1.0,NameDatabase@7c75222b
84,104,"Jessica",NAMEFINDER_ME,"come for you then . Jessica smiles . It ' s",1.0,NameDatabase@7c75222b
84,104,"Love",NAMEFINDER_ME,"Robbie watches her go . Love - struck once more .",1.0,NameDatabase@7c75222b
84,104,"Tracy",NAMEFINDER_ME,"puberty . Cal turns , Tracy has been watching . We",1.0,NameDatabase@7c75222b
84,104,"Tracy",NAMEFINDER_ME,"to lock him up . Tracy smiles . Cal walks over",1.0,NameDatabase@7c75222b
