SceneOrderNumber,SceneNumber,RawName,CanonicalName,Confidence
1,RECEPTIONIST,HOWARD MIERZWIAK,0.8
1,OLD WOMAN,SECOND OLD WOMAN,0.7
1,RECEPTIONIST,HOWARD MIERZWIAK,0.8
1,OLD WOMAN,SECOND OLD WOMAN,0.7
1,RECEPTIONIST,HOWARD MIERZWIAK,0.8
1,RECEPTIONIST,HOWARD MIERZWIAK,0.8
1,OLD WOMAN,SECOND OLD WOMAN,0.7
1,RECEPTIONIST,HOWARD MIERZWIAK,0.8
4,MARY,HOWARD MIERZWIAK,1.0
4,CLEMENTINE,HOWARD MIERZWIAK,0.8
4,MARY,HOWARD MIERZWIAK,1.0
4,MARY,HOWARD MIERZWIAK,1.0
4,CLEMENTINE,HOWARD MIERZWIAK,1.0
4,MIERZWIAK,HOWARD MIERZWIAK,0.9199343476942892
5,MIERZWIAK,HOWARD MIERZWIAK,0.95
5,MARY,HOWARD MIERZWIAK,1.0
5,MIERZWIAK,HOWARD MIERZWIAK,0.7
5,MIERZWIAK,HOWARD MIERZWIAK,0.95
5,MARY,HOWARD MIERZWIAK,1.0
5,MIERZWIAK,HOWARD MIERZWIAK,0.7
5,MARY,HOWARD MIERZWIAK,1.0
5,MIERZWIAK,HOWARD MIERZWIAK,0.7
5,MARY,HOWARD MIERZWIAK,1.0
5,STAN,HOWARD MIERZWIAK,1.0
5,MARY,HOWARD MIERZWIAK,1.0
5,STAN,HOWARD MIERZWIAK,1.0
5,MARY,HOWARD MIERZWIAK,1.0
5,STAN,HOWARD MIERZWIAK,1.0
5,MARY,HOWARD MIERZWIAK,1.0
5,STAN,HOWARD MIERZWIAK,1.0
5,MARY,HOWARD MIERZWIAK,1.0
5,STAN,HOWARD MIERZWIAK,1.0
5,MARY,HOWARD MIERZWIAK,1.0
5,STAN,HOWARD MIERZWIAK,1.0
5,MARY,HOWARD MIERZWIAK,1.0
5,MARY,HOWARD MIERZWIAK,1.0
5,CLEMENTINE,HOWARD MIERZWIAK,1.0
5,MARY,HOWARD MIERZWIAK,1.0
5,CLEMENTINE,HOWARD MIERZWIAK,0.8
5,MARY,HOWARD MIERZWIAK,1.0
5,MIERZWIAK,HOWARD MIERZWIAK,0.7
5,MARY,HOWARD MIERZWIAK,1.0
5,HOWARD MIERZWIAK,HOWARD MIERZWIAK,1.0
5,HOWARD,HOWARD MIERZWIAK,1.0
5,MIERZWIAK,HOWARD MIERZWIAK,0.8088404687937678
5,COLE,HOWARD MIERZWIAK,1.0
5,HOWARD,HOWARD MIERZWIAK,1.0
5,STAN,HOWARD MIERZWIAK,1.0
5,STAN,HOWARD MIERZWIAK,1.0
5,STAN,HOWARD MIERZWIAK,1.0
5,MARY,HOWARD MIERZWIAK,1.0
5,KRUCZYNSKI,HOWARD MIERZWIAK,1.0
5,MARY,HOWARD MIERZWIAK,1.0
5,KRUCZYNSKI,HOWARD MIERZWIAK,1.0
5,MARY,HOWARD MIERZWIAK,1.0
6,MIERZWIAK,HOWARD MIERZWIAK,0.7
6,CLEMENTINE,HOWARD MIERZWIAK,0.8
6,MIERZWIAK,HOWARD MIERZWIAK,0.7
6,CLEMENTINE,HOWARD MIERZWIAK,0.8
6,CLEMENTINE,HOWARD MIERZWIAK,1.0
6,MIERZWIAK,HOWARD MIERZWIAK,0.7
6,CLEMENTINE,HOWARD MIERZWIAK,0.8
6,CLEMENTINE,HOWARD MIERZWIAK,1.0
6,MIERZWIAK,HOWARD MIERZWIAK,0.7
6,CLEMENTINE,HOWARD MIERZWIAK,0.8
7,JOEL,HOWARD MIERZWIAK,1.0
7,JOEL,HOWARD MIERZWIAK,1.0
8,JOEL,HOWARD MIERZWIAK,1.0
8,JOEL,HOWARD MIERZWIAK,1.0
8,JOEL,HOWARD MIERZWIAK,1.0
9,JOEL,HOWARD MIERZWIAK,1.0
9,JOEL,HOWARD MIERZWIAK,1.0
9,NAOMI,HOWARD MIERZWIAK,0.9302012967469924
9,JOEL,HOWARD MIERZWIAK,1.0
9,JOEL,HOWARD MIERZWIAK,1.0
9,JOEL,HOWARD MIERZWIAK,1.0
10,WAITRESS,HOWARD MIERZWIAK,0.8
10,CLEMENTINE,HOWARD MIERZWIAK,0.8
10,WAITRESS,HOWARD MIERZWIAK,0.8
10,CLEMENTINE,HOWARD MIERZWIAK,0.8
10,CLEMENTINE,HOWARD MIERZWIAK,1.0
10,WAITRESS,HOWARD MIERZWIAK,0.8
10,CLEMENTINE,HOWARD MIERZWIAK,0.8
10,JOEL,HOWARD MIERZWIAK,1.0
10,CLEMENTINE,HOWARD MIERZWIAK,1.0
10,JOEL,HOWARD MIERZWIAK,1.0
10,JOEL,HOWARD MIERZWIAK,1.0
10,JOEL,HOWARD MIERZWIAK,1.0
10,JOEL,HOWARD MIERZWIAK,1.0
11,JOEL,HOWARD MIERZWIAK,1.0
11,JOEL,HOWARD MIERZWIAK,1.0
12,CLEMENTINE,HOWARD MIERZWIAK,1.0
12,JOEL,HOWARD MIERZWIAK,1.0
12,JOEL,HOWARD MIERZWIAK,1.0
13,CLEMENTINE,HOWARD MIERZWIAK,0.8
13,JOEL,HOWARD MIERZWIAK,1.0
13,CLEMENTINE,HOWARD MIERZWIAK,0.8
13,JOEL,HOWARD MIERZWIAK,1.0
13,CLEMENTINE,HOWARD MIERZWIAK,0.8
13,JOEL,HOWARD MIERZWIAK,1.0
13,CLEMENTINE,HOWARD MIERZWIAK,0.8
13,JOEL,HOWARD MIERZWIAK,1.0
13,CLEMENTINE,HOWARD MIERZWIAK,0.8
13,JOEL,HOWARD MIERZWIAK,1.0
13,CLEMENTINE,HOWARD MIERZWIAK,0.8
13,JOEL,HOWARD MIERZWIAK,1.0
13,CLEMENTINE,HOWARD MIERZWIAK,0.8
13,JOEL,HOWARD MIERZWIAK,1.0
13,CLEMENTINE,HOWARD MIERZWIAK,0.8
13,JOEL,HOWARD MIERZWIAK,1.0
13,CLEMENTINE,HOWARD MIERZWIAK,0.8
13,CLEMENTINE,HOWARD MIERZWIAK,0.8
13,JOEL,HOWARD MIERZWIAK,1.0
13,CLEMENTINE,HOWARD MIERZWIAK,0.8
13,JOEL,HOWARD MIERZWIAK,1.0
13,CLEMENTINE,HOWARD MIERZWIAK,0.8
13,JOEL,HOWARD MIERZWIAK,1.0
13,CLEMENTINE,HOWARD MIERZWIAK,0.8
13,JOEL,HOWARD MIERZWIAK,1.0
13,CLEMENTINE,HOWARD MIERZWIAK,0.8
13,JOEL,HOWARD MIERZWIAK,1.0
13,CLEMENTINE,HOWARD MIERZWIAK,0.8
13,JOEL,HOWARD MIERZWIAK,1.0
13,CLEMENTINE,HOWARD MIERZWIAK,0.8
13,JOEL,HOWARD MIERZWIAK,1.0
13,CLEMENTINE,HOWARD MIERZWIAK,0.8
13,JOEL,HOWARD MIERZWIAK,1.0
13,CLEMENTINE,HOWARD MIERZWIAK,0.8
13,JOEL,HOWARD MIERZWIAK,1.0
13,CLEMENTINE,HOWARD MIERZWIAK,0.8
13,JOEL,HOWARD MIERZWIAK,1.0
13,CLEMENTINE,HOWARD MIERZWIAK,0.8
13,JOEL,HOWARD MIERZWIAK,1.0
13,CLEMENTINE,HOWARD MIERZWIAK,0.8
13,JOEL,HOWARD MIERZWIAK,1.0
13,CLEMENTINE,HOWARD MIERZWIAK,0.8
13,JOEL,HOWARD MIERZWIAK,1.0
13,CLEMENTINE,HOWARD MIERZWIAK,0.8
13,JOEL,HOWARD MIERZWIAK,1.0
13,CLEMENTINE,HOWARD MIERZWIAK,0.8
13,CLEMENTINE,HOWARD MIERZWIAK,1.0
13,JOEL,HOWARD MIERZWIAK,1.0
13,CLEMENTINE,HOWARD MIERZWIAK,0.8
13,JOEL,HOWARD MIERZWIAK,1.0
13,CLEMENTINE,HOWARD MIERZWIAK,0.8
13,JOEL,HOWARD MIERZWIAK,1.0
13,CLEMENTINE,HOWARD MIERZWIAK,0.8
13,JOEL,HOWARD MIERZWIAK,1.0
13,CLEMENTINE,HOWARD MIERZWIAK,0.8
13,JOEL,HOWARD MIERZWIAK,1.0
13,CLEMENTINE,HOWARD MIERZWIAK,0.8
13,JOEL,HOWARD MIERZWIAK,1.0
13,CLEMENTINE,HOWARD MIERZWIAK,0.8
13,JOEL,HOWARD MIERZWIAK,1.0
13,CLEMENTINE,HOWARD MIERZWIAK,0.8
13,JOEL,HOWARD MIERZWIAK,1.0
13,CLEMENTINE,HOWARD MIERZWIAK,0.8
13,CLEMENTINE,HOWARD MIERZWIAK,0.8
13,CLEMENTINE,HOWARD MIERZWIAK,1.0
13,CLEMENTINE,HOWARD MIERZWIAK,1.0
13,CLEMENTINE,HOWARD MIERZWIAK,1.0
13,JOEL,HOWARD MIERZWIAK,1.0
13,CLEMENTINE,HOWARD MIERZWIAK,0.8
13,CLEMENTINE,HOWARD MIERZWIAK,1.0
13,CLEMENTINE,HOWARD MIERZWIAK,0.8
13,JOEL,HOWARD MIERZWIAK,1.0
13,CLEMENTINE,HOWARD MIERZWIAK,0.8
13,JOEL,HOWARD MIERZWIAK,1.0
13,CLEMENTINE,HOWARD MIERZWIAK,0.8
13,JOEL,HOWARD MIERZWIAK,1.0
13,CLEMENTINE,HOWARD MIERZWIAK,0.8
13,JOEL,HOWARD MIERZWIAK,1.0
13,CLEMENTINE,HOWARD MIERZWIAK,0.8
13,CLEMENTINE,HOWARD MIERZWIAK,1.0
13,JOEL,HOWARD MIERZWIAK,1.0
13,CLEMENTINE,HOWARD MIERZWIAK,0.9903139508210322
13,JOEL,HOWARD MIERZWIAK,1.0
13,JOEL,HOWARD MIERZWIAK,1.0
13,AW,AW,0.983802458438068
13,JOEL,HOWARD MIERZWIAK,1.0
13,AH,AH,1.0
13,TOM WAITS,TOM WAITS,1.0
13,TOM WAITS,TOM WAITS,1.0
13,GREEN REVOLUTION,HOWARD MIERZWIAK,1.0
13,PINK ERASER,HOWARD MIERZWIAK,1.0
13,TOM WAITS,TOM WAITS,1.0
13,JOEL,HOWARD MIERZWIAK,1.0
13,NICE,HOWARD MIERZWIAK,0.8482124933003847
13,JOEL,HOWARD MIERZWIAK,1.0
13,JOEL,HOWARD MIERZWIAK,1.0
13,STEPHEN DIXON,STEPHEN DIXON,1.0
13,CLEMENTINE,HOWARD MIERZWIAK,0.9043187361229745
13,JOEL,HOWARD MIERZWIAK,1.0
13,JOEL,HOWARD MIERZWIAK,1.0
13,JOEL,HOWARD MIERZWIAK,1.0
13,CLEMENTINE,HOWARD MIERZWIAK,0.9208962963901347
14,CLEMENTINE,HOWARD MIERZWIAK,1.0
15,JOEL,HOWARD MIERZWIAK,1.0
15,CLEMENTINE,HOWARD MIERZWIAK,1.0
17,JOEL,HOWARD MIERZWIAK,1.0
17,CLEMENTINE,HOWARD MIERZWIAK,0.8
17,JOEL,HOWARD MIERZWIAK,1.0
17,CLEMENTINE,HOWARD MIERZWIAK,0.8
17,JOEL,HOWARD MIERZWIAK,1.0
17,CLEMENTINE,HOWARD MIERZWIAK,0.8
17,JOEL,HOWARD MIERZWIAK,1.0
17,CLEMENTINE,HOWARD MIERZWIAK,0.8
17,JOEL,HOWARD MIERZWIAK,1.0
17,CLEMENTINE,HOWARD MIERZWIAK,0.8
17,JOEL,HOWARD MIERZWIAK,1.0
17,CLEMENTINE,HOWARD MIERZWIAK,0.8
17,JOEL,HOWARD MIERZWIAK,1.0
17,CLEMENTINE,HOWARD MIERZWIAK,0.8
17,CLEMENTINE,HOWARD MIERZWIAK,1.0
17,JOEL,HOWARD MIERZWIAK,1.0
17,CLEMENTINE,HOWARD MIERZWIAK,0.8
17,JOEL,HOWARD MIERZWIAK,1.0
17,CLEMENTINE,HOWARD MIERZWIAK,0.8
17,JOEL,HOWARD MIERZWIAK,1.0
17,CLEMENTINE,HOWARD MIERZWIAK,0.8
17,JOEL,HOWARD MIERZWIAK,1.0
17,CLEMENTINE,HOWARD MIERZWIAK,0.8
17,JOEL,HOWARD MIERZWIAK,1.0
17,CLEMENTINE,HOWARD MIERZWIAK,0.8
17,CLEMENTINE,HOWARD MIERZWIAK,1.0
17,JOEL,HOWARD MIERZWIAK,1.0
17,CLEMENTINE,HOWARD MIERZWIAK,0.8
17,JOEL,HOWARD MIERZWIAK,1.0
17,CLEMENTINE,HOWARD MIERZWIAK,0.8
17,JOEL,HOWARD MIERZWIAK,1.0
17,CLEMENTINE,HOWARD MIERZWIAK,0.8
17,CLEMENTINE,HOWARD MIERZWIAK,1.0
18,CLEMENTINE,HOWARD MIERZWIAK,0.8
18,CLEMENTINE,HOWARD MIERZWIAK,1.0
18,CLEMENTINE,HOWARD MIERZWIAK,1.0
18,JOEL,HOWARD MIERZWIAK,1.0
18,CLEMENTINE,HOWARD MIERZWIAK,0.8
18,JOEL,HOWARD MIERZWIAK,1.0
18,CLEMENTINE,HOWARD MIERZWIAK,0.8
18,JOEL,HOWARD MIERZWIAK,1.0
18,CLEMENTINE,HOWARD MIERZWIAK,0.8
18,JOEL,HOWARD MIERZWIAK,1.0
18,CLEMENTINE,HOWARD MIERZWIAK,0.8
18,JOEL,HOWARD MIERZWIAK,1.0
18,CLEMENTINE,HOWARD MIERZWIAK,0.8
18,JOEL,HOWARD MIERZWIAK,1.0
18,CLEMENTINE,HOWARD MIERZWIAK,0.8
18,JOEL,HOWARD MIERZWIAK,1.0
18,CLEMENTINE,HOWARD MIERZWIAK,0.8
18,CLEMENTINE,HOWARD MIERZWIAK,1.0
18,JOEL,HOWARD MIERZWIAK,1.0
18,CLEMENTINE,HOWARD MIERZWIAK,0.8
18,JOEL,HOWARD MIERZWIAK,1.0
18,CLEMENTINE,HOWARD MIERZWIAK,1.0
18,JOEL,HOWARD MIERZWIAK,1.0
18,CLEMENTINE,HOWARD MIERZWIAK,1.0
18,CLEMENTINE,HOWARD MIERZWIAK,1.0
18,CLEMENTINE,HOWARD MIERZWIAK,1.0
18,JOEL,HOWARD MIERZWIAK,1.0
18,CLEMENTINE,HOWARD MIERZWIAK,0.8
18,JOEL,HOWARD MIERZWIAK,1.0
18,CLEMENTINE,HOWARD MIERZWIAK,0.8
18,JOEL,HOWARD MIERZWIAK,1.0
18,CLEMENTINE,HOWARD MIERZWIAK,0.8
18,CLEMENTINE,HOWARD MIERZWIAK,1.0
18,CLEMENTINE,HOWARD MIERZWIAK,1.0
18,JOEL,HOWARD MIERZWIAK,1.0
18,CLEMENTINE,HOWARD MIERZWIAK,0.8
18,JOEL,HOWARD MIERZWIAK,1.0
18,CLEMENTINE,HOWARD MIERZWIAK,0.8
18,JOEL,HOWARD MIERZWIAK,1.0
18,CLEMENTINE,HOWARD MIERZWIAK,0.8
18,JOEL,HOWARD MIERZWIAK,1.0
18,CLEMENTINE,HOWARD MIERZWIAK,0.8
18,CLEMENTINE,HOWARD MIERZWIAK,1.0
18,JOEL,HOWARD MIERZWIAK,1.0
18,CLEMENTINE,HOWARD MIERZWIAK,0.8
18,JOEL,HOWARD MIERZWIAK,1.0
18,CLEMENTINE,HOWARD MIERZWIAK,0.8
18,JOEL,HOWARD MIERZWIAK,1.0
18,CLEMENTINE,HOWARD MIERZWIAK,0.8
18,JOEL,HOWARD MIERZWIAK,1.0
18,CLEMENTINE,HOWARD MIERZWIAK,0.8
18,JOEL,HOWARD MIERZWIAK,1.0
18,CLEMENTINE,HOWARD MIERZWIAK,0.8
18,JOEL,HOWARD MIERZWIAK,1.0
18,CLEMENTINE,HOWARD MIERZWIAK,0.8
18,JOEL,HOWARD MIERZWIAK,1.0
18,CLEMENTINE,HOWARD MIERZWIAK,0.8
18,JOEL,HOWARD MIERZWIAK,1.0
18,CLEMENTINE,HOWARD MIERZWIAK,0.8
18,JOEL,HOWARD MIERZWIAK,1.0
18,CLEMENTINE,HOWARD MIERZWIAK,0.8
18,CLEMENTINE,HOWARD MIERZWIAK,1.0
18,CLEMENTINE,HOWARD MIERZWIAK,1.0
18,JOEL,HOWARD MIERZWIAK,1.0
18,CLEMENTINE,HOWARD MIERZWIAK,0.8
18,JOEL,HOWARD MIERZWIAK,1.0
18,CLEMENTINE,HOWARD MIERZWIAK,0.8
18,JOEL,HOWARD MIERZWIAK,1.0
18,CLEMENTINE,HOWARD MIERZWIAK,0.8
18,JOEL,HOWARD MIERZWIAK,1.0
18,CLEMENTINE,HOWARD MIERZWIAK,0.8
18,CLEMENTINE,HOWARD MIERZWIAK,1.0
18,JOEL,HOWARD MIERZWIAK,1.0
18,CLEMENTINE,HOWARD MIERZWIAK,0.8
18,JOEL,HOWARD MIERZWIAK,1.0
18,CLEMENTINE,HOWARD MIERZWIAK,0.8
18,CLEMENTINE,HOWARD MIERZWIAK,1.0
18,JOEL,HOWARD MIERZWIAK,1.0
18,JOEL,HOWARD MIERZWIAK,1.0
18,JOEL,HOWARD MIERZWIAK,1.0
18,CLEMENTINE,HOWARD MIERZWIAK,0.8
18,JOEL,HOWARD MIERZWIAK,1.0
18,CLEMENTINE,HOWARD MIERZWIAK,0.8
18,JOEL,HOWARD MIERZWIAK,1.0
18,CLEMENTINE,HOWARD MIERZWIAK,0.8
18,JOEL,HOWARD MIERZWIAK,1.0
18,CLEMENTINE,HOWARD MIERZWIAK,1.0
18,JOEL,HOWARD MIERZWIAK,1.0
18,FROST,HOWARD MIERZWIAK,1.0
18,ROBERT FROST,HOWARD MIERZWIAK,1.0
18,CLEMENTINE,HOWARD MIERZWIAK,1.0
18,JOEL,HOWARD MIERZWIAK,1.0
18,CLEMENTINE,HOWARD MIERZWIAK,1.0
18,JOEL,HOWARD MIERZWIAK,1.0
18,BRIAN ENO,BRIAN ENO,1.0
18,CLEMENTINE,HOWARD MIERZWIAK,1.0
18,JOEL,HOWARD MIERZWIAK,1.0
18,MARY,HOWARD MIERZWIAK,1.0
18,JOSEPH,HOWARD MIERZWIAK,1.0
18,JOEL,HOWARD MIERZWIAK,1.0
18,CLEMENTINE,HOWARD MIERZWIAK,1.0
18,PAUL SIMON,PAUL SIMON,1.0
18,JOEL,HOWARD MIERZWIAK,1.0
18,JOEL,HOWARD MIERZWIAK,1.0
18,PATRICK,HOWARD MIERZWIAK,1.0
18,STEPHEN DIXON,STEPHEN DIXON,1.0
18,CLEMENTINE,HOWARD MIERZWIAK,0.9783995376394212
21,JOEL,HOWARD MIERZWIAK,1.0
21,JOEL,HOWARD MIERZWIAK,1.0
21,JOEL,HOWARD MIERZWIAK,1.0
21,JOEL,HOWARD MIERZWIAK,1.0
21,JOEL,HOWARD MIERZWIAK,1.0
21,JOEL,HOWARD MIERZWIAK,1.0
21,JOEL,HOWARD MIERZWIAK,1.0
21,JOEL,HOWARD MIERZWIAK,1.0
21,JOEL,HOWARD MIERZWIAK,1.0
21,JOEL,HOWARD MIERZWIAK,1.0
21,JOEL,HOWARD MIERZWIAK,1.0
21,JOEL,HOWARD MIERZWIAK,1.0
21,EVEN JOEL,HOWARD MIERZWIAK,1.0
21,JOEL,HOWARD MIERZWIAK,1.0
21,PINK,HOWARD MIERZWIAK,1.0
22,JOEL,HOWARD MIERZWIAK,1.0
22,JOEL,HOWARD MIERZWIAK,1.0
22,JOEL,HOWARD MIERZWIAK,1.0
22,PATRICK,HOWARD MIERZWIAK,1.0
22,CLEMENTINE,HOWARD MIERZWIAK,0.8
22,PATRICK,HOWARD MIERZWIAK,1.0
22,CLEMENTINE,HOWARD MIERZWIAK,0.8
22,PATRICK,HOWARD MIERZWIAK,1.0
22,CLEMENTINE,HOWARD MIERZWIAK,0.8
22,PATRICK,HOWARD MIERZWIAK,1.0
22,JOEL,HOWARD MIERZWIAK,1.0
22,CLEMENTINE,HOWARD MIERZWIAK,0.8
22,PATRICK,HOWARD MIERZWIAK,1.0
22,CLEMENTINE,HOWARD MIERZWIAK,0.8
22,PATRICK,HOWARD MIERZWIAK,1.0
22,JOEL,HOWARD MIERZWIAK,1.0
22,JOEL,HOWARD MIERZWIAK,1.0
22,JOEL,HOWARD MIERZWIAK,1.0
22,JOEL,HOWARD MIERZWIAK,1.0
22,PATRICK,HOWARD MIERZWIAK,1.0
22,JOEL,HOWARD MIERZWIAK,1.0
22,PATRICK,HOWARD MIERZWIAK,1.0
22,JOEL,HOWARD MIERZWIAK,1.0
22,PATRICK,HOWARD MIERZWIAK,1.0
22,PATRICK,HOWARD MIERZWIAK,1.0
23,JOEL,HOWARD MIERZWIAK,1.0
23,JOEL,HOWARD MIERZWIAK,1.0
25,MARY,HOWARD MIERZWIAK,1.0
25,MARY,HOWARD MIERZWIAK,1.0
25,BARISH,HOWARD MIERZWIAK,1.0
26,MARY,HOWARD MIERZWIAK,1.0
26,MARY,HOWARD MIERZWIAK,1.0
27,MIERZWIAK,HOWARD MIERZWIAK,0.7
27,STAN,HOWARD MIERZWIAK,1.0
27,JOEL,HOWARD MIERZWIAK,1.0
27,MIERZWIAK,HOWARD MIERZWIAK,0.7
27,JOEL,HOWARD MIERZWIAK,1.0
27,MIERZWIAK,HOWARD MIERZWIAK,0.7
27,JOEL,HOWARD MIERZWIAK,1.0
27,MIERZWIAK,HOWARD MIERZWIAK,0.7
27,STAN,HOWARD MIERZWIAK,1.0
27,JOEL,HOWARD MIERZWIAK,1.0
27,STAN,HOWARD MIERZWIAK,1.0
27,MIERZWIAK,HOWARD MIERZWIAK,0.7
27,STAN,HOWARD MIERZWIAK,1.0
27,STAN,HOWARD MIERZWIAK,1.0
27,JOEL,HOWARD MIERZWIAK,1.0
27,STAN,HOWARD MIERZWIAK,1.0
27,AH,AH,1.0
27,BARISH,HOWARD MIERZWIAK,1.0
27,STAN,HOWARD MIERZWIAK,1.0
27,STAN,HOWARD MIERZWIAK,1.0
27,BARISH,HOWARD MIERZWIAK,1.0
27,JOEL,HOWARD MIERZWIAK,1.0
27,STAN,HOWARD MIERZWIAK,1.0
27,STAN,HOWARD MIERZWIAK,1.0
27,STAN,HOWARD MIERZWIAK,1.0
27,JOEL,HOWARD MIERZWIAK,1.0
27,STAN,HOWARD MIERZWIAK,1.0
27,STAN,HOWARD MIERZWIAK,1.0
27,PATRICK,HOWARD MIERZWIAK,1.0
27,JOEL,HOWARD MIERZWIAK,1.0
27,STAN,HOWARD MIERZWIAK,1.0
27,STAN,HOWARD MIERZWIAK,1.0
27,STAN,HOWARD MIERZWIAK,1.0
28,PATRICK,HOWARD MIERZWIAK,1.0
28,STAN,HOWARD MIERZWIAK,1.0
28,PATRICK,HOWARD MIERZWIAK,1.0
28,STAN,HOWARD MIERZWIAK,1.0
28,STAN,HOWARD MIERZWIAK,1.0
28,PATRICK,HOWARD MIERZWIAK,1.0
28,STAN,HOWARD MIERZWIAK,1.0
28,PATRICK,HOWARD MIERZWIAK,1.0
28,PATRICK,HOWARD MIERZWIAK,1.0
29,MIERZWIAK,HOWARD MIERZWIAK,0.7
29,STAN,HOWARD MIERZWIAK,1.0
29,STAN,HOWARD MIERZWIAK,1.0
29,STAN,HOWARD MIERZWIAK,1.0
29,AH,AH,1.0
29,STAN,HOWARD MIERZWIAK,1.0
30,NAOMI,HOWARD MIERZWIAK,1.0
31,JOEL,HOWARD MIERZWIAK,1.0
32,MARY,HOWARD MIERZWIAK,1.0
32,JOEL,HOWARD MIERZWIAK,1.0
32,MARY,HOWARD MIERZWIAK,1.0
32,JOEL,HOWARD MIERZWIAK,1.0
32,MARY,HOWARD MIERZWIAK,1.0
32,JOEL BARISH,HOWARD MIERZWIAK,1.0
32,MIERZWIAK,HOWARD MIERZWIAK,1.0
33,MARY,HOWARD MIERZWIAK,1.0
33,JOEL,HOWARD MIERZWIAK,1.0
33,MARY,HOWARD MIERZWIAK,1.0
33,MARY,HOWARD MIERZWIAK,1.0
33,JOEL,HOWARD MIERZWIAK,1.0
33,MARY,HOWARD MIERZWIAK,1.0
34,MIERZWIAK,HOWARD MIERZWIAK,0.7
34,JOEL,HOWARD MIERZWIAK,1.0
34,MIERZWIAK,HOWARD MIERZWIAK,0.7
34,JOEL,HOWARD MIERZWIAK,1.0
34,PATRICK,HOWARD MIERZWIAK,1.0
34,JOEL,HOWARD MIERZWIAK,1.0
34,JOEL,HOWARD MIERZWIAK,1.0
34,JOEL,HOWARD MIERZWIAK,1.0
35,STAN,HOWARD MIERZWIAK,1.0
35,PATRICK,HOWARD MIERZWIAK,1.0
35,STAN,HOWARD MIERZWIAK,1.0
35,PATRICK,HOWARD MIERZWIAK,1.0
35,PATRICK,HOWARD MIERZWIAK,1.0
35,PATRICK,HOWARD MIERZWIAK,1.0
35,STAN,HOWARD MIERZWIAK,1.0
35,PATRICK,HOWARD MIERZWIAK,1.0
35,PATRICK,HOWARD MIERZWIAK,1.0
35,STAN,HOWARD MIERZWIAK,1.0
35,PATRICK,HOWARD MIERZWIAK,1.0
36,MIERZWIAK,HOWARD MIERZWIAK,0.7
37,JOEL,HOWARD MIERZWIAK,1.0
37,JOEL,HOWARD MIERZWIAK,1.0
37,JOEL,HOWARD MIERZWIAK,1.0
37,CARMEN,HOWARD MIERZWIAK,1.0
37,CARMEN,HOWARD MIERZWIAK,1.0
37,JOEL,HOWARD MIERZWIAK,1.0
38,JOEL,HOWARD MIERZWIAK,1.0
39,JOEL,HOWARD MIERZWIAK,1.0
39,JOEL,HOWARD MIERZWIAK,1.0
39,CARMEN,HOWARD MIERZWIAK,1.0
39,CARMEN,HOWARD MIERZWIAK,1.0
40,JOEL,HOWARD MIERZWIAK,1.0
40,JOEL,HOWARD MIERZWIAK,1.0
41,JOEL,HOWARD MIERZWIAK,1.0
41,VAGUE RECORDED,HOWARD MIERZWIAK,0.7
41,CARRIE,HOWARD MIERZWIAK,1.0
41,JOEL,HOWARD MIERZWIAK,1.0
41,ROB,HOWARD MIERZWIAK,1.0
41,JOEL,HOWARD MIERZWIAK,1.0
41,CARRIE,HOWARD MIERZWIAK,1.0
41,JOEL,HOWARD MIERZWIAK,1.0
41,ROB,HOWARD MIERZWIAK,1.0
41,CARRIE,HOWARD MIERZWIAK,1.0
41,CARRIE,HOWARD MIERZWIAK,1.0
41,JOEL,HOWARD MIERZWIAK,1.0
41,CARRIE,HOWARD MIERZWIAK,1.0
41,JOEL,HOWARD MIERZWIAK,1.0
41,JOEL,HOWARD MIERZWIAK,1.0
41,JOEL,HOWARD MIERZWIAK,1.0
41,JOEL,HOWARD MIERZWIAK,1.0
41,JOEL,HOWARD MIERZWIAK,1.0
41,ROB,HOWARD MIERZWIAK,1.0
41,JOEL,HOWARD MIERZWIAK,1.0
41,JOEL BARISH,HOWARD MIERZWIAK,1.0
41,JOEL,HOWARD MIERZWIAK,1.0
42,CARRIE,HOWARD MIERZWIAK,1.0
42,JOEL,HOWARD MIERZWIAK,1.0
42,JOEL,HOWARD MIERZWIAK,1.0
43,CARRIE,HOWARD MIERZWIAK,1.0
43,JOEL,HOWARD MIERZWIAK,1.0
43,CARRIE,HOWARD MIERZWIAK,1.0
43,JOEL,HOWARD MIERZWIAK,1.0
46,MARY,HOWARD MIERZWIAK,1.0
46,STAN,HOWARD MIERZWIAK,1.0
46,MARY,HOWARD MIERZWIAK,1.0
47,PATRICK,HOWARD MIERZWIAK,1.0
47,STAN,HOWARD MIERZWIAK,1.0
47,PATRICK,HOWARD MIERZWIAK,1.0
47,STAN,HOWARD MIERZWIAK,1.0
47,PATRICK,HOWARD MIERZWIAK,1.0
47,STAN,HOWARD MIERZWIAK,1.0
47,PATRICK,HOWARD MIERZWIAK,1.0
47,STAN,HOWARD MIERZWIAK,1.0
47,PATRICK,HOWARD MIERZWIAK,1.0
47,STAN,HOWARD MIERZWIAK,1.0
47,STAN,HOWARD MIERZWIAK,1.0
47,PATRICK,HOWARD MIERZWIAK,1.0
47,MARY,HOWARD MIERZWIAK,1.0
47,PATRICK,HOWARD MIERZWIAK,1.0
47,STAN,HOWARD MIERZWIAK,1.0
48,CLEMENTINE,HOWARD MIERZWIAK,0.8
48,JOEL,HOWARD MIERZWIAK,1.0
48,CLEMENTINE,HOWARD MIERZWIAK,1.0
48,JOEL,HOWARD MIERZWIAK,1.0
48,JOEL,HOWARD MIERZWIAK,1.0
48,CLEMENTINE,HOWARD MIERZWIAK,0.8
48,JOEL,HOWARD MIERZWIAK,1.0
48,JOEL,HOWARD MIERZWIAK,1.0
48,CLEMENTINE,HOWARD MIERZWIAK,0.8
48,JOEL,HOWARD MIERZWIAK,1.0
48,CLEMENTINE,HOWARD MIERZWIAK,0.8
48,JOEL,HOWARD MIERZWIAK,1.0
48,JOEL,HOWARD MIERZWIAK,1.0
48,JOEL,HOWARD MIERZWIAK,1.0
48,JOEL,HOWARD MIERZWIAK,1.0
50,JOEL,HOWARD MIERZWIAK,1.0
50,CLEMENTINE,HOWARD MIERZWIAK,0.8
50,JOEL,HOWARD MIERZWIAK,1.0
50,JOEL,HOWARD MIERZWIAK,1.0
51,PATRICK,HOWARD MIERZWIAK,1.0
51,STAN,HOWARD MIERZWIAK,1.0
51,JOEL,HOWARD MIERZWIAK,1.0
52,PATRICK,HOWARD MIERZWIAK,1.0
52,STAN,HOWARD MIERZWIAK,1.0
52,PATRICK,HOWARD MIERZWIAK,1.0
52,STAN,HOWARD MIERZWIAK,1.0
52,STAN,HOWARD MIERZWIAK,1.0
52,PATRICK,HOWARD MIERZWIAK,1.0
52,PATRICK,HOWARD MIERZWIAK,1.0
52,PATRICK,HOWARD MIERZWIAK,1.0
53,PATRICK,HOWARD MIERZWIAK,1.0
53,STAN,HOWARD MIERZWIAK,1.0
53,PATRICK,HOWARD MIERZWIAK,1.0
53,STAN,HOWARD MIERZWIAK,1.0
53,PATRICK,HOWARD MIERZWIAK,1.0
53,STAN,HOWARD MIERZWIAK,1.0
54,PATRICK,HOWARD MIERZWIAK,1.0
54,STAN,HOWARD MIERZWIAK,1.0
54,JOEL,HOWARD MIERZWIAK,1.0
54,PATRICK,HOWARD MIERZWIAK,1.0
55,CLEMENTINE,HOWARD MIERZWIAK,0.8
55,JOEL,HOWARD MIERZWIAK,1.0
55,CLEMENTINE,HOWARD MIERZWIAK,0.8
56,JOEL,HOWARD MIERZWIAK,1.0
56,CLEMENTINE,HOWARD MIERZWIAK,0.8
56,JOEL,HOWARD MIERZWIAK,1.0
56,CLEMENTINE,HOWARD MIERZWIAK,0.8
56,JOEL,HOWARD MIERZWIAK,1.0
56,CLEMENTINE,HOWARD MIERZWIAK,0.8
56,JOEL,HOWARD MIERZWIAK,1.0
56,CLEMENTINE,HOWARD MIERZWIAK,0.8
56,JOEL,HOWARD MIERZWIAK,1.0
56,CLEMENTINE,HOWARD MIERZWIAK,0.8
56,CLEMENTINE,HOWARD MIERZWIAK,1.0
56,JOEL,HOWARD MIERZWIAK,1.0
56,CLEMENTINE,HOWARD MIERZWIAK,0.8
56,JOEL,HOWARD MIERZWIAK,1.0
56,CLEMENTINE,HOWARD MIERZWIAK,0.8
56,JOEL,HOWARD MIERZWIAK,1.0
56,CLEMENTINE,HOWARD MIERZWIAK,0.8
56,JOEL,HOWARD MIERZWIAK,1.0
56,JOEL,HOWARD MIERZWIAK,1.0
57,JOEL,HOWARD MIERZWIAK,1.0
57,CLEMENTINE,HOWARD MIERZWIAK,0.8
57,CLEMENTINE,HOWARD MIERZWIAK,1.0
57,CLEMENTINE,HOWARD MIERZWIAK,1.0
57,MARK,HOWARD MIERZWIAK,1.0
57,CLEMENTINE,HOWARD MIERZWIAK,0.8
57,JOEL,HOWARD MIERZWIAK,1.0
57,CLEMENTINE,HOWARD MIERZWIAK,0.8
57,JOEL,HOWARD MIERZWIAK,1.0
57,JOEL,HOWARD MIERZWIAK,1.0
57,JOEL,HOWARD MIERZWIAK,1.0
57,JOEL,HOWARD MIERZWIAK,1.0
57,JOEL,HOWARD MIERZWIAK,1.0
57,MARK,HOWARD MIERZWIAK,1.0
57,MARK,HOWARD MIERZWIAK,1.0
58,MARY,HOWARD MIERZWIAK,1.0
58,PATRICK,HOWARD MIERZWIAK,1.0
58,STAN,HOWARD MIERZWIAK,1.0
58,MARY,HOWARD MIERZWIAK,1.0
58,STAN,HOWARD MIERZWIAK,1.0
58,MARY,HOWARD MIERZWIAK,1.0
58,STAN,HOWARD MIERZWIAK,1.0
58,MARY,HOWARD MIERZWIAK,1.0
58,PATRICK,HOWARD MIERZWIAK,1.0
58,STAN,HOWARD MIERZWIAK,1.0
58,PATRICK,HOWARD MIERZWIAK,1.0
58,MARY,HOWARD MIERZWIAK,1.0
58,MARY,HOWARD MIERZWIAK,1.0
58,PATRICK,HOWARD MIERZWIAK,1.0
58,MARY,HOWARD MIERZWIAK,1.0
58,MARY,HOWARD MIERZWIAK,1.0
58,STAN,HOWARD MIERZWIAK,1.0
58,MARY,HOWARD MIERZWIAK,1.0
58,STAN,HOWARD MIERZWIAK,1.0
58,PATRICK,HOWARD MIERZWIAK,1.0
58,STAN,HOWARD MIERZWIAK,1.0
58,MARY,HOWARD MIERZWIAK,1.0
58,PATRICK,HOWARD MIERZWIAK,1.0
58,MARY,HOWARD MIERZWIAK,1.0
58,PATRICK,HOWARD MIERZWIAK,1.0
58,MARY,HOWARD MIERZWIAK,1.0
58,STAN,HOWARD MIERZWIAK,1.0
58,MARY,HOWARD MIERZWIAK,1.0
58,STAN,HOWARD MIERZWIAK,1.0
58,PATRICK,HOWARD MIERZWIAK,1.0
58,MARY,HOWARD MIERZWIAK,1.0
58,PATRICK,HOWARD MIERZWIAK,1.0
58,PATRICK,HOWARD MIERZWIAK,1.0
58,MARY,HOWARD MIERZWIAK,1.0
58,PATRICK,HOWARD MIERZWIAK,1.0
58,MARY,HOWARD MIERZWIAK,1.0
58,STAN,HOWARD MIERZWIAK,1.0
58,MARY,HOWARD MIERZWIAK,1.0
58,STAN,HOWARD MIERZWIAK,1.0
58,MARY,HOWARD MIERZWIAK,1.0
58,STAN,HOWARD MIERZWIAK,1.0
58,STAN,HOWARD MIERZWIAK,1.0
58,MARY,HOWARD MIERZWIAK,1.0
58,PATRICK,HOWARD MIERZWIAK,1.0
58,MARY,HOWARD MIERZWIAK,1.0
58,MARY,HOWARD MIERZWIAK,1.0
58,STAN,HOWARD MIERZWIAK,1.0
58,WINSTON CHURCHILL,WINSTON CHURCHILL,1.0
58,HOWARD,HOWARD MIERZWIAK,1.0
58,STAN,HOWARD MIERZWIAK,1.0
58,MARY,HOWARD MIERZWIAK,1.0
59,CLEMENTINE,HOWARD MIERZWIAK,0.8
59,JOEL,HOWARD MIERZWIAK,1.0
59,CLEMENTINE,HOWARD MIERZWIAK,0.8
59,JOEL,HOWARD MIERZWIAK,1.0
59,CLEMENTINE,HOWARD MIERZWIAK,0.8
59,JOEL,HOWARD MIERZWIAK,1.0
59,JOEL,HOWARD MIERZWIAK,1.0
60,JOEL,HOWARD MIERZWIAK,1.0
60,CLEMENTINE,HOWARD MIERZWIAK,0.8
60,CLEMENTINE,HOWARD MIERZWIAK,1.0
60,JOEL,HOWARD MIERZWIAK,1.0
60,CLEMENTINE,HOWARD MIERZWIAK,0.8
60,JOEL,HOWARD MIERZWIAK,1.0
60,PATRICK,HOWARD MIERZWIAK,1.0
61,PATRICK,HOWARD MIERZWIAK,1.0
61,STAN,HOWARD MIERZWIAK,1.0
61,PATRICK,HOWARD MIERZWIAK,1.0
61,MARY,HOWARD MIERZWIAK,1.0
61,STAN,HOWARD MIERZWIAK,1.0
61,PATRICK,HOWARD MIERZWIAK,1.0
61,PATRICK,HOWARD MIERZWIAK,1.0
61,STAN,HOWARD MIERZWIAK,1.0
61,STAN,HOWARD MIERZWIAK,1.0
61,PATRICK,HOWARD MIERZWIAK,1.0
61,MARY,HOWARD MIERZWIAK,1.0
61,STAN,HOWARD MIERZWIAK,1.0
61,PATRICK,HOWARD MIERZWIAK,1.0
61,MARY,HOWARD MIERZWIAK,1.0
62,CLEMENTINE,HOWARD MIERZWIAK,0.8
62,JOEL,HOWARD MIERZWIAK,1.0
62,CLEMENTINE,HOWARD MIERZWIAK,0.8
62,JOEL,HOWARD MIERZWIAK,1.0
62,CLEMENTINE,HOWARD MIERZWIAK,0.8
62,JOEL,HOWARD MIERZWIAK,1.0
62,JOEL,HOWARD MIERZWIAK,1.0
62,JOEL,HOWARD MIERZWIAK,1.0
62,JOEL,HOWARD MIERZWIAK,1.0
62,JOEL,HOWARD MIERZWIAK,1.0
63,MARY,HOWARD MIERZWIAK,1.0
63,STAN,HOWARD MIERZWIAK,1.0
63,MARY,HOWARD MIERZWIAK,1.0
63,STAN,HOWARD MIERZWIAK,1.0
63,MARY,HOWARD MIERZWIAK,1.0
63,JOEL,HOWARD MIERZWIAK,1.0
63,MARY,HOWARD MIERZWIAK,1.0
63,STAN,HOWARD MIERZWIAK,1.0
63,HOWARD,HOWARD MIERZWIAK,1.0
63,MARY,HOWARD MIERZWIAK,1.0
63,HOWARD,HOWARD MIERZWIAK,1.0
63,STAN,HOWARD MIERZWIAK,1.0
63,STAN,HOWARD MIERZWIAK,1.0
63,MARY,HOWARD MIERZWIAK,1.0
64,PATRICK,HOWARD MIERZWIAK,1.0
65,PATRICK,HOWARD MIERZWIAK,1.0
65,CLEMENTINE,HOWARD MIERZWIAK,0.8
65,PATRICK,HOWARD MIERZWIAK,1.0
65,CLEMENTINE,HOWARD MIERZWIAK,0.8
65,CLEMENTINE,HOWARD MIERZWIAK,1.0
65,PATRICK,HOWARD MIERZWIAK,1.0
65,CLEMENTINE,HOWARD MIERZWIAK,0.8
65,PATRICK,HOWARD MIERZWIAK,1.0
65,CLEMENTINE,HOWARD MIERZWIAK,0.8
65,JOEL,HOWARD MIERZWIAK,1.0
65,PATRICK,HOWARD MIERZWIAK,1.0
65,STAN,HOWARD MIERZWIAK,1.0
65,PATRICK,HOWARD MIERZWIAK,1.0
65,PATRICK,HOWARD MIERZWIAK,1.0
65,PATRICK,HOWARD MIERZWIAK,1.0
65,PATRICK,HOWARD MIERZWIAK,1.0
65,JOEL,HOWARD MIERZWIAK,1.0
65,STAN,HOWARD MIERZWIAK,1.0
65,PATRICK,HOWARD MIERZWIAK,1.0
66,STAN,HOWARD MIERZWIAK,1.0
66,STAN,HOWARD MIERZWIAK,1.0
66,MARY,HOWARD MIERZWIAK,1.0
67,PATRICK,HOWARD MIERZWIAK,1.0
67,CLEMENTINE,HOWARD MIERZWIAK,0.8
67,STAN,HOWARD MIERZWIAK,1.0
67,PATRICK,HOWARD MIERZWIAK,1.0
67,JOEL,HOWARD MIERZWIAK,1.0
68,JOEL,HOWARD MIERZWIAK,1.0
68,JOEL,HOWARD MIERZWIAK,1.0
68,MIERZWIAK,HOWARD MIERZWIAK,0.7
68,JOEL,HOWARD MIERZWIAK,1.0
68,MIERZWIAK,HOWARD MIERZWIAK,0.7
68,JOEL,HOWARD MIERZWIAK,1.0
68,MIERZWIAK,HOWARD MIERZWIAK,0.7
68,JOEL,HOWARD MIERZWIAK,1.0
68,JOEL,HOWARD MIERZWIAK,1.0
68,JOEL,HOWARD MIERZWIAK,1.0
68,JOEL,HOWARD MIERZWIAK,1.0
69,CLEMENTINE,HOWARD MIERZWIAK,0.8
69,CLEMENTINE,HOWARD MIERZWIAK,0.8
69,PATRICK,HOWARD MIERZWIAK,1.0
69,PATRICK,HOWARD MIERZWIAK,1.0
69,CLEMENTINE,HOWARD MIERZWIAK,0.8
69,PATRICK,HOWARD MIERZWIAK,1.0
69,CLEMENTINE,HOWARD MIERZWIAK,1.0
69,PATRICK,HOWARD MIERZWIAK,1.0
69,PATRICK,HOWARD MIERZWIAK,1.0
70,STAN,HOWARD MIERZWIAK,1.0
70,MARY,HOWARD MIERZWIAK,1.0
71,CLEMENTINE,HOWARD MIERZWIAK,0.8
71,JOEL,HOWARD MIERZWIAK,1.0
71,CLEMENTINE,HOWARD MIERZWIAK,0.8
71,JOEL,HOWARD MIERZWIAK,1.0
71,CLEMENTINE,HOWARD MIERZWIAK,0.8
71,JOEL,HOWARD MIERZWIAK,1.0
71,JOEL,HOWARD MIERZWIAK,1.0
72,JOEL,HOWARD MIERZWIAK,1.0
72,CLEMENTINE,HOWARD MIERZWIAK,0.8
72,JOEL,HOWARD MIERZWIAK,1.0
72,CLEMENTINE,HOWARD MIERZWIAK,0.8
72,JOEL,HOWARD MIERZWIAK,1.0
72,JOEL,HOWARD MIERZWIAK,1.0
72,JOEL,HOWARD MIERZWIAK,1.0
73,CLEMENTINE,HOWARD MIERZWIAK,0.8
73,JOEL,HOWARD MIERZWIAK,1.0
73,JOEL,HOWARD MIERZWIAK,1.0
73,CLEMENTINE,HOWARD MIERZWIAK,0.8
73,JOEL,HOWARD MIERZWIAK,1.0
73,CLEMENTINE,HOWARD MIERZWIAK,0.8
73,JOEL,HOWARD MIERZWIAK,1.0
73,JOEL,HOWARD MIERZWIAK,1.0
73,JOEL,HOWARD MIERZWIAK,1.0
73,JOEL,HOWARD MIERZWIAK,1.0
73,JOEL,HOWARD MIERZWIAK,1.0
74,STAN,HOWARD MIERZWIAK,1.0
74,MARY,HOWARD MIERZWIAK,1.0
74,STAN,HOWARD MIERZWIAK,1.0
74,STAN,HOWARD MIERZWIAK,1.0
74,MARY,HOWARD MIERZWIAK,1.0
74,STAN,HOWARD MIERZWIAK,1.0
74,STAN,HOWARD MIERZWIAK,1.0
74,MARY,HOWARD MIERZWIAK,1.0
74,STAN,HOWARD MIERZWIAK,1.0
74,MARY,HOWARD MIERZWIAK,1.0
74,STAN,HOWARD MIERZWIAK,1.0
74,MARY,HOWARD MIERZWIAK,1.0
74,STAN,HOWARD MIERZWIAK,1.0
74,MARY,HOWARD MIERZWIAK,1.0
74,STAN,HOWARD MIERZWIAK,1.0
74,STAN,HOWARD MIERZWIAK,1.0
74,STAN,HOWARD MIERZWIAK,1.0
74,MARY,HOWARD MIERZWIAK,1.0
74,STAN,HOWARD MIERZWIAK,1.0
74,LISTEN,HOWARD MIERZWIAK,0.7085549225147713
74,STAN,HOWARD MIERZWIAK,1.0
74,MARY,HOWARD MIERZWIAK,1.0
74,HOWARD,HOWARD MIERZWIAK,1.0
74,STAN,HOWARD MIERZWIAK,1.0
74,STAN,HOWARD MIERZWIAK,1.0
74,STAN,HOWARD MIERZWIAK,1.0
74,MARY,HOWARD MIERZWIAK,1.0
74,HOWARD,HOWARD MIERZWIAK,1.0
75,MIERZWIAK,HOWARD MIERZWIAK,0.7
75,STAN,HOWARD MIERZWIAK,1.0
75,MIERZWIAK,HOWARD MIERZWIAK,0.7
75,STAN,HOWARD MIERZWIAK,1.0
75,MIERZWIAK,HOWARD MIERZWIAK,0.7
75,STAN,HOWARD MIERZWIAK,1.0
75,MIERZWIAK,HOWARD MIERZWIAK,0.7
75,STAN,HOWARD MIERZWIAK,1.0
75,STAN,HOWARD MIERZWIAK,1.0
75,PATRICK,HOWARD MIERZWIAK,1.0
76,MARY,HOWARD MIERZWIAK,1.0
76,STAN,HOWARD MIERZWIAK,1.0
76,MARY,HOWARD MIERZWIAK,1.0
76,MARY,HOWARD MIERZWIAK,1.0
76,STAN,HOWARD MIERZWIAK,1.0
76,MARY,HOWARD MIERZWIAK,1.0
76,MARY,HOWARD MIERZWIAK,1.0
76,STAN,HOWARD MIERZWIAK,1.0
77,JOEL,HOWARD MIERZWIAK,1.0
77,CLEMENTINE,HOWARD MIERZWIAK,0.8
77,JOEL,HOWARD MIERZWIAK,1.0
77,CLEMENTINE,HOWARD MIERZWIAK,0.8
77,JOEL,HOWARD MIERZWIAK,1.0
77,CLEMENTINE,HOWARD MIERZWIAK,0.8
77,JOEL,HOWARD MIERZWIAK,1.0
77,CLEMENTINE,HOWARD MIERZWIAK,0.8
77,JOEL,HOWARD MIERZWIAK,1.0
77,CLEMENTINE,HOWARD MIERZWIAK,0.8
77,JOEL,HOWARD MIERZWIAK,1.0
77,CLEMENTINE,HOWARD MIERZWIAK,0.8
77,JOEL,HOWARD MIERZWIAK,1.0
77,JOEL,HOWARD MIERZWIAK,1.0
77,JOEL,HOWARD MIERZWIAK,1.0
77,JOEL,HOWARD MIERZWIAK,1.0
77,GROSS,HOWARD MIERZWIAK,1.0
78,CLEMENTINE,HOWARD MIERZWIAK,0.8
78,PATRICK,HOWARD MIERZWIAK,1.0
78,PATRICK,HOWARD MIERZWIAK,1.0
79,MARY,HOWARD MIERZWIAK,1.0
79,MARY,HOWARD MIERZWIAK,1.0
79,MARY,HOWARD MIERZWIAK,1.0
79,MIERZWIAK,HOWARD MIERZWIAK,0.7
79,STAN,HOWARD MIERZWIAK,1.0
79,MARY,HOWARD MIERZWIAK,1.0
79,MIERZWIAK,HOWARD MIERZWIAK,0.7
79,MIERZWIAK,HOWARD MIERZWIAK,0.95
79,STAN,HOWARD MIERZWIAK,1.0
79,MIERZWIAK,HOWARD MIERZWIAK,0.7
79,STAN,HOWARD MIERZWIAK,1.0
79,MIERZWIAK,HOWARD MIERZWIAK,0.7
79,MIERZWIAK,HOWARD MIERZWIAK,0.95
79,STAN,HOWARD MIERZWIAK,1.0
79,MARY,HOWARD MIERZWIAK,1.0
79,MARY,HOWARD MIERZWIAK,1.0
79,MARY,HOWARD MIERZWIAK,1.0
79,HOWARD,HOWARD MIERZWIAK,1.0
79,HOWARD,HOWARD MIERZWIAK,1.0
79,MARY,HOWARD MIERZWIAK,1.0
79,STAN,HOWARD MIERZWIAK,1.0
79,MARY,HOWARD MIERZWIAK,1.0
79,MARY,HOWARD MIERZWIAK,1.0
80,JOEL,HOWARD MIERZWIAK,1.0
80,CLEMENTINE,HOWARD MIERZWIAK,0.8
80,HOUND,HOWARD MIERZWIAK,0.6850429688437235
80,JOEL,HOWARD MIERZWIAK,1.0
81,JOEL,HOWARD MIERZWIAK,1.0
82,MIERZWIAK,HOWARD MIERZWIAK,0.7
82,MARY,HOWARD MIERZWIAK,1.0
82,MIERZWIAK,HOWARD MIERZWIAK,0.7
82,STAN,HOWARD MIERZWIAK,1.0
82,MIERZWIAK,HOWARD MIERZWIAK,0.7
82,HOWARD,HOWARD MIERZWIAK,1.0
82,MARY,HOWARD MIERZWIAK,1.0
82,HOWARD,HOWARD MIERZWIAK,1.0
83,CLEMENTINE,HOWARD MIERZWIAK,0.8
83,JOEL,HOWARD MIERZWIAK,1.0
83,CLEMENTINE,HOWARD MIERZWIAK,0.8
83,JOEL,HOWARD MIERZWIAK,1.0
83,CLEMENTINE,HOWARD MIERZWIAK,0.8
83,JOEL,HOWARD MIERZWIAK,1.0
83,JOEL,HOWARD MIERZWIAK,1.0
83,JOEL,HOWARD MIERZWIAK,1.0
84,STAN,HOWARD MIERZWIAK,1.0
84,MIERZWIAK,HOWARD MIERZWIAK,0.7
84,MARY,HOWARD MIERZWIAK,1.0
84,STAN,HOWARD MIERZWIAK,1.0
84,MARY,HOWARD MIERZWIAK,1.0
84,HOWARD,HOWARD MIERZWIAK,1.0
84,HOWARD,HOWARD MIERZWIAK,1.0
85,CLEMENTINE,HOWARD MIERZWIAK,0.8
85,JOEL,HOWARD MIERZWIAK,1.0
85,CLEMENTINE,HOWARD MIERZWIAK,1.0
85,JOE EARLY,JOE EARLY,1.0
85,JOEL,HOWARD MIERZWIAK,1.0
85,JOEL,HOWARD MIERZWIAK,1.0
85,JOE EARLY,JOE EARLY,1.0
85,JOEL,HOWARD MIERZWIAK,1.0
85,JOE EARLY,JOE EARLY,1.0
85,JOEL,HOWARD MIERZWIAK,1.0
85,JOEL,HOWARD MIERZWIAK,1.0
85,JOE EARLY,JOE EARLY,1.0
85,JOEL,HOWARD MIERZWIAK,1.0
85,JOE EARLY,JOE EARLY,1.0
85,JOE EARLY,JOE EARLY,1.0
85,JOEL,HOWARD MIERZWIAK,1.0
85,JOEL,HOWARD MIERZWIAK,1.0
86,MIERZWIAK,HOWARD MIERZWIAK,0.7
86,STAN,HOWARD MIERZWIAK,1.0
87,CLEMENTINE,HOWARD MIERZWIAK,0.8
87,JOEL,HOWARD MIERZWIAK,1.0
87,JOEL,HOWARD MIERZWIAK,1.0
87,JOEL,HOWARD MIERZWIAK,1.0
88,CLEMENTINE,HOWARD MIERZWIAK,0.8
88,JOEL,HOWARD MIERZWIAK,1.0
88,JOEL,HOWARD MIERZWIAK,1.0
88,JOEL,HOWARD MIERZWIAK,1.0
88,JOEL,HOWARD MIERZWIAK,1.0
88,JOEL,HOWARD MIERZWIAK,1.0
88,JOEL,HOWARD MIERZWIAK,1.0
88,CLEMENTINE,HOWARD MIERZWIAK,1.0
89,CLEMENTINE,HOWARD MIERZWIAK,0.8
89,CLEMENTINE,HOWARD MIERZWIAK,1.0
89,JOEL,HOWARD MIERZWIAK,1.0
89,CLEMENTINE,HOWARD MIERZWIAK,0.8
89,JOEL,HOWARD MIERZWIAK,1.0
89,JOEL,HOWARD MIERZWIAK,1.0
89,PATRICK,HOWARD MIERZWIAK,1.0
89,JOEL,HOWARD MIERZWIAK,1.0
90,BOYS,HOWARD MIERZWIAK,1.0
90,JOEL,HOWARD MIERZWIAK,1.0
90,CLEMENTINE,HOWARD MIERZWIAK,0.8
90,JOEL,HOWARD MIERZWIAK,1.0
90,JOEL,HOWARD MIERZWIAK,1.0
90,JOEL,HOWARD MIERZWIAK,1.0
90,JOEL,HOWARD MIERZWIAK,1.0
90,JOEL,HOWARD MIERZWIAK,1.0
90,JOEL,HOWARD MIERZWIAK,1.0
90,JOEL,HOWARD MIERZWIAK,1.0
90,JOEL,HOWARD MIERZWIAK,1.0
91,MIERZWIAK,HOWARD MIERZWIAK,0.7
91,MARY,HOWARD MIERZWIAK,1.0
91,STAN,HOWARD MIERZWIAK,1.0
91,MIERZWIAK,HOWARD MIERZWIAK,0.7
91,MARY,HOWARD MIERZWIAK,1.0
91,MIERZWIAK,HOWARD MIERZWIAK,0.7
91,MARY,HOWARD MIERZWIAK,1.0
91,MIERZWIAK,HOWARD MIERZWIAK,0.7
91,MARY,HOWARD MIERZWIAK,1.0
91,MIERZWIAK,HOWARD MIERZWIAK,0.7
91,MARY,HOWARD MIERZWIAK,1.0
91,MIERZWIAK,HOWARD MIERZWIAK,0.7
91,MARY,HOWARD MIERZWIAK,1.0
91,MIERZWIAK,HOWARD MIERZWIAK,0.7
91,MARY,HOWARD MIERZWIAK,1.0
91,MIERZWIAK,HOWARD MIERZWIAK,0.7
91,MARY,HOWARD MIERZWIAK,1.0
91,MARY,HOWARD MIERZWIAK,1.0
91,MIERZWIAK,HOWARD MIERZWIAK,0.7
91,MARY,HOWARD MIERZWIAK,1.0
91,MIERZWIAK,HOWARD MIERZWIAK,0.7
91,MARY,HOWARD MIERZWIAK,1.0
91,MIERZWIAK,HOWARD MIERZWIAK,0.7
91,MARY,HOWARD MIERZWIAK,1.0
91,MIERZWIAK,HOWARD MIERZWIAK,0.7
91,MARY,HOWARD MIERZWIAK,1.0
91,MIERZWIAK,HOWARD MIERZWIAK,0.7
91,MARY,HOWARD MIERZWIAK,1.0
91,MIERZWIAK,HOWARD MIERZWIAK,0.7
91,MARY,HOWARD MIERZWIAK,1.0
91,STAN,HOWARD MIERZWIAK,1.0
91,STAN,HOWARD MIERZWIAK,1.0
91,MARY,HOWARD MIERZWIAK,1.0
91,STAN,HOWARD MIERZWIAK,1.0
91,MARY,HOWARD MIERZWIAK,1.0
91,HOWARD,HOWARD MIERZWIAK,1.0
91,MARY,HOWARD MIERZWIAK,1.0
91,HOWARD,HOWARD MIERZWIAK,1.0
91,MARY,HOWARD MIERZWIAK,1.0
91,ALEXANDER,HOWARD MIERZWIAK,1.0
91,ALEXANDER POPE,HOWARD MIERZWIAK,1.0
91,ALEXANDER,HOWARD MIERZWIAK,1.0
91,MARY,HOWARD MIERZWIAK,1.0
91,MARY,HOWARD MIERZWIAK,1.0
91,HOWARD,HOWARD MIERZWIAK,1.0
91,MARY,HOWARD MIERZWIAK,1.0
91,MARY,HOWARD MIERZWIAK,1.0
91,HOWARD,HOWARD MIERZWIAK,1.0
91,HOWARD,HOWARD MIERZWIAK,1.0
92,STAN,HOWARD MIERZWIAK,1.0
92,JOEL,HOWARD MIERZWIAK,1.0
92,MARY,HOWARD MIERZWIAK,1.0
92,HOWARD,HOWARD MIERZWIAK,1.0
92,STAN,HOWARD MIERZWIAK,1.0
92,MARY,HOWARD MIERZWIAK,1.0
92,MARY,HOWARD MIERZWIAK,1.0
94,MARY,HOWARD MIERZWIAK,1.0
94,MARY,HOWARD MIERZWIAK,1.0
94,MARY,HOWARD MIERZWIAK,1.0
94,HOWARD,HOWARD MIERZWIAK,1.0
95,MIERZWIAK,HOWARD MIERZWIAK,0.7
95,MIERZWIAK,HOWARD MIERZWIAK,0.7
95,MARY,HOWARD MIERZWIAK,1.0
95,HOLLIS,HOWARD MIERZWIAK,1.0
95,MARY,HOWARD MIERZWIAK,1.0
95,HOLLIS,HOWARD MIERZWIAK,1.0
95,MARY,HOWARD MIERZWIAK,1.0
95,MIERZWIAK,HOWARD MIERZWIAK,0.7
95,STAN,HOWARD MIERZWIAK,1.0
95,STAN,HOWARD MIERZWIAK,1.0
95,HOWARD,HOWARD MIERZWIAK,1.0
95,MARY,HOWARD MIERZWIAK,1.0
95,HOLLIS,HOWARD MIERZWIAK,1.0
95,MIERZWIAK,HOWARD MIERZWIAK,0.9607710444389004
95,MIERZWIAK,HOWARD MIERZWIAK,1.0
95,HOLLIS,HOWARD MIERZWIAK,1.0
95,MARY,HOWARD MIERZWIAK,1.0
95,HOWARD,HOWARD MIERZWIAK,1.0
95,STAN,HOWARD MIERZWIAK,1.0
95,MARY,HOWARD MIERZWIAK,1.0
95,HOLLIS,HOWARD MIERZWIAK,1.0
95,MARY,HOWARD MIERZWIAK,1.0
95,HOLLIS,HOWARD MIERZWIAK,1.0
95,MARY,HOWARD MIERZWIAK,1.0
95,HOWARD,HOWARD MIERZWIAK,1.0
95,HOWARD,HOWARD MIERZWIAK,1.0
95,MARY,HOWARD MIERZWIAK,1.0
95,STAN,HOWARD MIERZWIAK,1.0
95,MARY,HOWARD MIERZWIAK,1.0
96,PATRICK,HOWARD MIERZWIAK,1.0
96,CLEMENTINE,HOWARD MIERZWIAK,0.8
96,PATRICK,HOWARD MIERZWIAK,1.0
97,MARY,HOWARD MIERZWIAK,1.0
98,STAN,HOWARD MIERZWIAK,1.0
99,CLEMENTINE,HOWARD MIERZWIAK,0.8
99,JOEL,HOWARD MIERZWIAK,1.0
99,CLEMENTINE,HOWARD MIERZWIAK,1.0
99,STEPHEN DIXON,STEPHEN DIXON,1.0
99,JOEL,HOWARD MIERZWIAK,1.0
99,JOEL,HOWARD MIERZWIAK,1.0
100,JOEL,HOWARD MIERZWIAK,1.0
100,CLEMENTINE,HOWARD MIERZWIAK,0.8
100,JOEL,HOWARD MIERZWIAK,1.0
100,CLEMENTINE,HOWARD MIERZWIAK,0.8
100,JOEL,HOWARD MIERZWIAK,1.0
100,CLEMENTINE,HOWARD MIERZWIAK,0.8
100,JOEL,HOWARD MIERZWIAK,1.0
100,CLEMENTINE,HOWARD MIERZWIAK,0.8
100,JOEL,HOWARD MIERZWIAK,1.0
100,CLEMENTINE,HOWARD MIERZWIAK,0.8
100,JOEL,HOWARD MIERZWIAK,1.0
100,CLEMENTINE,HOWARD MIERZWIAK,0.8
100,CHINESE,HOWARD MIERZWIAK,0.6789971321367496
100,NAOMI,HOWARD MIERZWIAK,1.0
102,JOEL,HOWARD MIERZWIAK,1.0
102,CLEMENTINE,HOWARD MIERZWIAK,0.8
102,JOEL,HOWARD MIERZWIAK,1.0
102,CLEMENTINE,HOWARD MIERZWIAK,0.8
102,JOEL,HOWARD MIERZWIAK,1.0
102,CLEMENTINE,HOWARD MIERZWIAK,0.8
102,JOEL,HOWARD MIERZWIAK,1.0
102,JOEL,HOWARD MIERZWIAK,1.0
102,CLEMENTINE,HOWARD MIERZWIAK,0.8
102,JOEL,HOWARD MIERZWIAK,1.0
102,NAOMI,HOWARD MIERZWIAK,1.0
103,JOEL,HOWARD MIERZWIAK,1.0
103,CLEMENTINE,HOWARD MIERZWIAK,0.8
103,JOEL,HOWARD MIERZWIAK,1.0
103,CLEMENTINE,HOWARD MIERZWIAK,0.8
104,JOEL,HOWARD MIERZWIAK,1.0
104,JOEL,HOWARD MIERZWIAK,1.0
105,MIERZWIAK,HOWARD MIERZWIAK,0.7
105,MARY,HOWARD MIERZWIAK,1.0
105,MIERZWIAK,HOWARD MIERZWIAK,0.7
105,MARY,HOWARD MIERZWIAK,1.0
105,MARY,HOWARD MIERZWIAK,1.0
105,MARY,HOWARD MIERZWIAK,1.0
105,MARY,HOWARD MIERZWIAK,1.0
105,MARY,HOWARD MIERZWIAK,1.0
105,MARY,HOWARD MIERZWIAK,1.0
106,JOEL,HOWARD MIERZWIAK,1.0
106,NAOMI,HOWARD MIERZWIAK,1.0
108,NAOMI,HOWARD MIERZWIAK,1.0
109,NAOMI,HOWARD MIERZWIAK,0.8
109,JOEL,HOWARD MIERZWIAK,1.0
109,JOEL,HOWARD MIERZWIAK,1.0
109,NAOMI,HOWARD MIERZWIAK,0.8
109,JOEL,HOWARD MIERZWIAK,1.0
109,NAOMI,HOWARD MIERZWIAK,1.0
110,NAOMI,HOWARD MIERZWIAK,1.0
111,JOEL,HOWARD MIERZWIAK,1.0
111,CLEMENTINE,HOWARD MIERZWIAK,0.8
111,JOEL,HOWARD MIERZWIAK,1.0
112,NAOMI,HOWARD MIERZWIAK,0.8
112,JOEL,HOWARD MIERZWIAK,1.0
112,NAOMI,HOWARD MIERZWIAK,0.8
112,JOEL,HOWARD MIERZWIAK,1.0
112,NAOMI,HOWARD MIERZWIAK,0.8
112,JOEL,HOWARD MIERZWIAK,1.0
112,NAOMI,HOWARD MIERZWIAK,0.8
112,JOEL,HOWARD MIERZWIAK,1.0
112,NAOMI,HOWARD MIERZWIAK,0.8
112,JOEL,HOWARD MIERZWIAK,1.0
112,NAOMI,HOWARD MIERZWIAK,1.0
112,JOEL,HOWARD MIERZWIAK,1.0
112,NAOMI,HOWARD MIERZWIAK,1.0
112,JOEL,HOWARD MIERZWIAK,1.0
113,JOEL,HOWARD MIERZWIAK,1.0
113,JOEL,HOWARD MIERZWIAK,1.0
113,CLEMENTINE,HOWARD MIERZWIAK,0.8
113,JOEL,HOWARD MIERZWIAK,1.0
113,CLEMENTINE,HOWARD MIERZWIAK,0.8
113,JOEL,HOWARD MIERZWIAK,1.0
113,CLEMENTINE,HOWARD MIERZWIAK,0.8
113,JOEL,HOWARD MIERZWIAK,1.0
113,CLEMENTINE,HOWARD MIERZWIAK,0.8
113,JOEL,HOWARD MIERZWIAK,1.0
113,CLEMENTINE,HOWARD MIERZWIAK,0.8
113,JOEL,HOWARD MIERZWIAK,1.0
113,CLEMENTINE,HOWARD MIERZWIAK,0.8
113,JOEL,HOWARD MIERZWIAK,1.0
113,CLEMENTINE,HOWARD MIERZWIAK,0.8
113,JOEL,HOWARD MIERZWIAK,1.0
113,CLEMENTINE,HOWARD MIERZWIAK,0.8
113,JOEL,HOWARD MIERZWIAK,1.0
113,CLEMENTINE,HOWARD MIERZWIAK,0.8
113,JOEL,HOWARD MIERZWIAK,1.0
113,CLEMENTINE,HOWARD MIERZWIAK,0.8
113,JOEL,HOWARD MIERZWIAK,1.0
113,MARK,HOWARD MIERZWIAK,1.0
113,JOEL,HOWARD MIERZWIAK,1.0
113,JOEL,HOWARD MIERZWIAK,1.0
113,JOEL,HOWARD MIERZWIAK,1.0
113,JOEL,HOWARD MIERZWIAK,1.0
113,MALE EMPLOYEE,MALE EMPLOYEE,0.7
113,MALE EMPLOYEE,MALE EMPLOYEE,0.7
114,JOEL,HOWARD MIERZWIAK,1.0
114,CARRIE,HOWARD MIERZWIAK,1.0
114,JOEL,HOWARD MIERZWIAK,1.0
114,CARRIE,HOWARD MIERZWIAK,1.0
114,JOEL,HOWARD MIERZWIAK,1.0
114,JOEL,HOWARD MIERZWIAK,1.0
114,NAOMI,HOWARD MIERZWIAK,1.0
115,JOEL,HOWARD MIERZWIAK,1.0
116,NAOMI,HOWARD MIERZWIAK,0.8
116,JOEL,HOWARD MIERZWIAK,1.0
116,NAOMI,HOWARD MIERZWIAK,0.8
116,JOEL,HOWARD MIERZWIAK,1.0
116,NAOMI,HOWARD MIERZWIAK,0.8
116,JOEL,HOWARD MIERZWIAK,1.0
116,NAOMI,HOWARD MIERZWIAK,0.8
116,JOEL,HOWARD MIERZWIAK,1.0
116,JOEL,HOWARD MIERZWIAK,1.0
116,NAOMI,HOWARD MIERZWIAK,1.0
116,NAOMI,HOWARD MIERZWIAK,1.0
116,JOEL,HOWARD MIERZWIAK,1.0
116,NAOMI,HOWARD MIERZWIAK,1.0
116,JOEL,HOWARD MIERZWIAK,1.0
117,JOEL,HOWARD MIERZWIAK,1.0
117,NAOMI,HOWARD MIERZWIAK,0.8
117,JOEL,HOWARD MIERZWIAK,1.0
117,NAOMI,HOWARD MIERZWIAK,1.0
117,NAOMI,HOWARD MIERZWIAK,1.0
117,JOEL,HOWARD MIERZWIAK,1.0
117,NAOMI,HOWARD MIERZWIAK,0.8
117,JOEL,HOWARD MIERZWIAK,1.0
117,NAOMI,HOWARD MIERZWIAK,1.0
117,JOEL,HOWARD MIERZWIAK,1.0
117,NAOMI,HOWARD MIERZWIAK,1.0
118,CARRIE,HOWARD MIERZWIAK,1.0
118,JOEL,HOWARD MIERZWIAK,1.0
118,JOEL,HOWARD MIERZWIAK,1.0
118,CARRIE,HOWARD MIERZWIAK,1.0
118,JOEL,HOWARD MIERZWIAK,1.0
118,CARRIE,HOWARD MIERZWIAK,1.0
118,JOEL,HOWARD MIERZWIAK,1.0
118,CARRIE,HOWARD MIERZWIAK,1.0
118,JOEL,HOWARD MIERZWIAK,1.0
118,NAOMI,HOWARD MIERZWIAK,1.0
118,JOEL,HOWARD MIERZWIAK,1.0
118,JOEL,HOWARD MIERZWIAK,1.0
118,JOEL,HOWARD MIERZWIAK,1.0
119,CARRIE,HOWARD MIERZWIAK,1.0
119,JOEL,HOWARD MIERZWIAK,1.0
119,JOEL,HOWARD MIERZWIAK,1.0
120,JOEL,HOWARD MIERZWIAK,1.0
121,CARRIE,HOWARD MIERZWIAK,1.0
121,JOEL,HOWARD MIERZWIAK,1.0
122,JOEL,HOWARD MIERZWIAK,1.0
122,ROB,HOWARD MIERZWIAK,1.0
123,JOEL,HOWARD MIERZWIAK,1.0
123,JOEL,HOWARD MIERZWIAK,1.0
123,JOEL,HOWARD MIERZWIAK,1.0
123,CLEMENTINE,HOWARD MIERZWIAK,0.8
123,JOEL,HOWARD MIERZWIAK,1.0
123,JOEL,HOWARD MIERZWIAK,1.0
123,CLEMENTINE,HOWARD MIERZWIAK,0.8
123,JOEL,HOWARD MIERZWIAK,1.0
123,CLEMENTINE,HOWARD MIERZWIAK,0.8
123,JOEL,HOWARD MIERZWIAK,1.0
123,CLEMENTINE,HOWARD MIERZWIAK,0.8
123,CLEMENTINE,HOWARD MIERZWIAK,1.0
123,JOEL,HOWARD MIERZWIAK,1.0
123,CLEMENTINE,HOWARD MIERZWIAK,0.8
123,JOEL,HOWARD MIERZWIAK,1.0
123,CLEMENTINE,HOWARD MIERZWIAK,0.8
123,JOEL,HOWARD MIERZWIAK,1.0
123,JOEL,HOWARD MIERZWIAK,1.0
123,CLEMENTINE,HOWARD MIERZWIAK,0.8
123,JOEL,HOWARD MIERZWIAK,1.0
123,CLEMENTINE,HOWARD MIERZWIAK,1.0
123,JOEL,HOWARD MIERZWIAK,1.0
123,CLEMENTINE,HOWARD MIERZWIAK,0.8
123,JOEL,HOWARD MIERZWIAK,1.0
123,CLEMENTINE,HOWARD MIERZWIAK,0.8
123,JOEL,HOWARD MIERZWIAK,1.0
123,CLEMENTINE,HOWARD MIERZWIAK,0.8
123,JOEL,HOWARD MIERZWIAK,1.0
123,JOEL,HOWARD MIERZWIAK,1.0
123,CLEMENTINE,HOWARD MIERZWIAK,0.8
123,JOEL,HOWARD MIERZWIAK,1.0
123,CLEMENTINE,HOWARD MIERZWIAK,0.8
123,JOEL,HOWARD MIERZWIAK,1.0
123,CLEMENTINE,HOWARD MIERZWIAK,0.8
123,JOEL,HOWARD MIERZWIAK,1.0
123,CLEMENTINE,HOWARD MIERZWIAK,0.8
123,JOEL,HOWARD MIERZWIAK,1.0
123,CLEMENTINE,HOWARD MIERZWIAK,0.8
123,JOEL,HOWARD MIERZWIAK,1.0
123,CLEMENTINE,HOWARD MIERZWIAK,0.8
123,JOEL,HOWARD MIERZWIAK,1.0
123,CLEMENTINE,HOWARD MIERZWIAK,0.8
123,JOEL,HOWARD MIERZWIAK,1.0
123,CLEMENTINE,HOWARD MIERZWIAK,0.8
123,JOEL,HOWARD MIERZWIAK,1.0
123,CLEMENTINE,HOWARD MIERZWIAK,0.8
123,CLEMENTINE,HOWARD MIERZWIAK,1.0
123,JOEL,HOWARD MIERZWIAK,1.0
123,CLEMENTINE,HOWARD MIERZWIAK,0.8
123,CLEMENTINE,HOWARD MIERZWIAK,1.0
123,JOEL,HOWARD MIERZWIAK,1.0
123,CLEMENTINE,HOWARD MIERZWIAK,0.8
123,JOEL,HOWARD MIERZWIAK,1.0
123,CLEMENTINE,HOWARD MIERZWIAK,0.8
123,CLEMENTINE,HOWARD MIERZWIAK,1.0
123,JOEL,HOWARD MIERZWIAK,1.0
123,CLEMENTINE,HOWARD MIERZWIAK,0.8
123,CLEMENTINE,HOWARD MIERZWIAK,1.0
123,JOEL,HOWARD MIERZWIAK,1.0
123,CLEMENTINE,HOWARD MIERZWIAK,0.8
123,JOEL,HOWARD MIERZWIAK,1.0
123,CLEMENTINE,HOWARD MIERZWIAK,1.0
123,JOEL,HOWARD MIERZWIAK,1.0
123,CLEMENTINE,HOWARD MIERZWIAK,0.8
123,CLEMENTINE,HOWARD MIERZWIAK,1.0
123,JOEL,HOWARD MIERZWIAK,1.0
123,ROB,HOWARD MIERZWIAK,1.0
123,JOEL,HOWARD MIERZWIAK,1.0
123,JOEL,HOWARD MIERZWIAK,1.0
123,GREEN,HOWARD MIERZWIAK,1.0
123,JOEL,HOWARD MIERZWIAK,1.0
123,JOEL,HOWARD MIERZWIAK,1.0
123,HOUND,HOWARD MIERZWIAK,0.9456879573483623
123,JOEL,HOWARD MIERZWIAK,1.0
123,JOEL,HOWARD MIERZWIAK,1.0
123,JOEL,HOWARD MIERZWIAK,1.0
123,JOEL,HOWARD MIERZWIAK,1.0
123,JOEL,HOWARD MIERZWIAK,1.0
123,JOEL,HOWARD MIERZWIAK,1.0
123,JOEL,HOWARD MIERZWIAK,1.0
124,JOEL,HOWARD MIERZWIAK,1.0
124,CLEMENTINE,HOWARD MIERZWIAK,0.8
124,JOEL,HOWARD MIERZWIAK,1.0
124,CLEMENTINE,HOWARD MIERZWIAK,0.8
124,JOEL,HOWARD MIERZWIAK,1.0
124,CLEMENTINE,HOWARD MIERZWIAK,0.8
124,JOEL,HOWARD MIERZWIAK,1.0
124,CLEMENTINE,HOWARD MIERZWIAK,0.8
124,JOEL,HOWARD MIERZWIAK,1.0
124,CLEMENTINE,HOWARD MIERZWIAK,1.0
124,JOEL,HOWARD MIERZWIAK,1.0
124,CLEMENTINE,HOWARD MIERZWIAK,1.0
124,JOEL,HOWARD MIERZWIAK,1.0
124,CLEMENTINE,HOWARD MIERZWIAK,0.8
124,CLEMENTINE,HOWARD MIERZWIAK,1.0
124,JOEL,HOWARD MIERZWIAK,1.0
124,CLEMENTINE,HOWARD MIERZWIAK,0.8
124,JOEL,HOWARD MIERZWIAK,1.0
124,NAOMI,HOWARD MIERZWIAK,1.0
124,NAOMI,HOWARD MIERZWIAK,1.0
124,AH,AH,1.0
124,DAVID,HOWARD MIERZWIAK,1.0
124,JOEL,HOWARD MIERZWIAK,1.0
125,JOEL,HOWARD MIERZWIAK,1.0
126,CARRIE,HOWARD MIERZWIAK,1.0
126,ROB,HOWARD MIERZWIAK,1.0
126,JOEL,HOWARD MIERZWIAK,1.0
126,JOEL,HOWARD MIERZWIAK,1.0
126,ROB,HOWARD MIERZWIAK,1.0
127,HOWARD,HOWARD MIERZWIAK,1.0
127,HOLLIS,HOWARD MIERZWIAK,1.0
127,HOWARD,HOWARD MIERZWIAK,1.0
127,STAN,HOWARD MIERZWIAK,1.0
127,STAN,HOWARD MIERZWIAK,1.0
127,JOEL,HOWARD MIERZWIAK,1.0
127,HOWARD,HOWARD MIERZWIAK,1.0
127,HOWARD,HOWARD MIERZWIAK,1.0
128,STAN,HOWARD MIERZWIAK,1.0
128,MIERZWIAK,HOWARD MIERZWIAK,0.7
128,STAN,HOWARD MIERZWIAK,1.0
128,HOWARD,HOWARD MIERZWIAK,1.0
128,HOWARD,HOWARD MIERZWIAK,1.0
128,STAN,HOWARD MIERZWIAK,1.0
129,PATRICK,HOWARD MIERZWIAK,1.0
129,PATRICK,HOWARD MIERZWIAK,1.0
129,PATRICK,HOWARD MIERZWIAK,1.0
129,PATRICK,HOWARD MIERZWIAK,1.0
129,MARY,HOWARD MIERZWIAK,1.0
129,MARY,HOWARD MIERZWIAK,1.0
129,PATRICK,HOWARD MIERZWIAK,1.0
129,MARY,HOWARD MIERZWIAK,1.0
129,MARY,HOWARD MIERZWIAK,1.0
130,STAN,HOWARD MIERZWIAK,1.0
130,MARY,HOWARD MIERZWIAK,1.0
130,STAN,HOWARD MIERZWIAK,1.0
130,MARY,HOWARD MIERZWIAK,1.0
130,STAN,HOWARD MIERZWIAK,1.0
130,STAN,HOWARD MIERZWIAK,1.0
130,MARY,HOWARD MIERZWIAK,1.0
130,STAN,HOWARD MIERZWIAK,1.0
130,MARY,HOWARD MIERZWIAK,1.0
130,STAN,HOWARD MIERZWIAK,1.0
130,STAN,HOWARD MIERZWIAK,1.0
130,MARY,HOWARD MIERZWIAK,1.0
130,STAN,HOWARD MIERZWIAK,1.0
130,MARY,HOWARD MIERZWIAK,1.0
130,MARY,HOWARD MIERZWIAK,1.0
130,STAN,HOWARD MIERZWIAK,1.0
130,MARY,HOWARD MIERZWIAK,1.0
130,MARY,HOWARD MIERZWIAK,1.0
130,MARY,HOWARD MIERZWIAK,1.0
130,MARY,HOWARD MIERZWIAK,1.0
130,STAN,HOWARD MIERZWIAK,1.0
131,JOEL,HOWARD MIERZWIAK,1.0
132,JOEL,HOWARD MIERZWIAK,1.0
132,JOEL,HOWARD MIERZWIAK,1.0
133,JOEL,HOWARD MIERZWIAK,1.0
133,NAOMI,HOWARD MIERZWIAK,1.0
134,MARY,HOWARD MIERZWIAK,1.0
135,MARY,HOWARD MIERZWIAK,1.0
135,MARY,HOWARD MIERZWIAK,1.0
135,MIERZWIAK,HOWARD MIERZWIAK,0.7
135,MARY,HOWARD MIERZWIAK,1.0
135,MIERZWIAK,HOWARD MIERZWIAK,0.7
135,MARY,HOWARD MIERZWIAK,1.0
135,MIERZWIAK,HOWARD MIERZWIAK,0.7
135,MARY,HOWARD MIERZWIAK,1.0
135,MIERZWIAK,HOWARD MIERZWIAK,0.7
135,MARY,HOWARD MIERZWIAK,1.0
135,HOWARD,HOWARD MIERZWIAK,1.0
135,MARY,HOWARD MIERZWIAK,1.0
135,MARY,HOWARD MIERZWIAK,1.0
136,NAOMI,HOWARD MIERZWIAK,0.8
136,JOEL,HOWARD MIERZWIAK,1.0
136,NAOMI,HOWARD MIERZWIAK,0.8
136,JOEL,HOWARD MIERZWIAK,1.0
136,NAOMI,HOWARD MIERZWIAK,0.8
136,JOEL,HOWARD MIERZWIAK,1.0
136,NAOMI,HOWARD MIERZWIAK,0.8
136,JOEL,HOWARD MIERZWIAK,1.0
136,NAOMI,HOWARD MIERZWIAK,0.8
136,JOEL,HOWARD MIERZWIAK,1.0
136,NAOMI,HOWARD MIERZWIAK,0.8
137,JOEL,HOWARD MIERZWIAK,1.0
137,NAOMI,HOWARD MIERZWIAK,0.8
138,PATRICK,HOWARD MIERZWIAK,1.0
139,JOEL,HOWARD MIERZWIAK,1.0
139,JOEL,HOWARD MIERZWIAK,1.0
140,MARY,HOWARD MIERZWIAK,1.0
140,JOEL,HOWARD MIERZWIAK,1.0
141,CLEMENTINE,HOWARD MIERZWIAK,0.8
141,JOEL,HOWARD MIERZWIAK,1.0
141,CLEMENTINE,HOWARD MIERZWIAK,0.8
141,JOEL,HOWARD MIERZWIAK,1.0
141,CLEMENTINE,HOWARD MIERZWIAK,0.8
141,JOEL,HOWARD MIERZWIAK,1.0
141,JOEL,HOWARD MIERZWIAK,1.0
141,JOEL,HOWARD MIERZWIAK,1.0
141,JOEL,HOWARD MIERZWIAK,1.0
142,JOEL,HOWARD MIERZWIAK,1.0
142,NAOMI,HOWARD MIERZWIAK,0.8
142,JOEL,HOWARD MIERZWIAK,1.0
142,NAOMI,HOWARD MIERZWIAK,0.8
142,JOEL,HOWARD MIERZWIAK,1.0
142,NAOMI,HOWARD MIERZWIAK,0.8
142,JOEL,HOWARD MIERZWIAK,1.0
142,NAOMI,HOWARD MIERZWIAK,0.8
142,JOEL,HOWARD MIERZWIAK,1.0
142,NAOMI,HOWARD MIERZWIAK,0.8
142,JOEL,HOWARD MIERZWIAK,1.0
142,NAOMI,HOWARD MIERZWIAK,0.8
142,JOEL,HOWARD MIERZWIAK,1.0
142,NAOMI,HOWARD MIERZWIAK,0.8
142,JOEL,HOWARD MIERZWIAK,1.0
142,NAOMI,HOWARD MIERZWIAK,0.8
142,CLEMENTINE,HOWARD MIERZWIAK,0.8
142,JOEL,HOWARD MIERZWIAK,1.0
142,CLEMENTINE,HOWARD MIERZWIAK,0.8
142,JOEL,HOWARD MIERZWIAK,1.0
142,CLEMENTINE,HOWARD MIERZWIAK,0.8
142,JOEL,HOWARD MIERZWIAK,1.0
142,CLEMENTINE,HOWARD MIERZWIAK,0.8
142,JOEL,HOWARD MIERZWIAK,1.0
142,NAOMI,HOWARD MIERZWIAK,0.9686392653720083
142,JOEL,HOWARD MIERZWIAK,1.0
142,NAOMI,HOWARD MIERZWIAK,0.9685499426220553
142,JOEL,HOWARD MIERZWIAK,1.0
142,JOEL,HOWARD MIERZWIAK,1.0
143,CLEMENTINE,HOWARD MIERZWIAK,0.8
143,JOEL,HOWARD MIERZWIAK,1.0
143,JOEL,HOWARD MIERZWIAK,1.0
143,CLEMENTINE,HOWARD MIERZWIAK,0.8
143,JOEL,HOWARD MIERZWIAK,1.0
143,CLEMENTINE,HOWARD MIERZWIAK,0.8
143,JOEL,HOWARD MIERZWIAK,1.0
143,CLEMENTINE,HOWARD MIERZWIAK,0.8
143,JOEL,HOWARD MIERZWIAK,1.0
143,CLEMENTINE,HOWARD MIERZWIAK,0.8
143,JOEL,HOWARD MIERZWIAK,1.0
143,CLEMENTINE,HOWARD MIERZWIAK,0.8
143,JOEL,HOWARD MIERZWIAK,1.0
143,CLEMENTINE,HOWARD MIERZWIAK,0.8
143,JOEL,HOWARD MIERZWIAK,1.0
143,CLEMENTINE,HOWARD MIERZWIAK,0.8
143,JOEL,HOWARD MIERZWIAK,1.0
143,CLEMENTINE,HOWARD MIERZWIAK,0.8
143,JOEL,HOWARD MIERZWIAK,1.0
143,CLEMENTINE,HOWARD MIERZWIAK,0.8
143,JOEL,HOWARD MIERZWIAK,1.0
143,CLEMENTINE,HOWARD MIERZWIAK,0.8
143,JOEL,HOWARD MIERZWIAK,1.0
143,JOEL,HOWARD MIERZWIAK,1.0
143,JOEL,HOWARD MIERZWIAK,1.0
143,LISTEN,HOWARD MIERZWIAK,0.7603124899218207
143,JOEL,HOWARD MIERZWIAK,1.0
144,JOEL,HOWARD MIERZWIAK,1.0
145,CLEMENTINE,HOWARD MIERZWIAK,0.8
145,JOEL,HOWARD MIERZWIAK,1.0
145,CLEMENTINE,HOWARD MIERZWIAK,0.8
145,JOEL,HOWARD MIERZWIAK,1.0
145,CLEMENTINE,HOWARD MIERZWIAK,0.8
145,JOEL,HOWARD MIERZWIAK,1.0
145,CLEMENTINE,HOWARD MIERZWIAK,0.8
145,JOEL,HOWARD MIERZWIAK,1.0
145,JOEL,HOWARD MIERZWIAK,1.0
146,CARRIE,HOWARD MIERZWIAK,1.0
146,JOEL,HOWARD MIERZWIAK,1.0
147,JOEL,HOWARD MIERZWIAK,1.0
147,CLEMENTINE,HOWARD MIERZWIAK,0.8
147,JOEL,HOWARD MIERZWIAK,1.0
147,CLEMENTINE,HOWARD MIERZWIAK,0.8
147,JOEL,HOWARD MIERZWIAK,1.0
147,JOEL,HOWARD MIERZWIAK,1.0
147,JOEL,HOWARD MIERZWIAK,1.0
147,JOEL,HOWARD MIERZWIAK,1.0
148,CLEMENTINE,HOWARD MIERZWIAK,0.8
148,JOEL,HOWARD MIERZWIAK,1.0
148,CLEMENTINE,HOWARD MIERZWIAK,0.8
148,JOEL,HOWARD MIERZWIAK,1.0
148,CLEMENTINE,HOWARD MIERZWIAK,0.8
148,JOEL,HOWARD MIERZWIAK,1.0
148,CLEMENTINE,HOWARD MIERZWIAK,0.8
148,JOEL,HOWARD MIERZWIAK,1.0
148,CLEMENTINE,HOWARD MIERZWIAK,0.8
148,JOEL,HOWARD MIERZWIAK,1.0
148,CLEMENTINE,HOWARD MIERZWIAK,0.8
148,JOEL,HOWARD MIERZWIAK,1.0
148,CLEMENTINE,HOWARD MIERZWIAK,0.8
148,CLEMENTINE,HOWARD MIERZWIAK,1.0
148,CLEMENTINE,HOWARD MIERZWIAK,1.0
148,JOEL,HOWARD MIERZWIAK,1.0
148,JOEL,HOWARD MIERZWIAK,1.0
149,RECEPTIONIST,HOWARD MIERZWIAK,0.8
149,STAN,HOWARD MIERZWIAK,1.0
149,RECEPTIONIST,HOWARD MIERZWIAK,0.8
149,STAN,HOWARD MIERZWIAK,1.0
149,STAN,HOWARD MIERZWIAK,1.0
149,HOWARD I,HOWARD MIERZWIAK,1.0
149,MIERZWIAK,HOWARD MIERZWIAK,1.0
149,STAN,HOWARD MIERZWIAK,1.0
149,STAN,HOWARD MIERZWIAK,1.0
150,MIERZWIAK,HOWARD MIERZWIAK,0.7
150,STAN,HOWARD MIERZWIAK,1.0
150,MIERZWIAK,HOWARD MIERZWIAK,0.7
150,STAN,HOWARD MIERZWIAK,1.0
150,YOUNG WOMAN,YOUNG WOMAN,1.0
150,MIERZWIAK,HOWARD MIERZWIAK,0.7
150,YOUNG WOMAN,YOUNG WOMAN,1.0
150,PATRICK,HOWARD MIERZWIAK,1.0
150,MIERZWIAK,HOWARD MIERZWIAK,0.7
150,STAN,HOWARD MIERZWIAK,1.0
150,MIERZWIAK,HOWARD MIERZWIAK,1.0
150,STAN,HOWARD MIERZWIAK,1.0
150,HOWARD,HOWARD MIERZWIAK,1.0
150,MARY,HOWARD MIERZWIAK,1.0
150,PATRICK,HOWARD MIERZWIAK,1.0
150,STAN,HOWARD MIERZWIAK,1.0
150,STAN,HOWARD MIERZWIAK,1.0
150,MARY,HOWARD MIERZWIAK,1.0
151,JOEL,HOWARD MIERZWIAK,1.0
151,CLEMENTINE,HOWARD MIERZWIAK,0.8
151,JOEL,HOWARD MIERZWIAK,1.0
151,CLEMENTINE,HOWARD MIERZWIAK,0.8
151,JOEL,HOWARD MIERZWIAK,1.0
151,CLEMENTINE,HOWARD MIERZWIAK,0.8
151,JOEL,HOWARD MIERZWIAK,1.0
151,CLEMENTINE,HOWARD MIERZWIAK,0.8
151,JOEL,HOWARD MIERZWIAK,1.0
151,CLEMENTINE,HOWARD MIERZWIAK,0.8
151,JOEL,HOWARD MIERZWIAK,1.0
151,CLEMENTINE,HOWARD MIERZWIAK,0.8
151,JOEL,HOWARD MIERZWIAK,1.0
151,CLEMENTINE,HOWARD MIERZWIAK,0.8
151,MEET,HOWARD MIERZWIAK,0.8141451878808915
152,MARY,HOWARD MIERZWIAK,1.0
152,STAN,HOWARD MIERZWIAK,1.0
152,MARY,HOWARD MIERZWIAK,1.0
152,STAN,HOWARD MIERZWIAK,1.0
152,STAN,HOWARD MIERZWIAK,1.0
152,MARY,HOWARD MIERZWIAK,1.0
152,STAN,HOWARD MIERZWIAK,1.0
152,MARY,HOWARD MIERZWIAK,1.0
152,STAN,HOWARD MIERZWIAK,1.0
152,MARY,HOWARD MIERZWIAK,1.0
152,STAN,HOWARD MIERZWIAK,1.0
152,MARY,HOWARD MIERZWIAK,1.0
152,STAN,HOWARD MIERZWIAK,1.0
152,MARY,HOWARD MIERZWIAK,1.0
152,STAN,HOWARD MIERZWIAK,1.0
152,MARY,HOWARD MIERZWIAK,1.0
152,MARY,HOWARD MIERZWIAK,1.0
152,STAN,HOWARD MIERZWIAK,1.0
152,STAN,HOWARD MIERZWIAK,1.0
152,STAN,HOWARD MIERZWIAK,1.0
152,STAN,HOWARD MIERZWIAK,1.0
152,MARY,HOWARD MIERZWIAK,1.0
152,MARY,HOWARD MIERZWIAK,1.0
152,MARY,HOWARD MIERZWIAK,1.0
152,STAN,HOWARD MIERZWIAK,1.0
153,SAD WOMAN,SAD WOMAN,0.7
153,MAN,HOWARD MIERZWIAK,1.0
153,MAN,HOWARD MIERZWIAK,1.0
153,MAN,HOWARD MIERZWIAK,1.0
153,SAD WOMAN,SAD WOMAN,0.7
153,SAD WOMAN,SAD WOMAN,0.7
153,MAN,HOWARD MIERZWIAK,0.7
154,MARY,HOWARD MIERZWIAK,1.0
154,MARY,HOWARD MIERZWIAK,1.0
154,MARY,HOWARD MIERZWIAK,1.0
154,SAD WOMAN,SAD WOMAN,0.7
154,MARY,HOWARD MIERZWIAK,1.0
154,MARY,HOWARD MIERZWIAK,1.0
154,HOWARD,HOWARD MIERZWIAK,1.0
156,MAN,HOWARD MIERZWIAK,1.0
156,MARY,HOWARD MIERZWIAK,1.0
158,OLD MAN,HOWARD MIERZWIAK,1.0
158,SECOND OLD WOMAN,SECOND OLD WOMAN,1.0
158,MARY,HOWARD MIERZWIAK,1.0
158,HOWARD,HOWARD MIERZWIAK,1.0
158,HOWARD,HOWARD MIERZWIAK,1.0
158,MARY,HOWARD MIERZWIAK,1.0
158,OLD WOMAN,SECOND OLD WOMAN,0.7
158,OLD MAN,HOWARD MIERZWIAK,0.7
158,OLD WOMAN,SECOND OLD WOMAN,0.7
158,OLD WOMAN,SECOND OLD WOMAN,0.7
158,OLD WOMAN,SECOND OLD WOMAN,0.7
159,HOWARD,HOWARD MIERZWIAK,1.0
159,MARY,HOWARD MIERZWIAK,1.0
159,MIERZWIAK,HOWARD MIERZWIAK,1.0
159,HOWARD,HOWARD MIERZWIAK,1.0
159,KRUCZYNSKI,HOWARD MIERZWIAK,1.0
159,JOEL BARISH,HOWARD MIERZWIAK,1.0
159,OLD WOMAN,SECOND OLD WOMAN,0.7
159,OLD MAN,HOWARD MIERZWIAK,0.7
159,OLD MAN,HOWARD MIERZWIAK,0.7
159,OLD MAN,HOWARD MIERZWIAK,0.7
159,OLD WOMAN,SECOND OLD WOMAN,0.7
160,OLD WOMAN,SECOND OLD WOMAN,0.7
161,OLD WOMAN,SECOND OLD WOMAN,0.7
161,OLD WOMAN,SECOND OLD WOMAN,0.7
162,OLD WOMAN,SECOND OLD WOMAN,0.7
163,OLD MAN,HOWARD MIERZWIAK,1.0
SceneOrderNumber,SceneNumber,RawName,CanonicalName,Confidence
1,RECEPTIONIST,HOWARD MIERZWIAK,0.8
1,OLD WOMAN,SECOND OLD WOMAN,0.7
1,RECEPTIONIST,HOWARD MIERZWIAK,0.8
1,OLD WOMAN,SECOND OLD WOMAN,0.7
1,RECEPTIONIST,HOWARD MIERZWIAK,0.8
1,RECEPTIONIST,HOWARD MIERZWIAK,0.8
1,OLD WOMAN,SECOND OLD WOMAN,0.7
1,RECEPTIONIST,HOWARD MIERZWIAK,0.8
4,MARY,HOWARD MIERZWIAK,1.0
4,CLEMENTINE,HOWARD MIERZWIAK,0.8
4,MARY,HOWARD MIERZWIAK,1.0
4,MARY,HOWARD MIERZWIAK,1.0
4,CLEMENTINE,HOWARD MIERZWIAK,1.0
4,MIERZWIAK,HOWARD MIERZWIAK,0.9199343476942892
5,MIERZWIAK,HOWARD MIERZWIAK,0.95
5,MARY,HOWARD MIERZWIAK,1.0
5,MIERZWIAK,HOWARD MIERZWIAK,0.7
5,MIERZWIAK,HOWARD MIERZWIAK,0.95
5,MARY,HOWARD MIERZWIAK,1.0
5,MIERZWIAK,HOWARD MIERZWIAK,0.7
5,MARY,HOWARD MIERZWIAK,1.0
5,MIERZWIAK,HOWARD MIERZWIAK,0.7
5,MARY,HOWARD MIERZWIAK,1.0
5,STAN,HOWARD MIERZWIAK,1.0
5,MARY,HOWARD MIERZWIAK,1.0
5,STAN,HOWARD MIERZWIAK,1.0
5,MARY,HOWARD MIERZWIAK,1.0
5,STAN,HOWARD MIERZWIAK,1.0
5,MARY,HOWARD MIERZWIAK,1.0
5,STAN,HOWARD MIERZWIAK,1.0
5,MARY,HOWARD MIERZWIAK,1.0
5,STAN,HOWARD MIERZWIAK,1.0
5,MARY,HOWARD MIERZWIAK,1.0
5,STAN,HOWARD MIERZWIAK,1.0
5,MARY,HOWARD MIERZWIAK,1.0
5,MARY,HOWARD MIERZWIAK,1.0
5,CLEMENTINE,HOWARD MIERZWIAK,1.0
5,MARY,HOWARD MIERZWIAK,1.0
5,CLEMENTINE,HOWARD MIERZWIAK,0.8
5,MARY,HOWARD MIERZWIAK,1.0
5,MIERZWIAK,HOWARD MIERZWIAK,0.7
5,MARY,HOWARD MIERZWIAK,1.0
5,HOWARD MIERZWIAK,HOWARD MIERZWIAK,1.0
5,HOWARD,HOWARD MIERZWIAK,1.0
5,MIERZWIAK,HOWARD MIERZWIAK,0.8088404687937678
5,COLE,HOWARD MIERZWIAK,1.0
5,HOWARD,HOWARD MIERZWIAK,1.0
5,STAN,HOWARD MIERZWIAK,1.0
5,STAN,HOWARD MIERZWIAK,1.0
5,STAN,HOWARD MIERZWIAK,1.0
5,MARY,HOWARD MIERZWIAK,1.0
5,KRUCZYNSKI,HOWARD MIERZWIAK,1.0
5,MARY,HOWARD MIERZWIAK,1.0
5,KRUCZYNSKI,HOWARD MIERZWIAK,1.0
5,MARY,HOWARD MIERZWIAK,1.0
6,MIERZWIAK,HOWARD MIERZWIAK,0.7
6,CLEMENTINE,HOWARD MIERZWIAK,0.8
6,MIERZWIAK,HOWARD MIERZWIAK,0.7
6,CLEMENTINE,HOWARD MIERZWIAK,0.8
6,CLEMENTINE,HOWARD MIERZWIAK,1.0
6,MIERZWIAK,HOWARD MIERZWIAK,0.7
6,CLEMENTINE,HOWARD MIERZWIAK,0.8
6,CLEMENTINE,HOWARD MIERZWIAK,1.0
6,MIERZWIAK,HOWARD MIERZWIAK,0.7
6,CLEMENTINE,HOWARD MIERZWIAK,0.8
7,JOEL,HOWARD MIERZWIAK,1.0
7,JOEL,HOWARD MIERZWIAK,1.0
8,JOEL,HOWARD MIERZWIAK,1.0
8,JOEL,HOWARD MIERZWIAK,1.0
8,JOEL,HOWARD MIERZWIAK,1.0
9,JOEL,HOWARD MIERZWIAK,1.0
9,JOEL,HOWARD MIERZWIAK,1.0
9,NAOMI,HOWARD MIERZWIAK,0.9302012967469924
9,JOEL,HOWARD MIERZWIAK,1.0
9,JOEL,HOWARD MIERZWIAK,1.0
9,JOEL,HOWARD MIERZWIAK,1.0
10,WAITRESS,HOWARD MIERZWIAK,0.8
10,CLEMENTINE,HOWARD MIERZWIAK,0.8
10,WAITRESS,HOWARD MIERZWIAK,0.8
10,CLEMENTINE,HOWARD MIERZWIAK,0.8
10,CLEMENTINE,HOWARD MIERZWIAK,1.0
10,WAITRESS,HOWARD MIERZWIAK,0.8
10,CLEMENTINE,HOWARD MIERZWIAK,0.8
10,JOEL,HOWARD MIERZWIAK,1.0
10,CLEMENTINE,HOWARD MIERZWIAK,1.0
10,JOEL,HOWARD MIERZWIAK,1.0
10,JOEL,HOWARD MIERZWIAK,1.0
10,JOEL,HOWARD MIERZWIAK,1.0
10,JOEL,HOWARD MIERZWIAK,1.0
11,JOEL,HOWARD MIERZWIAK,1.0
11,JOEL,HOWARD MIERZWIAK,1.0
12,CLEMENTINE,HOWARD MIERZWIAK,1.0
12,JOEL,HOWARD MIERZWIAK,1.0
12,JOEL,HOWARD MIERZWIAK,1.0
13,CLEMENTINE,HOWARD MIERZWIAK,0.8
13,JOEL,HOWARD MIERZWIAK,1.0
13,CLEMENTINE,HOWARD MIERZWIAK,0.8
13,JOEL,HOWARD MIERZWIAK,1.0
13,CLEMENTINE,HOWARD MIERZWIAK,0.8
13,JOEL,HOWARD MIERZWIAK,1.0
13,CLEMENTINE,HOWARD MIERZWIAK,0.8
13,JOEL,HOWARD MIERZWIAK,1.0
13,CLEMENTINE,HOWARD MIERZWIAK,0.8
13,JOEL,HOWARD MIERZWIAK,1.0
13,CLEMENTINE,HOWARD MIERZWIAK,0.8
13,JOEL,HOWARD MIERZWIAK,1.0
13,CLEMENTINE,HOWARD MIERZWIAK,0.8
13,JOEL,HOWARD MIERZWIAK,1.0
13,CLEMENTINE,HOWARD MIERZWIAK,0.8
13,JOEL,HOWARD MIERZWIAK,1.0
13,CLEMENTINE,HOWARD MIERZWIAK,0.8
13,CLEMENTINE,HOWARD MIERZWIAK,0.8
13,JOEL,HOWARD MIERZWIAK,1.0
13,CLEMENTINE,HOWARD MIERZWIAK,0.8
13,JOEL,HOWARD MIERZWIAK,1.0
13,CLEMENTINE,HOWARD MIERZWIAK,0.8
13,JOEL,HOWARD MIERZWIAK,1.0
13,CLEMENTINE,HOWARD MIERZWIAK,0.8
13,JOEL,HOWARD MIERZWIAK,1.0
13,CLEMENTINE,HOWARD MIERZWIAK,0.8
13,JOEL,HOWARD MIERZWIAK,1.0
13,CLEMENTINE,HOWARD MIERZWIAK,0.8
13,JOEL,HOWARD MIERZWIAK,1.0
13,CLEMENTINE,HOWARD MIERZWIAK,0.8
13,JOEL,HOWARD MIERZWIAK,1.0
13,CLEMENTINE,HOWARD MIERZWIAK,0.8
13,JOEL,HOWARD MIERZWIAK,1.0
13,CLEMENTINE,HOWARD MIERZWIAK,0.8
13,JOEL,HOWARD MIERZWIAK,1.0
13,CLEMENTINE,HOWARD MIERZWIAK,0.8
13,JOEL,HOWARD MIERZWIAK,1.0
13,CLEMENTINE,HOWARD MIERZWIAK,0.8
13,JOEL,HOWARD MIERZWIAK,1.0
13,CLEMENTINE,HOWARD MIERZWIAK,0.8
13,JOEL,HOWARD MIERZWIAK,1.0
13,CLEMENTINE,HOWARD MIERZWIAK,0.8
13,JOEL,HOWARD MIERZWIAK,1.0
13,CLEMENTINE,HOWARD MIERZWIAK,0.8
13,JOEL,HOWARD MIERZWIAK,1.0
13,CLEMENTINE,HOWARD MIERZWIAK,0.8
13,CLEMENTINE,HOWARD MIERZWIAK,1.0
13,JOEL,HOWARD MIERZWIAK,1.0
13,CLEMENTINE,HOWARD MIERZWIAK,0.8
13,JOEL,HOWARD MIERZWIAK,1.0
13,CLEMENTINE,HOWARD MIERZWIAK,0.8
13,JOEL,HOWARD MIERZWIAK,1.0
13,CLEMENTINE,HOWARD MIERZWIAK,0.8
13,JOEL,HOWARD MIERZWIAK,1.0
13,CLEMENTINE,HOWARD MIERZWIAK,0.8
13,JOEL,HOWARD MIERZWIAK,1.0
13,CLEMENTINE,HOWARD MIERZWIAK,0.8
13,JOEL,HOWARD MIERZWIAK,1.0
13,CLEMENTINE,HOWARD MIERZWIAK,0.8
13,JOEL,HOWARD MIERZWIAK,1.0
13,CLEMENTINE,HOWARD MIERZWIAK,0.8
13,JOEL,HOWARD MIERZWIAK,1.0
13,CLEMENTINE,HOWARD MIERZWIAK,0.8
13,CLEMENTINE,HOWARD MIERZWIAK,0.8
13,CLEMENTINE,HOWARD MIERZWIAK,1.0
13,CLEMENTINE,HOWARD MIERZWIAK,1.0
13,CLEMENTINE,HOWARD MIERZWIAK,1.0
13,JOEL,HOWARD MIERZWIAK,1.0
13,CLEMENTINE,HOWARD MIERZWIAK,0.8
13,CLEMENTINE,HOWARD MIERZWIAK,1.0
13,CLEMENTINE,HOWARD MIERZWIAK,0.8
13,JOEL,HOWARD MIERZWIAK,1.0
13,CLEMENTINE,HOWARD MIERZWIAK,0.8
13,JOEL,HOWARD MIERZWIAK,1.0
13,CLEMENTINE,HOWARD MIERZWIAK,0.8
13,JOEL,HOWARD MIERZWIAK,1.0
13,CLEMENTINE,HOWARD MIERZWIAK,0.8
13,JOEL,HOWARD MIERZWIAK,1.0
13,CLEMENTINE,HOWARD MIERZWIAK,0.8
13,CLEMENTINE,HOWARD MIERZWIAK,1.0
13,JOEL,HOWARD MIERZWIAK,1.0
13,CLEMENTINE,HOWARD MIERZWIAK,0.9903139508210322
13,JOEL,HOWARD MIERZWIAK,1.0
13,JOEL,HOWARD MIERZWIAK,1.0
13,AW,AW,0.983802458438068
13,JOEL,HOWARD MIERZWIAK,1.0
13,AH,AH,1.0
13,TOM WAITS,TOM WAITS,1.0
13,TOM WAITS,TOM WAITS,1.0
13,GREEN REVOLUTION,HOWARD MIERZWIAK,1.0
13,PINK ERASER,HOWARD MIERZWIAK,1.0
13,TOM WAITS,TOM WAITS,1.0
13,JOEL,HOWARD MIERZWIAK,1.0
13,NICE,HOWARD MIERZWIAK,0.8482124933003847
13,JOEL,HOWARD MIERZWIAK,1.0
13,JOEL,HOWARD MIERZWIAK,1.0
13,STEPHEN DIXON,STEPHEN DIXON,1.0
13,CLEMENTINE,HOWARD MIERZWIAK,0.9043187361229745
13,JOEL,HOWARD MIERZWIAK,1.0
13,JOEL,HOWARD MIERZWIAK,1.0
13,JOEL,HOWARD MIERZWIAK,1.0
13,CLEMENTINE,HOWARD MIERZWIAK,0.9208962963901347
14,CLEMENTINE,HOWARD MIERZWIAK,1.0
15,JOEL,HOWARD MIERZWIAK,1.0
15,CLEMENTINE,HOWARD MIERZWIAK,1.0
17,JOEL,HOWARD MIERZWIAK,1.0
17,CLEMENTINE,HOWARD MIERZWIAK,0.8
17,JOEL,HOWARD MIERZWIAK,1.0
17,CLEMENTINE,HOWARD MIERZWIAK,0.8
17,JOEL,HOWARD MIERZWIAK,1.0
17,CLEMENTINE,HOWARD MIERZWIAK,0.8
17,JOEL,HOWARD MIERZWIAK,1.0
17,CLEMENTINE,HOWARD MIERZWIAK,0.8
17,JOEL,HOWARD MIERZWIAK,1.0
17,CLEMENTINE,HOWARD MIERZWIAK,0.8
17,JOEL,HOWARD MIERZWIAK,1.0
17,CLEMENTINE,HOWARD MIERZWIAK,0.8
17,JOEL,HOWARD MIERZWIAK,1.0
17,CLEMENTINE,HOWARD MIERZWIAK,0.8
17,CLEMENTINE,HOWARD MIERZWIAK,1.0
17,JOEL,HOWARD MIERZWIAK,1.0
17,CLEMENTINE,HOWARD MIERZWIAK,0.8
17,JOEL,HOWARD MIERZWIAK,1.0
17,CLEMENTINE,HOWARD MIERZWIAK,0.8
17,JOEL,HOWARD MIERZWIAK,1.0
17,CLEMENTINE,HOWARD MIERZWIAK,0.8
17,JOEL,HOWARD MIERZWIAK,1.0
17,CLEMENTINE,HOWARD MIERZWIAK,0.8
17,JOEL,HOWARD MIERZWIAK,1.0
17,CLEMENTINE,HOWARD MIERZWIAK,0.8
17,CLEMENTINE,HOWARD MIERZWIAK,1.0
17,JOEL,HOWARD MIERZWIAK,1.0
17,CLEMENTINE,HOWARD MIERZWIAK,0.8
17,JOEL,HOWARD MIERZWIAK,1.0
17,CLEMENTINE,HOWARD MIERZWIAK,0.8
17,JOEL,HOWARD MIERZWIAK,1.0
17,CLEMENTINE,HOWARD MIERZWIAK,0.8
17,CLEMENTINE,HOWARD MIERZWIAK,1.0
18,CLEMENTINE,HOWARD MIERZWIAK,0.8
18,CLEMENTINE,HOWARD MIERZWIAK,1.0
18,CLEMENTINE,HOWARD MIERZWIAK,1.0
18,JOEL,HOWARD MIERZWIAK,1.0
18,CLEMENTINE,HOWARD MIERZWIAK,0.8
18,JOEL,HOWARD MIERZWIAK,1.0
18,CLEMENTINE,HOWARD MIERZWIAK,0.8
18,JOEL,HOWARD MIERZWIAK,1.0
18,CLEMENTINE,HOWARD MIERZWIAK,0.8
18,JOEL,HOWARD MIERZWIAK,1.0
18,CLEMENTINE,HOWARD MIERZWIAK,0.8
18,JOEL,HOWARD MIERZWIAK,1.0
18,CLEMENTINE,HOWARD MIERZWIAK,0.8
18,JOEL,HOWARD MIERZWIAK,1.0
18,CLEMENTINE,HOWARD MIERZWIAK,0.8
18,JOEL,HOWARD MIERZWIAK,1.0
18,CLEMENTINE,HOWARD MIERZWIAK,0.8
18,CLEMENTINE,HOWARD MIERZWIAK,1.0
18,JOEL,HOWARD MIERZWIAK,1.0
18,CLEMENTINE,HOWARD MIERZWIAK,0.8
18,JOEL,HOWARD MIERZWIAK,1.0
18,CLEMENTINE,HOWARD MIERZWIAK,1.0
18,JOEL,HOWARD MIERZWIAK,1.0
18,CLEMENTINE,HOWARD MIERZWIAK,1.0
18,CLEMENTINE,HOWARD MIERZWIAK,1.0
18,CLEMENTINE,HOWARD MIERZWIAK,1.0
18,JOEL,HOWARD MIERZWIAK,1.0
18,CLEMENTINE,HOWARD MIERZWIAK,0.8
18,JOEL,HOWARD MIERZWIAK,1.0
18,CLEMENTINE,HOWARD MIERZWIAK,0.8
18,JOEL,HOWARD MIERZWIAK,1.0
18,CLEMENTINE,HOWARD MIERZWIAK,0.8
18,CLEMENTINE,HOWARD MIERZWIAK,1.0
18,CLEMENTINE,HOWARD MIERZWIAK,1.0
18,JOEL,HOWARD MIERZWIAK,1.0
18,CLEMENTINE,HOWARD MIERZWIAK,0.8
18,JOEL,HOWARD MIERZWIAK,1.0
18,CLEMENTINE,HOWARD MIERZWIAK,0.8
18,JOEL,HOWARD MIERZWIAK,1.0
18,CLEMENTINE,HOWARD MIERZWIAK,0.8
18,JOEL,HOWARD MIERZWIAK,1.0
18,CLEMENTINE,HOWARD MIERZWIAK,0.8
18,CLEMENTINE,HOWARD MIERZWIAK,1.0
18,JOEL,HOWARD MIERZWIAK,1.0
18,CLEMENTINE,HOWARD MIERZWIAK,0.8
18,JOEL,HOWARD MIERZWIAK,1.0
18,CLEMENTINE,HOWARD MIERZWIAK,0.8
18,JOEL,HOWARD MIERZWIAK,1.0
18,CLEMENTINE,HOWARD MIERZWIAK,0.8
18,JOEL,HOWARD MIERZWIAK,1.0
18,CLEMENTINE,HOWARD MIERZWIAK,0.8
18,JOEL,HOWARD MIERZWIAK,1.0
18,CLEMENTINE,HOWARD MIERZWIAK,0.8
18,JOEL,HOWARD MIERZWIAK,1.0
18,CLEMENTINE,HOWARD MIERZWIAK,0.8
18,JOEL,HOWARD MIERZWIAK,1.0
18,CLEMENTINE,HOWARD MIERZWIAK,0.8
18,JOEL,HOWARD MIERZWIAK,1.0
18,CLEMENTINE,HOWARD MIERZWIAK,0.8
18,JOEL,HOWARD MIERZWIAK,1.0
18,CLEMENTINE,HOWARD MIERZWIAK,0.8
18,CLEMENTINE,HOWARD MIERZWIAK,1.0
18,CLEMENTINE,HOWARD MIERZWIAK,1.0
18,JOEL,HOWARD MIERZWIAK,1.0
18,CLEMENTINE,HOWARD MIERZWIAK,0.8
18,JOEL,HOWARD MIERZWIAK,1.0
18,CLEMENTINE,HOWARD MIERZWIAK,0.8
18,JOEL,HOWARD MIERZWIAK,1.0
18,CLEMENTINE,HOWARD MIERZWIAK,0.8
18,JOEL,HOWARD MIERZWIAK,1.0
18,CLEMENTINE,HOWARD MIERZWIAK,0.8
18,CLEMENTINE,HOWARD MIERZWIAK,1.0
18,JOEL,HOWARD MIERZWIAK,1.0
18,CLEMENTINE,HOWARD MIERZWIAK,0.8
18,JOEL,HOWARD MIERZWIAK,1.0
18,CLEMENTINE,HOWARD MIERZWIAK,0.8
18,CLEMENTINE,HOWARD MIERZWIAK,1.0
18,JOEL,HOWARD MIERZWIAK,1.0
18,JOEL,HOWARD MIERZWIAK,1.0
18,JOEL,HOWARD MIERZWIAK,1.0
18,CLEMENTINE,HOWARD MIERZWIAK,0.8
18,JOEL,HOWARD MIERZWIAK,1.0
18,CLEMENTINE,HOWARD MIERZWIAK,0.8
18,JOEL,HOWARD MIERZWIAK,1.0
18,CLEMENTINE,HOWARD MIERZWIAK,0.8
18,JOEL,HOWARD MIERZWIAK,1.0
18,CLEMENTINE,HOWARD MIERZWIAK,1.0
18,JOEL,HOWARD MIERZWIAK,1.0
18,FROST,HOWARD MIERZWIAK,1.0
18,ROBERT FROST,HOWARD MIERZWIAK,1.0
18,CLEMENTINE,HOWARD MIERZWIAK,1.0
18,JOEL,HOWARD MIERZWIAK,1.0
18,CLEMENTINE,HOWARD MIERZWIAK,1.0
18,JOEL,HOWARD MIERZWIAK,1.0
18,BRIAN ENO,BRIAN ENO,1.0
18,CLEMENTINE,HOWARD MIERZWIAK,1.0
18,JOEL,HOWARD MIERZWIAK,1.0
18,MARY,HOWARD MIERZWIAK,1.0
18,JOSEPH,HOWARD MIERZWIAK,1.0
18,JOEL,HOWARD MIERZWIAK,1.0
18,CLEMENTINE,HOWARD MIERZWIAK,1.0
18,PAUL SIMON,PAUL SIMON,1.0
18,JOEL,HOWARD MIERZWIAK,1.0
18,JOEL,HOWARD MIERZWIAK,1.0
18,PATRICK,HOWARD MIERZWIAK,1.0
18,STEPHEN DIXON,STEPHEN DIXON,1.0
18,CLEMENTINE,HOWARD MIERZWIAK,0.9783995376394212
21,JOEL,HOWARD MIERZWIAK,1.0
21,JOEL,HOWARD MIERZWIAK,1.0
21,JOEL,HOWARD MIERZWIAK,1.0
21,JOEL,HOWARD MIERZWIAK,1.0
21,JOEL,HOWARD MIERZWIAK,1.0
21,JOEL,HOWARD MIERZWIAK,1.0
21,JOEL,HOWARD MIERZWIAK,1.0
21,JOEL,HOWARD MIERZWIAK,1.0
21,JOEL,HOWARD MIERZWIAK,1.0
21,JOEL,HOWARD MIERZWIAK,1.0
21,JOEL,HOWARD MIERZWIAK,1.0
21,JOEL,HOWARD MIERZWIAK,1.0
21,EVEN JOEL,HOWARD MIERZWIAK,1.0
21,JOEL,HOWARD MIERZWIAK,1.0
21,PINK,HOWARD MIERZWIAK,1.0
22,JOEL,HOWARD MIERZWIAK,1.0
22,JOEL,HOWARD MIERZWIAK,1.0
22,JOEL,HOWARD MIERZWIAK,1.0
22,PATRICK,HOWARD MIERZWIAK,1.0
22,CLEMENTINE,HOWARD MIERZWIAK,0.8
22,PATRICK,HOWARD MIERZWIAK,1.0
22,CLEMENTINE,HOWARD MIERZWIAK,0.8
22,PATRICK,HOWARD MIERZWIAK,1.0
22,CLEMENTINE,HOWARD MIERZWIAK,0.8
22,PATRICK,HOWARD MIERZWIAK,1.0
22,JOEL,HOWARD MIERZWIAK,1.0
22,CLEMENTINE,HOWARD MIERZWIAK,0.8
22,PATRICK,HOWARD MIERZWIAK,1.0
22,CLEMENTINE,HOWARD MIERZWIAK,0.8
22,PATRICK,HOWARD MIERZWIAK,1.0
22,JOEL,HOWARD MIERZWIAK,1.0
22,JOEL,HOWARD MIERZWIAK,1.0
22,JOEL,HOWARD MIERZWIAK,1.0
22,JOEL,HOWARD MIERZWIAK,1.0
22,PATRICK,HOWARD MIERZWIAK,1.0
22,JOEL,HOWARD MIERZWIAK,1.0
22,PATRICK,HOWARD MIERZWIAK,1.0
22,JOEL,HOWARD MIERZWIAK,1.0
22,PATRICK,HOWARD MIERZWIAK,1.0
22,PATRICK,HOWARD MIERZWIAK,1.0
23,JOEL,HOWARD MIERZWIAK,1.0
23,JOEL,HOWARD MIERZWIAK,1.0
25,MARY,HOWARD MIERZWIAK,1.0
25,MARY,HOWARD MIERZWIAK,1.0
25,BARISH,HOWARD MIERZWIAK,1.0
26,MARY,HOWARD MIERZWIAK,1.0
26,MARY,HOWARD MIERZWIAK,1.0
27,MIERZWIAK,HOWARD MIERZWIAK,0.7
27,STAN,HOWARD MIERZWIAK,1.0
27,JOEL,HOWARD MIERZWIAK,1.0
27,MIERZWIAK,HOWARD MIERZWIAK,0.7
27,JOEL,HOWARD MIERZWIAK,1.0
27,MIERZWIAK,HOWARD MIERZWIAK,0.7
27,JOEL,HOWARD MIERZWIAK,1.0
27,MIERZWIAK,HOWARD MIERZWIAK,0.7
27,STAN,HOWARD MIERZWIAK,1.0
27,JOEL,HOWARD MIERZWIAK,1.0
27,STAN,HOWARD MIERZWIAK,1.0
27,MIERZWIAK,HOWARD MIERZWIAK,0.7
27,STAN,HOWARD MIERZWIAK,1.0
27,STAN,HOWARD MIERZWIAK,1.0
27,JOEL,HOWARD MIERZWIAK,1.0
27,STAN,HOWARD MIERZWIAK,1.0
27,AH,AH,1.0
27,BARISH,HOWARD MIERZWIAK,1.0
27,STAN,HOWARD MIERZWIAK,1.0
27,STAN,HOWARD MIERZWIAK,1.0
27,BARISH,HOWARD MIERZWIAK,1.0
27,JOEL,HOWARD MIERZWIAK,1.0
27,STAN,HOWARD MIERZWIAK,1.0
27,STAN,HOWARD MIERZWIAK,1.0
27,STAN,HOWARD MIERZWIAK,1.0
27,JOEL,HOWARD MIERZWIAK,1.0
27,STAN,HOWARD MIERZWIAK,1.0
27,STAN,HOWARD MIERZWIAK,1.0
27,PATRICK,HOWARD MIERZWIAK,1.0
27,JOEL,HOWARD MIERZWIAK,1.0
27,STAN,HOWARD MIERZWIAK,1.0
27,STAN,HOWARD MIERZWIAK,1.0
27,STAN,HOWARD MIERZWIAK,1.0
28,PATRICK,HOWARD MIERZWIAK,1.0
28,STAN,HOWARD MIERZWIAK,1.0
28,PATRICK,HOWARD MIERZWIAK,1.0
28,STAN,HOWARD MIERZWIAK,1.0
28,STAN,HOWARD MIERZWIAK,1.0
28,PATRICK,HOWARD MIERZWIAK,1.0
28,STAN,HOWARD MIERZWIAK,1.0
28,PATRICK,HOWARD MIERZWIAK,1.0
28,PATRICK,HOWARD MIERZWIAK,1.0
29,MIERZWIAK,HOWARD MIERZWIAK,0.7
29,STAN,HOWARD MIERZWIAK,1.0
29,STAN,HOWARD MIERZWIAK,1.0
29,STAN,HOWARD MIERZWIAK,1.0
29,AH,AH,1.0
29,STAN,HOWARD MIERZWIAK,1.0
30,NAOMI,HOWARD MIERZWIAK,1.0
31,JOEL,HOWARD MIERZWIAK,1.0
32,MARY,HOWARD MIERZWIAK,1.0
32,JOEL,HOWARD MIERZWIAK,1.0
32,MARY,HOWARD MIERZWIAK,1.0
32,JOEL,HOWARD MIERZWIAK,1.0
32,MARY,HOWARD MIERZWIAK,1.0
32,JOEL BARISH,HOWARD MIERZWIAK,1.0
32,MIERZWIAK,HOWARD MIERZWIAK,1.0
33,MARY,HOWARD MIERZWIAK,1.0
33,JOEL,HOWARD MIERZWIAK,1.0
33,MARY,HOWARD MIERZWIAK,1.0
33,MARY,HOWARD MIERZWIAK,1.0
33,JOEL,HOWARD MIERZWIAK,1.0
33,MARY,HOWARD MIERZWIAK,1.0
34,MIERZWIAK,HOWARD MIERZWIAK,0.7
34,JOEL,HOWARD MIERZWIAK,1.0
34,MIERZWIAK,HOWARD MIERZWIAK,0.7
34,JOEL,HOWARD MIERZWIAK,1.0
34,PATRICK,HOWARD MIERZWIAK,1.0
34,JOEL,HOWARD MIERZWIAK,1.0
34,JOEL,HOWARD MIERZWIAK,1.0
34,JOEL,HOWARD MIERZWIAK,1.0
35,STAN,HOWARD MIERZWIAK,1.0
35,PATRICK,HOWARD MIERZWIAK,1.0
35,STAN,HOWARD MIERZWIAK,1.0
35,PATRICK,HOWARD MIERZWIAK,1.0
35,PATRICK,HOWARD MIERZWIAK,1.0
35,PATRICK,HOWARD MIERZWIAK,1.0
35,STAN,HOWARD MIERZWIAK,1.0
35,PATRICK,HOWARD MIERZWIAK,1.0
35,PATRICK,HOWARD MIERZWIAK,1.0
35,STAN,HOWARD MIERZWIAK,1.0
35,PATRICK,HOWARD MIERZWIAK,1.0
36,MIERZWIAK,HOWARD MIERZWIAK,0.7
37,JOEL,HOWARD MIERZWIAK,1.0
37,JOEL,HOWARD MIERZWIAK,1.0
37,JOEL,HOWARD MIERZWIAK,1.0
37,CARMEN,HOWARD MIERZWIAK,1.0
37,CARMEN,HOWARD MIERZWIAK,1.0
37,JOEL,HOWARD MIERZWIAK,1.0
38,JOEL,HOWARD MIERZWIAK,1.0
39,JOEL,HOWARD MIERZWIAK,1.0
39,JOEL,HOWARD MIERZWIAK,1.0
39,CARMEN,HOWARD MIERZWIAK,1.0
39,CARMEN,HOWARD MIERZWIAK,1.0
40,JOEL,HOWARD MIERZWIAK,1.0
40,JOEL,HOWARD MIERZWIAK,1.0
41,JOEL,HOWARD MIERZWIAK,1.0
41,VAGUE RECORDED,HOWARD MIERZWIAK,0.7
41,CARRIE,HOWARD MIERZWIAK,1.0
41,JOEL,HOWARD MIERZWIAK,1.0
41,ROB,HOWARD MIERZWIAK,1.0
41,JOEL,HOWARD MIERZWIAK,1.0
41,CARRIE,HOWARD MIERZWIAK,1.0
41,JOEL,HOWARD MIERZWIAK,1.0
41,ROB,HOWARD MIERZWIAK,1.0
41,CARRIE,HOWARD MIERZWIAK,1.0
41,CARRIE,HOWARD MIERZWIAK,1.0
41,JOEL,HOWARD MIERZWIAK,1.0
41,CARRIE,HOWARD MIERZWIAK,1.0
41,JOEL,HOWARD MIERZWIAK,1.0
41,JOEL,HOWARD MIERZWIAK,1.0
41,JOEL,HOWARD MIERZWIAK,1.0
41,JOEL,HOWARD MIERZWIAK,1.0
41,JOEL,HOWARD MIERZWIAK,1.0
41,ROB,HOWARD MIERZWIAK,1.0
41,JOEL,HOWARD MIERZWIAK,1.0
41,JOEL BARISH,HOWARD MIERZWIAK,1.0
41,JOEL,HOWARD MIERZWIAK,1.0
42,CARRIE,HOWARD MIERZWIAK,1.0
42,JOEL,HOWARD MIERZWIAK,1.0
42,JOEL,HOWARD MIERZWIAK,1.0
43,CARRIE,HOWARD MIERZWIAK,1.0
43,JOEL,HOWARD MIERZWIAK,1.0
43,CARRIE,HOWARD MIERZWIAK,1.0
43,JOEL,HOWARD MIERZWIAK,1.0
46,MARY,HOWARD MIERZWIAK,1.0
46,STAN,HOWARD MIERZWIAK,1.0
46,MARY,HOWARD MIERZWIAK,1.0
47,PATRICK,HOWARD MIERZWIAK,1.0
47,STAN,HOWARD MIERZWIAK,1.0
47,PATRICK,HOWARD MIERZWIAK,1.0
47,STAN,HOWARD MIERZWIAK,1.0
47,PATRICK,HOWARD MIERZWIAK,1.0
47,STAN,HOWARD MIERZWIAK,1.0
47,PATRICK,HOWARD MIERZWIAK,1.0
47,STAN,HOWARD MIERZWIAK,1.0
47,PATRICK,HOWARD MIERZWIAK,1.0
47,STAN,HOWARD MIERZWIAK,1.0
47,STAN,HOWARD MIERZWIAK,1.0
47,PATRICK,HOWARD MIERZWIAK,1.0
47,MARY,HOWARD MIERZWIAK,1.0
47,PATRICK,HOWARD MIERZWIAK,1.0
47,STAN,HOWARD MIERZWIAK,1.0
48,CLEMENTINE,HOWARD MIERZWIAK,0.8
48,JOEL,HOWARD MIERZWIAK,1.0
48,CLEMENTINE,HOWARD MIERZWIAK,1.0
48,JOEL,HOWARD MIERZWIAK,1.0
48,JOEL,HOWARD MIERZWIAK,1.0
48,CLEMENTINE,HOWARD MIERZWIAK,0.8
48,JOEL,HOWARD MIERZWIAK,1.0
48,JOEL,HOWARD MIERZWIAK,1.0
48,CLEMENTINE,HOWARD MIERZWIAK,0.8
48,JOEL,HOWARD MIERZWIAK,1.0
48,CLEMENTINE,HOWARD MIERZWIAK,0.8
48,JOEL,HOWARD MIERZWIAK,1.0
48,JOEL,HOWARD MIERZWIAK,1.0
48,JOEL,HOWARD MIERZWIAK,1.0
48,JOEL,HOWARD MIERZWIAK,1.0
50,JOEL,HOWARD MIERZWIAK,1.0
50,CLEMENTINE,HOWARD MIERZWIAK,0.8
50,JOEL,HOWARD MIERZWIAK,1.0
50,JOEL,HOWARD MIERZWIAK,1.0
51,PATRICK,HOWARD MIERZWIAK,1.0
51,STAN,HOWARD MIERZWIAK,1.0
51,JOEL,HOWARD MIERZWIAK,1.0
52,PATRICK,HOWARD MIERZWIAK,1.0
52,STAN,HOWARD MIERZWIAK,1.0
52,PATRICK,HOWARD MIERZWIAK,1.0
52,STAN,HOWARD MIERZWIAK,1.0
52,STAN,HOWARD MIERZWIAK,1.0
52,PATRICK,HOWARD MIERZWIAK,1.0
52,PATRICK,HOWARD MIERZWIAK,1.0
52,PATRICK,HOWARD MIERZWIAK,1.0
53,PATRICK,HOWARD MIERZWIAK,1.0
53,STAN,HOWARD MIERZWIAK,1.0
53,PATRICK,HOWARD MIERZWIAK,1.0
53,STAN,HOWARD MIERZWIAK,1.0
53,PATRICK,HOWARD MIERZWIAK,1.0
53,STAN,HOWARD MIERZWIAK,1.0
54,PATRICK,HOWARD MIERZWIAK,1.0
54,STAN,HOWARD MIERZWIAK,1.0
54,JOEL,HOWARD MIERZWIAK,1.0
54,PATRICK,HOWARD MIERZWIAK,1.0
55,CLEMENTINE,HOWARD MIERZWIAK,0.8
55,JOEL,HOWARD MIERZWIAK,1.0
55,CLEMENTINE,HOWARD MIERZWIAK,0.8
56,JOEL,HOWARD MIERZWIAK,1.0
56,CLEMENTINE,HOWARD MIERZWIAK,0.8
56,JOEL,HOWARD MIERZWIAK,1.0
56,CLEMENTINE,HOWARD MIERZWIAK,0.8
56,JOEL,HOWARD MIERZWIAK,1.0
56,CLEMENTINE,HOWARD MIERZWIAK,0.8
56,JOEL,HOWARD MIERZWIAK,1.0
56,CLEMENTINE,HOWARD MIERZWIAK,0.8
56,JOEL,HOWARD MIERZWIAK,1.0
56,CLEMENTINE,HOWARD MIERZWIAK,0.8
56,CLEMENTINE,HOWARD MIERZWIAK,1.0
56,JOEL,HOWARD MIERZWIAK,1.0
56,CLEMENTINE,HOWARD MIERZWIAK,0.8
56,JOEL,HOWARD MIERZWIAK,1.0
56,CLEMENTINE,HOWARD MIERZWIAK,0.8
56,JOEL,HOWARD MIERZWIAK,1.0
56,CLEMENTINE,HOWARD MIERZWIAK,0.8
56,JOEL,HOWARD MIERZWIAK,1.0
56,JOEL,HOWARD MIERZWIAK,1.0
57,JOEL,HOWARD MIERZWIAK,1.0
57,CLEMENTINE,HOWARD MIERZWIAK,0.8
57,CLEMENTINE,HOWARD MIERZWIAK,1.0
57,CLEMENTINE,HOWARD MIERZWIAK,1.0
57,MARK,HOWARD MIERZWIAK,1.0
57,CLEMENTINE,HOWARD MIERZWIAK,0.8
57,JOEL,HOWARD MIERZWIAK,1.0
57,CLEMENTINE,HOWARD MIERZWIAK,0.8
57,JOEL,HOWARD MIERZWIAK,1.0
57,JOEL,HOWARD MIERZWIAK,1.0
57,JOEL,HOWARD MIERZWIAK,1.0
57,JOEL,HOWARD MIERZWIAK,1.0
57,JOEL,HOWARD MIERZWIAK,1.0
57,MARK,HOWARD MIERZWIAK,1.0
57,MARK,HOWARD MIERZWIAK,1.0
58,MARY,HOWARD MIERZWIAK,1.0
58,PATRICK,HOWARD MIERZWIAK,1.0
58,STAN,HOWARD MIERZWIAK,1.0
58,MARY,HOWARD MIERZWIAK,1.0
58,STAN,HOWARD MIERZWIAK,1.0
58,MARY,HOWARD MIERZWIAK,1.0
58,STAN,HOWARD MIERZWIAK,1.0
58,MARY,HOWARD MIERZWIAK,1.0
58,PATRICK,HOWARD MIERZWIAK,1.0
58,STAN,HOWARD MIERZWIAK,1.0
58,PATRICK,HOWARD MIERZWIAK,1.0
58,MARY,HOWARD MIERZWIAK,1.0
58,MARY,HOWARD MIERZWIAK,1.0
58,PATRICK,HOWARD MIERZWIAK,1.0
58,MARY,HOWARD MIERZWIAK,1.0
58,MARY,HOWARD MIERZWIAK,1.0
58,STAN,HOWARD MIERZWIAK,1.0
58,MARY,HOWARD MIERZWIAK,1.0
58,STAN,HOWARD MIERZWIAK,1.0
58,PATRICK,HOWARD MIERZWIAK,1.0
58,STAN,HOWARD MIERZWIAK,1.0
58,MARY,HOWARD MIERZWIAK,1.0
58,PATRICK,HOWARD MIERZWIAK,1.0
58,MARY,HOWARD MIERZWIAK,1.0
58,PATRICK,HOWARD MIERZWIAK,1.0
58,MARY,HOWARD MIERZWIAK,1.0
58,STAN,HOWARD MIERZWIAK,1.0
58,MARY,HOWARD MIERZWIAK,1.0
58,STAN,HOWARD MIERZWIAK,1.0
58,PATRICK,HOWARD MIERZWIAK,1.0
58,MARY,HOWARD MIERZWIAK,1.0
58,PATRICK,HOWARD MIERZWIAK,1.0
58,PATRICK,HOWARD MIERZWIAK,1.0
58,MARY,HOWARD MIERZWIAK,1.0
58,PATRICK,HOWARD MIERZWIAK,1.0
58,MARY,HOWARD MIERZWIAK,1.0
58,STAN,HOWARD MIERZWIAK,1.0
58,MARY,HOWARD MIERZWIAK,1.0
58,STAN,HOWARD MIERZWIAK,1.0
58,MARY,HOWARD MIERZWIAK,1.0
58,STAN,HOWARD MIERZWIAK,1.0
58,STAN,HOWARD MIERZWIAK,1.0
58,MARY,HOWARD MIERZWIAK,1.0
58,PATRICK,HOWARD MIERZWIAK,1.0
58,MARY,HOWARD MIERZWIAK,1.0
58,MARY,HOWARD MIERZWIAK,1.0
58,STAN,HOWARD MIERZWIAK,1.0
58,WINSTON CHURCHILL,WINSTON CHURCHILL,1.0
58,HOWARD,HOWARD MIERZWIAK,1.0
58,STAN,HOWARD MIERZWIAK,1.0
58,MARY,HOWARD MIERZWIAK,1.0
59,CLEMENTINE,HOWARD MIERZWIAK,0.8
59,JOEL,HOWARD MIERZWIAK,1.0
59,CLEMENTINE,HOWARD MIERZWIAK,0.8
59,JOEL,HOWARD MIERZWIAK,1.0
59,CLEMENTINE,HOWARD MIERZWIAK,0.8
59,JOEL,HOWARD MIERZWIAK,1.0
59,JOEL,HOWARD MIERZWIAK,1.0
60,JOEL,HOWARD MIERZWIAK,1.0
60,CLEMENTINE,HOWARD MIERZWIAK,0.8
60,CLEMENTINE,HOWARD MIERZWIAK,1.0
60,JOEL,HOWARD MIERZWIAK,1.0
60,CLEMENTINE,HOWARD MIERZWIAK,0.8
60,JOEL,HOWARD MIERZWIAK,1.0
60,PATRICK,HOWARD MIERZWIAK,1.0
61,PATRICK,HOWARD MIERZWIAK,1.0
61,STAN,HOWARD MIERZWIAK,1.0
61,PATRICK,HOWARD MIERZWIAK,1.0
61,MARY,HOWARD MIERZWIAK,1.0
61,STAN,HOWARD MIERZWIAK,1.0
61,PATRICK,HOWARD MIERZWIAK,1.0
61,PATRICK,HOWARD MIERZWIAK,1.0
61,STAN,HOWARD MIERZWIAK,1.0
61,STAN,HOWARD MIERZWIAK,1.0
61,PATRICK,HOWARD MIERZWIAK,1.0
61,MARY,HOWARD MIERZWIAK,1.0
61,STAN,HOWARD MIERZWIAK,1.0
61,PATRICK,HOWARD MIERZWIAK,1.0
61,MARY,HOWARD MIERZWIAK,1.0
62,CLEMENTINE,HOWARD MIERZWIAK,0.8
62,JOEL,HOWARD MIERZWIAK,1.0
62,CLEMENTINE,HOWARD MIERZWIAK,0.8
62,JOEL,HOWARD MIERZWIAK,1.0
62,CLEMENTINE,HOWARD MIERZWIAK,0.8
62,JOEL,HOWARD MIERZWIAK,1.0
62,JOEL,HOWARD MIERZWIAK,1.0
62,JOEL,HOWARD MIERZWIAK,1.0
62,JOEL,HOWARD MIERZWIAK,1.0
62,JOEL,HOWARD MIERZWIAK,1.0
63,MARY,HOWARD MIERZWIAK,1.0
63,STAN,HOWARD MIERZWIAK,1.0
63,MARY,HOWARD MIERZWIAK,1.0
63,STAN,HOWARD MIERZWIAK,1.0
63,MARY,HOWARD MIERZWIAK,1.0
63,JOEL,HOWARD MIERZWIAK,1.0
63,MARY,HOWARD MIERZWIAK,1.0
63,STAN,HOWARD MIERZWIAK,1.0
63,HOWARD,HOWARD MIERZWIAK,1.0
63,MARY,HOWARD MIERZWIAK,1.0
63,HOWARD,HOWARD MIERZWIAK,1.0
63,STAN,HOWARD MIERZWIAK,1.0
63,STAN,HOWARD MIERZWIAK,1.0
63,MARY,HOWARD MIERZWIAK,1.0
64,PATRICK,HOWARD MIERZWIAK,1.0
65,PATRICK,HOWARD MIERZWIAK,1.0
65,CLEMENTINE,HOWARD MIERZWIAK,0.8
65,PATRICK,HOWARD MIERZWIAK,1.0
65,CLEMENTINE,HOWARD MIERZWIAK,0.8
65,CLEMENTINE,HOWARD MIERZWIAK,1.0
65,PATRICK,HOWARD MIERZWIAK,1.0
65,CLEMENTINE,HOWARD MIERZWIAK,0.8
65,PATRICK,HOWARD MIERZWIAK,1.0
65,CLEMENTINE,HOWARD MIERZWIAK,0.8
65,JOEL,HOWARD MIERZWIAK,1.0
65,PATRICK,HOWARD MIERZWIAK,1.0
65,STAN,HOWARD MIERZWIAK,1.0
65,PATRICK,HOWARD MIERZWIAK,1.0
65,PATRICK,HOWARD MIERZWIAK,1.0
65,PATRICK,HOWARD MIERZWIAK,1.0
65,PATRICK,HOWARD MIERZWIAK,1.0
65,JOEL,HOWARD MIERZWIAK,1.0
65,STAN,HOWARD MIERZWIAK,1.0
65,PATRICK,HOWARD MIERZWIAK,1.0
66,STAN,HOWARD MIERZWIAK,1.0
66,STAN,HOWARD MIERZWIAK,1.0
66,MARY,HOWARD MIERZWIAK,1.0
67,PATRICK,HOWARD MIERZWIAK,1.0
67,CLEMENTINE,HOWARD MIERZWIAK,0.8
67,STAN,HOWARD MIERZWIAK,1.0
67,PATRICK,HOWARD MIERZWIAK,1.0
67,JOEL,HOWARD MIERZWIAK,1.0
68,JOEL,HOWARD MIERZWIAK,1.0
68,JOEL,HOWARD MIERZWIAK,1.0
68,MIERZWIAK,HOWARD MIERZWIAK,0.7
68,JOEL,HOWARD MIERZWIAK,1.0
68,MIERZWIAK,HOWARD MIERZWIAK,0.7
68,JOEL,HOWARD MIERZWIAK,1.0
68,MIERZWIAK,HOWARD MIERZWIAK,0.7
68,JOEL,HOWARD MIERZWIAK,1.0
68,JOEL,HOWARD MIERZWIAK,1.0
68,JOEL,HOWARD MIERZWIAK,1.0
68,JOEL,HOWARD MIERZWIAK,1.0
69,CLEMENTINE,HOWARD MIERZWIAK,0.8
69,CLEMENTINE,HOWARD MIERZWIAK,0.8
69,PATRICK,HOWARD MIERZWIAK,1.0
69,PATRICK,HOWARD MIERZWIAK,1.0
69,CLEMENTINE,HOWARD MIERZWIAK,0.8
69,PATRICK,HOWARD MIERZWIAK,1.0
69,CLEMENTINE,HOWARD MIERZWIAK,1.0
69,PATRICK,HOWARD MIERZWIAK,1.0
69,PATRICK,HOWARD MIERZWIAK,1.0
70,STAN,HOWARD MIERZWIAK,1.0
70,MARY,HOWARD MIERZWIAK,1.0
71,CLEMENTINE,HOWARD MIERZWIAK,0.8
71,JOEL,HOWARD MIERZWIAK,1.0
71,CLEMENTINE,HOWARD MIERZWIAK,0.8
71,JOEL,HOWARD MIERZWIAK,1.0
71,CLEMENTINE,HOWARD MIERZWIAK,0.8
71,JOEL,HOWARD MIERZWIAK,1.0
71,JOEL,HOWARD MIERZWIAK,1.0
72,JOEL,HOWARD MIERZWIAK,1.0
72,CLEMENTINE,HOWARD MIERZWIAK,0.8
72,JOEL,HOWARD MIERZWIAK,1.0
72,CLEMENTINE,HOWARD MIERZWIAK,0.8
72,JOEL,HOWARD MIERZWIAK,1.0
72,JOEL,HOWARD MIERZWIAK,1.0
72,JOEL,HOWARD MIERZWIAK,1.0
73,CLEMENTINE,HOWARD MIERZWIAK,0.8
73,JOEL,HOWARD MIERZWIAK,1.0
73,JOEL,HOWARD MIERZWIAK,1.0
73,CLEMENTINE,HOWARD MIERZWIAK,0.8
73,JOEL,HOWARD MIERZWIAK,1.0
73,CLEMENTINE,HOWARD MIERZWIAK,0.8
73,JOEL,HOWARD MIERZWIAK,1.0
73,JOEL,HOWARD MIERZWIAK,1.0
73,JOEL,HOWARD MIERZWIAK,1.0
73,JOEL,HOWARD MIERZWIAK,1.0
73,JOEL,HOWARD MIERZWIAK,1.0
74,STAN,HOWARD MIERZWIAK,1.0
74,MARY,HOWARD MIERZWIAK,1.0
74,STAN,HOWARD MIERZWIAK,1.0
74,STAN,HOWARD MIERZWIAK,1.0
74,MARY,HOWARD MIERZWIAK,1.0
74,STAN,HOWARD MIERZWIAK,1.0
74,STAN,HOWARD MIERZWIAK,1.0
74,MARY,HOWARD MIERZWIAK,1.0
74,STAN,HOWARD MIERZWIAK,1.0
74,MARY,HOWARD MIERZWIAK,1.0
74,STAN,HOWARD MIERZWIAK,1.0
74,MARY,HOWARD MIERZWIAK,1.0
74,STAN,HOWARD MIERZWIAK,1.0
74,MARY,HOWARD MIERZWIAK,1.0
74,STAN,HOWARD MIERZWIAK,1.0
74,STAN,HOWARD MIERZWIAK,1.0
74,STAN,HOWARD MIERZWIAK,1.0
74,MARY,HOWARD MIERZWIAK,1.0
74,STAN,HOWARD MIERZWIAK,1.0
74,LISTEN,HOWARD MIERZWIAK,0.7085549225147713
74,STAN,HOWARD MIERZWIAK,1.0
74,MARY,HOWARD MIERZWIAK,1.0
74,HOWARD,HOWARD MIERZWIAK,1.0
74,STAN,HOWARD MIERZWIAK,1.0
74,STAN,HOWARD MIERZWIAK,1.0
74,STAN,HOWARD MIERZWIAK,1.0
74,MARY,HOWARD MIERZWIAK,1.0
74,HOWARD,HOWARD MIERZWIAK,1.0
75,MIERZWIAK,HOWARD MIERZWIAK,0.7
75,STAN,HOWARD MIERZWIAK,1.0
75,MIERZWIAK,HOWARD MIERZWIAK,0.7
75,STAN,HOWARD MIERZWIAK,1.0
75,MIERZWIAK,HOWARD MIERZWIAK,0.7
75,STAN,HOWARD MIERZWIAK,1.0
75,MIERZWIAK,HOWARD MIERZWIAK,0.7
75,STAN,HOWARD MIERZWIAK,1.0
75,STAN,HOWARD MIERZWIAK,1.0
75,PATRICK,HOWARD MIERZWIAK,1.0
76,MARY,HOWARD MIERZWIAK,1.0
76,STAN,HOWARD MIERZWIAK,1.0
76,MARY,HOWARD MIERZWIAK,1.0
76,MARY,HOWARD MIERZWIAK,1.0
76,STAN,HOWARD MIERZWIAK,1.0
76,MARY,HOWARD MIERZWIAK,1.0
76,MARY,HOWARD MIERZWIAK,1.0
76,STAN,HOWARD MIERZWIAK,1.0
77,JOEL,HOWARD MIERZWIAK,1.0
77,CLEMENTINE,HOWARD MIERZWIAK,0.8
77,JOEL,HOWARD MIERZWIAK,1.0
77,CLEMENTINE,HOWARD MIERZWIAK,0.8
77,JOEL,HOWARD MIERZWIAK,1.0
77,CLEMENTINE,HOWARD MIERZWIAK,0.8
77,JOEL,HOWARD MIERZWIAK,1.0
77,CLEMENTINE,HOWARD MIERZWIAK,0.8
77,JOEL,HOWARD MIERZWIAK,1.0
77,CLEMENTINE,HOWARD MIERZWIAK,0.8
77,JOEL,HOWARD MIERZWIAK,1.0
77,CLEMENTINE,HOWARD MIERZWIAK,0.8
77,JOEL,HOWARD MIERZWIAK,1.0
77,JOEL,HOWARD MIERZWIAK,1.0
77,JOEL,HOWARD MIERZWIAK,1.0
77,JOEL,HOWARD MIERZWIAK,1.0
77,GROSS,HOWARD MIERZWIAK,1.0
78,CLEMENTINE,HOWARD MIERZWIAK,0.8
78,PATRICK,HOWARD MIERZWIAK,1.0
78,PATRICK,HOWARD MIERZWIAK,1.0
79,MARY,HOWARD MIERZWIAK,1.0
79,MARY,HOWARD MIERZWIAK,1.0
79,MARY,HOWARD MIERZWIAK,1.0
79,MIERZWIAK,HOWARD MIERZWIAK,0.7
79,STAN,HOWARD MIERZWIAK,1.0
79,MARY,HOWARD MIERZWIAK,1.0
79,MIERZWIAK,HOWARD MIERZWIAK,0.7
79,MIERZWIAK,HOWARD MIERZWIAK,0.95
79,STAN,HOWARD MIERZWIAK,1.0
79,MIERZWIAK,HOWARD MIERZWIAK,0.7
79,STAN,HOWARD MIERZWIAK,1.0
79,MIERZWIAK,HOWARD MIERZWIAK,0.7
79,MIERZWIAK,HOWARD MIERZWIAK,0.95
79,STAN,HOWARD MIERZWIAK,1.0
79,MARY,HOWARD MIERZWIAK,1.0
79,MARY,HOWARD MIERZWIAK,1.0
79,MARY,HOWARD MIERZWIAK,1.0
79,HOWARD,HOWARD MIERZWIAK,1.0
79,HOWARD,HOWARD MIERZWIAK,1.0
79,MARY,HOWARD MIERZWIAK,1.0
79,STAN,HOWARD MIERZWIAK,1.0
79,MARY,HOWARD MIERZWIAK,1.0
79,MARY,HOWARD MIERZWIAK,1.0
80,JOEL,HOWARD MIERZWIAK,1.0
80,CLEMENTINE,HOWARD MIERZWIAK,0.8
80,HOUND,HOWARD MIERZWIAK,0.6850429688437235
80,JOEL,HOWARD MIERZWIAK,1.0
81,JOEL,HOWARD MIERZWIAK,1.0
82,MIERZWIAK,HOWARD MIERZWIAK,0.7
82,MARY,HOWARD MIERZWIAK,1.0
82,MIERZWIAK,HOWARD MIERZWIAK,0.7
82,STAN,HOWARD MIERZWIAK,1.0
82,MIERZWIAK,HOWARD MIERZWIAK,0.7
82,HOWARD,HOWARD MIERZWIAK,1.0
82,MARY,HOWARD MIERZWIAK,1.0
82,HOWARD,HOWARD MIERZWIAK,1.0
83,CLEMENTINE,HOWARD MIERZWIAK,0.8
83,JOEL,HOWARD MIERZWIAK,1.0
83,CLEMENTINE,HOWARD MIERZWIAK,0.8
83,JOEL,HOWARD MIERZWIAK,1.0
83,CLEMENTINE,HOWARD MIERZWIAK,0.8
83,JOEL,HOWARD MIERZWIAK,1.0
83,JOEL,HOWARD MIERZWIAK,1.0
83,JOEL,HOWARD MIERZWIAK,1.0
84,STAN,HOWARD MIERZWIAK,1.0
84,MIERZWIAK,HOWARD MIERZWIAK,0.7
84,MARY,HOWARD MIERZWIAK,1.0
84,STAN,HOWARD MIERZWIAK,1.0
84,MARY,HOWARD MIERZWIAK,1.0
84,HOWARD,HOWARD MIERZWIAK,1.0
84,HOWARD,HOWARD MIERZWIAK,1.0
85,CLEMENTINE,HOWARD MIERZWIAK,0.8
85,JOEL,HOWARD MIERZWIAK,1.0
85,CLEMENTINE,HOWARD MIERZWIAK,1.0
85,JOE EARLY,JOE EARLY,1.0
85,JOEL,HOWARD MIERZWIAK,1.0
85,JOEL,HOWARD MIERZWIAK,1.0
85,JOE EARLY,JOE EARLY,1.0
85,JOEL,HOWARD MIERZWIAK,1.0
85,JOE EARLY,JOE EARLY,1.0
85,JOEL,HOWARD MIERZWIAK,1.0
85,JOEL,HOWARD MIERZWIAK,1.0
85,JOE EARLY,JOE EARLY,1.0
85,JOEL,HOWARD MIERZWIAK,1.0
85,JOE EARLY,JOE EARLY,1.0
85,JOE EARLY,JOE EARLY,1.0
85,JOEL,HOWARD MIERZWIAK,1.0
85,JOEL,HOWARD MIERZWIAK,1.0
86,MIERZWIAK,HOWARD MIERZWIAK,0.7
86,STAN,HOWARD MIERZWIAK,1.0
87,CLEMENTINE,HOWARD MIERZWIAK,0.8
87,JOEL,HOWARD MIERZWIAK,1.0
87,JOEL,HOWARD MIERZWIAK,1.0
87,JOEL,HOWARD MIERZWIAK,1.0
88,CLEMENTINE,HOWARD MIERZWIAK,0.8
88,JOEL,HOWARD MIERZWIAK,1.0
88,JOEL,HOWARD MIERZWIAK,1.0
88,JOEL,HOWARD MIERZWIAK,1.0
88,JOEL,HOWARD MIERZWIAK,1.0
88,JOEL,HOWARD MIERZWIAK,1.0
88,JOEL,HOWARD MIERZWIAK,1.0
88,CLEMENTINE,HOWARD MIERZWIAK,1.0
89,CLEMENTINE,HOWARD MIERZWIAK,0.8
89,CLEMENTINE,HOWARD MIERZWIAK,1.0
89,JOEL,HOWARD MIERZWIAK,1.0
89,CLEMENTINE,HOWARD MIERZWIAK,0.8
89,JOEL,HOWARD MIERZWIAK,1.0
89,JOEL,HOWARD MIERZWIAK,1.0
89,PATRICK,HOWARD MIERZWIAK,1.0
89,JOEL,HOWARD MIERZWIAK,1.0
90,BOYS,HOWARD MIERZWIAK,1.0
90,JOEL,HOWARD MIERZWIAK,1.0
90,CLEMENTINE,HOWARD MIERZWIAK,0.8
90,JOEL,HOWARD MIERZWIAK,1.0
90,JOEL,HOWARD MIERZWIAK,1.0
90,JOEL,HOWARD MIERZWIAK,1.0
90,JOEL,HOWARD MIERZWIAK,1.0
90,JOEL,HOWARD MIERZWIAK,1.0
90,JOEL,HOWARD MIERZWIAK,1.0
90,JOEL,HOWARD MIERZWIAK,1.0
90,JOEL,HOWARD MIERZWIAK,1.0
91,MIERZWIAK,HOWARD MIERZWIAK,0.7
91,MARY,HOWARD MIERZWIAK,1.0
91,STAN,HOWARD MIERZWIAK,1.0
91,MIERZWIAK,HOWARD MIERZWIAK,0.7
91,MARY,HOWARD MIERZWIAK,1.0
91,MIERZWIAK,HOWARD MIERZWIAK,0.7
91,MARY,HOWARD MIERZWIAK,1.0
91,MIERZWIAK,HOWARD MIERZWIAK,0.7
91,MARY,HOWARD MIERZWIAK,1.0
91,MIERZWIAK,HOWARD MIERZWIAK,0.7
91,MARY,HOWARD MIERZWIAK,1.0
91,MIERZWIAK,HOWARD MIERZWIAK,0.7
91,MARY,HOWARD MIERZWIAK,1.0
91,MIERZWIAK,HOWARD MIERZWIAK,0.7
91,MARY,HOWARD MIERZWIAK,1.0
91,MIERZWIAK,HOWARD MIERZWIAK,0.7
91,MARY,HOWARD MIERZWIAK,1.0
91,MARY,HOWARD MIERZWIAK,1.0
91,MIERZWIAK,HOWARD MIERZWIAK,0.7
91,MARY,HOWARD MIERZWIAK,1.0
91,MIERZWIAK,HOWARD MIERZWIAK,0.7
91,MARY,HOWARD MIERZWIAK,1.0
91,MIERZWIAK,HOWARD MIERZWIAK,0.7
91,MARY,HOWARD MIERZWIAK,1.0
91,MIERZWIAK,HOWARD MIERZWIAK,0.7
91,MARY,HOWARD MIERZWIAK,1.0
91,MIERZWIAK,HOWARD MIERZWIAK,0.7
91,MARY,HOWARD MIERZWIAK,1.0
91,MIERZWIAK,HOWARD MIERZWIAK,0.7
91,MARY,HOWARD MIERZWIAK,1.0
91,STAN,HOWARD MIERZWIAK,1.0
91,STAN,HOWARD MIERZWIAK,1.0
91,MARY,HOWARD MIERZWIAK,1.0
91,STAN,HOWARD MIERZWIAK,1.0
91,MARY,HOWARD MIERZWIAK,1.0
91,HOWARD,HOWARD MIERZWIAK,1.0
91,MARY,HOWARD MIERZWIAK,1.0
91,HOWARD,HOWARD MIERZWIAK,1.0
91,MARY,HOWARD MIERZWIAK,1.0
91,ALEXANDER,HOWARD MIERZWIAK,1.0
91,ALEXANDER POPE,HOWARD MIERZWIAK,1.0
91,ALEXANDER,HOWARD MIERZWIAK,1.0
91,MARY,HOWARD MIERZWIAK,1.0
91,MARY,HOWARD MIERZWIAK,1.0
91,HOWARD,HOWARD MIERZWIAK,1.0
91,MARY,HOWARD MIERZWIAK,1.0
91,MARY,HOWARD MIERZWIAK,1.0
91,HOWARD,HOWARD MIERZWIAK,1.0
91,HOWARD,HOWARD MIERZWIAK,1.0
92,STAN,HOWARD MIERZWIAK,1.0
92,JOEL,HOWARD MIERZWIAK,1.0
92,MARY,HOWARD MIERZWIAK,1.0
92,HOWARD,HOWARD MIERZWIAK,1.0
92,STAN,HOWARD MIERZWIAK,1.0
92,MARY,HOWARD MIERZWIAK,1.0
92,MARY,HOWARD MIERZWIAK,1.0
94,MARY,HOWARD MIERZWIAK,1.0
94,MARY,HOWARD MIERZWIAK,1.0
94,MARY,HOWARD MIERZWIAK,1.0
94,HOWARD,HOWARD MIERZWIAK,1.0
95,MIERZWIAK,HOWARD MIERZWIAK,0.7
95,MIERZWIAK,HOWARD MIERZWIAK,0.7
95,MARY,HOWARD MIERZWIAK,1.0
95,HOLLIS,HOWARD MIERZWIAK,1.0
95,MARY,HOWARD MIERZWIAK,1.0
95,HOLLIS,HOWARD MIERZWIAK,1.0
95,MARY,HOWARD MIERZWIAK,1.0
95,MIERZWIAK,HOWARD MIERZWIAK,0.7
95,STAN,HOWARD MIERZWIAK,1.0
95,STAN,HOWARD MIERZWIAK,1.0
95,HOWARD,HOWARD MIERZWIAK,1.0
95,MARY,HOWARD MIERZWIAK,1.0
95,HOLLIS,HOWARD MIERZWIAK,1.0
95,MIERZWIAK,HOWARD MIERZWIAK,0.9607710444389004
95,MIERZWIAK,HOWARD MIERZWIAK,1.0
95,HOLLIS,HOWARD MIERZWIAK,1.0
95,MARY,HOWARD MIERZWIAK,1.0
95,HOWARD,HOWARD MIERZWIAK,1.0
95,STAN,HOWARD MIERZWIAK,1.0
95,MARY,HOWARD MIERZWIAK,1.0
95,HOLLIS,HOWARD MIERZWIAK,1.0
95,MARY,HOWARD MIERZWIAK,1.0
95,HOLLIS,HOWARD MIERZWIAK,1.0
95,MARY,HOWARD MIERZWIAK,1.0
95,HOWARD,HOWARD MIERZWIAK,1.0
95,HOWARD,HOWARD MIERZWIAK,1.0
95,MARY,HOWARD MIERZWIAK,1.0
95,STAN,HOWARD MIERZWIAK,1.0
95,MARY,HOWARD MIERZWIAK,1.0
96,PATRICK,HOWARD MIERZWIAK,1.0
96,CLEMENTINE,HOWARD MIERZWIAK,0.8
96,PATRICK,HOWARD MIERZWIAK,1.0
97,MARY,HOWARD MIERZWIAK,1.0
98,STAN,HOWARD MIERZWIAK,1.0
99,CLEMENTINE,HOWARD MIERZWIAK,0.8
99,JOEL,HOWARD MIERZWIAK,1.0
99,CLEMENTINE,HOWARD MIERZWIAK,1.0
99,STEPHEN DIXON,STEPHEN DIXON,1.0
99,JOEL,HOWARD MIERZWIAK,1.0
99,JOEL,HOWARD MIERZWIAK,1.0
100,JOEL,HOWARD MIERZWIAK,1.0
100,CLEMENTINE,HOWARD MIERZWIAK,0.8
100,JOEL,HOWARD MIERZWIAK,1.0
100,CLEMENTINE,HOWARD MIERZWIAK,0.8
100,JOEL,HOWARD MIERZWIAK,1.0
100,CLEMENTINE,HOWARD MIERZWIAK,0.8
100,JOEL,HOWARD MIERZWIAK,1.0
100,CLEMENTINE,HOWARD MIERZWIAK,0.8
100,JOEL,HOWARD MIERZWIAK,1.0
100,CLEMENTINE,HOWARD MIERZWIAK,0.8
100,JOEL,HOWARD MIERZWIAK,1.0
100,CLEMENTINE,HOWARD MIERZWIAK,0.8
100,CHINESE,HOWARD MIERZWIAK,0.6789971321367496
100,NAOMI,HOWARD MIERZWIAK,1.0
102,JOEL,HOWARD MIERZWIAK,1.0
102,CLEMENTINE,HOWARD MIERZWIAK,0.8
102,JOEL,HOWARD MIERZWIAK,1.0
102,CLEMENTINE,HOWARD MIERZWIAK,0.8
102,JOEL,HOWARD MIERZWIAK,1.0
102,CLEMENTINE,HOWARD MIERZWIAK,0.8
102,JOEL,HOWARD MIERZWIAK,1.0
102,JOEL,HOWARD MIERZWIAK,1.0
102,CLEMENTINE,HOWARD MIERZWIAK,0.8
102,JOEL,HOWARD MIERZWIAK,1.0
102,NAOMI,HOWARD MIERZWIAK,1.0
103,JOEL,HOWARD MIERZWIAK,1.0
103,CLEMENTINE,HOWARD MIERZWIAK,0.8
103,JOEL,HOWARD MIERZWIAK,1.0
103,CLEMENTINE,HOWARD MIERZWIAK,0.8
104,JOEL,HOWARD MIERZWIAK,1.0
104,JOEL,HOWARD MIERZWIAK,1.0
105,MIERZWIAK,HOWARD MIERZWIAK,0.7
105,MARY,HOWARD MIERZWIAK,1.0
105,MIERZWIAK,HOWARD MIERZWIAK,0.7
105,MARY,HOWARD MIERZWIAK,1.0
105,MARY,HOWARD MIERZWIAK,1.0
105,MARY,HOWARD MIERZWIAK,1.0
105,MARY,HOWARD MIERZWIAK,1.0
105,MARY,HOWARD MIERZWIAK,1.0
105,MARY,HOWARD MIERZWIAK,1.0
106,JOEL,HOWARD MIERZWIAK,1.0
106,NAOMI,HOWARD MIERZWIAK,1.0
108,NAOMI,HOWARD MIERZWIAK,1.0
109,NAOMI,HOWARD MIERZWIAK,0.8
109,JOEL,HOWARD MIERZWIAK,1.0
109,JOEL,HOWARD MIERZWIAK,1.0
109,NAOMI,HOWARD MIERZWIAK,0.8
109,JOEL,HOWARD MIERZWIAK,1.0
109,NAOMI,HOWARD MIERZWIAK,1.0
110,NAOMI,HOWARD MIERZWIAK,1.0
111,JOEL,HOWARD MIERZWIAK,1.0
111,CLEMENTINE,HOWARD MIERZWIAK,0.8
111,JOEL,HOWARD MIERZWIAK,1.0
112,NAOMI,HOWARD MIERZWIAK,0.8
112,JOEL,HOWARD MIERZWIAK,1.0
112,NAOMI,HOWARD MIERZWIAK,0.8
112,JOEL,HOWARD MIERZWIAK,1.0
112,NAOMI,HOWARD MIERZWIAK,0.8
112,JOEL,HOWARD MIERZWIAK,1.0
112,NAOMI,HOWARD MIERZWIAK,0.8
112,JOEL,HOWARD MIERZWIAK,1.0
112,NAOMI,HOWARD MIERZWIAK,0.8
112,JOEL,HOWARD MIERZWIAK,1.0
112,NAOMI,HOWARD MIERZWIAK,1.0
112,JOEL,HOWARD MIERZWIAK,1.0
112,NAOMI,HOWARD MIERZWIAK,1.0
112,JOEL,HOWARD MIERZWIAK,1.0
113,JOEL,HOWARD MIERZWIAK,1.0
113,JOEL,HOWARD MIERZWIAK,1.0
113,CLEMENTINE,HOWARD MIERZWIAK,0.8
113,JOEL,HOWARD MIERZWIAK,1.0
113,CLEMENTINE,HOWARD MIERZWIAK,0.8
113,JOEL,HOWARD MIERZWIAK,1.0
113,CLEMENTINE,HOWARD MIERZWIAK,0.8
113,JOEL,HOWARD MIERZWIAK,1.0
113,CLEMENTINE,HOWARD MIERZWIAK,0.8
113,JOEL,HOWARD MIERZWIAK,1.0
113,CLEMENTINE,HOWARD MIERZWIAK,0.8
113,JOEL,HOWARD MIERZWIAK,1.0
113,CLEMENTINE,HOWARD MIERZWIAK,0.8
113,JOEL,HOWARD MIERZWIAK,1.0
113,CLEMENTINE,HOWARD MIERZWIAK,0.8
113,JOEL,HOWARD MIERZWIAK,1.0
113,CLEMENTINE,HOWARD MIERZWIAK,0.8
113,JOEL,HOWARD MIERZWIAK,1.0
113,CLEMENTINE,HOWARD MIERZWIAK,0.8
113,JOEL,HOWARD MIERZWIAK,1.0
113,CLEMENTINE,HOWARD MIERZWIAK,0.8
113,JOEL,HOWARD MIERZWIAK,1.0
113,MARK,HOWARD MIERZWIAK,1.0
113,JOEL,HOWARD MIERZWIAK,1.0
113,JOEL,HOWARD MIERZWIAK,1.0
113,JOEL,HOWARD MIERZWIAK,1.0
113,JOEL,HOWARD MIERZWIAK,1.0
113,MALE EMPLOYEE,MALE EMPLOYEE,0.7
113,MALE EMPLOYEE,MALE EMPLOYEE,0.7
114,JOEL,HOWARD MIERZWIAK,1.0
114,CARRIE,HOWARD MIERZWIAK,1.0
114,JOEL,HOWARD MIERZWIAK,1.0
114,CARRIE,HOWARD MIERZWIAK,1.0
114,JOEL,HOWARD MIERZWIAK,1.0
114,JOEL,HOWARD MIERZWIAK,1.0
114,NAOMI,HOWARD MIERZWIAK,1.0
115,JOEL,HOWARD MIERZWIAK,1.0
116,NAOMI,HOWARD MIERZWIAK,0.8
116,JOEL,HOWARD MIERZWIAK,1.0
116,NAOMI,HOWARD MIERZWIAK,0.8
116,JOEL,HOWARD MIERZWIAK,1.0
116,NAOMI,HOWARD MIERZWIAK,0.8
116,JOEL,HOWARD MIERZWIAK,1.0
116,NAOMI,HOWARD MIERZWIAK,0.8
116,JOEL,HOWARD MIERZWIAK,1.0
116,JOEL,HOWARD MIERZWIAK,1.0
116,NAOMI,HOWARD MIERZWIAK,1.0
116,NAOMI,HOWARD MIERZWIAK,1.0
116,JOEL,HOWARD MIERZWIAK,1.0
116,NAOMI,HOWARD MIERZWIAK,1.0
116,JOEL,HOWARD MIERZWIAK,1.0
117,JOEL,HOWARD MIERZWIAK,1.0
117,NAOMI,HOWARD MIERZWIAK,0.8
117,JOEL,HOWARD MIERZWIAK,1.0
117,NAOMI,HOWARD MIERZWIAK,1.0
117,NAOMI,HOWARD MIERZWIAK,1.0
117,JOEL,HOWARD MIERZWIAK,1.0
117,NAOMI,HOWARD MIERZWIAK,0.8
117,JOEL,HOWARD MIERZWIAK,1.0
117,NAOMI,HOWARD MIERZWIAK,1.0
117,JOEL,HOWARD MIERZWIAK,1.0
117,NAOMI,HOWARD MIERZWIAK,1.0
118,CARRIE,HOWARD MIERZWIAK,1.0
118,JOEL,HOWARD MIERZWIAK,1.0
118,JOEL,HOWARD MIERZWIAK,1.0
118,CARRIE,HOWARD MIERZWIAK,1.0
118,JOEL,HOWARD MIERZWIAK,1.0
118,CARRIE,HOWARD MIERZWIAK,1.0
118,JOEL,HOWARD MIERZWIAK,1.0
118,CARRIE,HOWARD MIERZWIAK,1.0
118,JOEL,HOWARD MIERZWIAK,1.0
118,NAOMI,HOWARD MIERZWIAK,1.0
118,JOEL,HOWARD MIERZWIAK,1.0
118,JOEL,HOWARD MIERZWIAK,1.0
118,JOEL,HOWARD MIERZWIAK,1.0
119,CARRIE,HOWARD MIERZWIAK,1.0
119,JOEL,HOWARD MIERZWIAK,1.0
119,JOEL,HOWARD MIERZWIAK,1.0
120,JOEL,HOWARD MIERZWIAK,1.0
121,CARRIE,HOWARD MIERZWIAK,1.0
121,JOEL,HOWARD MIERZWIAK,1.0
122,JOEL,HOWARD MIERZWIAK,1.0
122,ROB,HOWARD MIERZWIAK,1.0
123,JOEL,HOWARD MIERZWIAK,1.0
123,JOEL,HOWARD MIERZWIAK,1.0
123,JOEL,HOWARD MIERZWIAK,1.0
123,CLEMENTINE,HOWARD MIERZWIAK,0.8
123,JOEL,HOWARD MIERZWIAK,1.0
123,JOEL,HOWARD MIERZWIAK,1.0
123,CLEMENTINE,HOWARD MIERZWIAK,0.8
123,JOEL,HOWARD MIERZWIAK,1.0
123,CLEMENTINE,HOWARD MIERZWIAK,0.8
123,JOEL,HOWARD MIERZWIAK,1.0
123,CLEMENTINE,HOWARD MIERZWIAK,0.8
123,CLEMENTINE,HOWARD MIERZWIAK,1.0
123,JOEL,HOWARD MIERZWIAK,1.0
123,CLEMENTINE,HOWARD MIERZWIAK,0.8
123,JOEL,HOWARD MIERZWIAK,1.0
123,CLEMENTINE,HOWARD MIERZWIAK,0.8
123,JOEL,HOWARD MIERZWIAK,1.0
123,JOEL,HOWARD MIERZWIAK,1.0
123,CLEMENTINE,HOWARD MIERZWIAK,0.8
123,JOEL,HOWARD MIERZWIAK,1.0
123,CLEMENTINE,HOWARD MIERZWIAK,1.0
123,JOEL,HOWARD MIERZWIAK,1.0
123,CLEMENTINE,HOWARD MIERZWIAK,0.8
123,JOEL,HOWARD MIERZWIAK,1.0
123,CLEMENTINE,HOWARD MIERZWIAK,0.8
123,JOEL,HOWARD MIERZWIAK,1.0
123,CLEMENTINE,HOWARD MIERZWIAK,0.8
123,JOEL,HOWARD MIERZWIAK,1.0
123,JOEL,HOWARD MIERZWIAK,1.0
123,CLEMENTINE,HOWARD MIERZWIAK,0.8
123,JOEL,HOWARD MIERZWIAK,1.0
123,CLEMENTINE,HOWARD MIERZWIAK,0.8
123,JOEL,HOWARD MIERZWIAK,1.0
123,CLEMENTINE,HOWARD MIERZWIAK,0.8
123,JOEL,HOWARD MIERZWIAK,1.0
123,CLEMENTINE,HOWARD MIERZWIAK,0.8
123,JOEL,HOWARD MIERZWIAK,1.0
123,CLEMENTINE,HOWARD MIERZWIAK,0.8
123,JOEL,HOWARD MIERZWIAK,1.0
123,CLEMENTINE,HOWARD MIERZWIAK,0.8
123,JOEL,HOWARD MIERZWIAK,1.0
123,CLEMENTINE,HOWARD MIERZWIAK,0.8
123,JOEL,HOWARD MIERZWIAK,1.0
123,CLEMENTINE,HOWARD MIERZWIAK,0.8
123,JOEL,HOWARD MIERZWIAK,1.0
123,CLEMENTINE,HOWARD MIERZWIAK,0.8
123,CLEMENTINE,HOWARD MIERZWIAK,1.0
123,JOEL,HOWARD MIERZWIAK,1.0
123,CLEMENTINE,HOWARD MIERZWIAK,0.8
123,CLEMENTINE,HOWARD MIERZWIAK,1.0
123,JOEL,HOWARD MIERZWIAK,1.0
123,CLEMENTINE,HOWARD MIERZWIAK,0.8
123,JOEL,HOWARD MIERZWIAK,1.0
123,CLEMENTINE,HOWARD MIERZWIAK,0.8
123,CLEMENTINE,HOWARD MIERZWIAK,1.0
123,JOEL,HOWARD MIERZWIAK,1.0
123,CLEMENTINE,HOWARD MIERZWIAK,0.8
123,CLEMENTINE,HOWARD MIERZWIAK,1.0
123,JOEL,HOWARD MIERZWIAK,1.0
123,CLEMENTINE,HOWARD MIERZWIAK,0.8
123,JOEL,HOWARD MIERZWIAK,1.0
123,CLEMENTINE,HOWARD MIERZWIAK,1.0
123,JOEL,HOWARD MIERZWIAK,1.0
123,CLEMENTINE,HOWARD MIERZWIAK,0.8
123,CLEMENTINE,HOWARD MIERZWIAK,1.0
123,JOEL,HOWARD MIERZWIAK,1.0
123,ROB,HOWARD MIERZWIAK,1.0
123,JOEL,HOWARD MIERZWIAK,1.0
123,JOEL,HOWARD MIERZWIAK,1.0
123,GREEN,HOWARD MIERZWIAK,1.0
123,JOEL,HOWARD MIERZWIAK,1.0
123,JOEL,HOWARD MIERZWIAK,1.0
123,HOUND,HOWARD MIERZWIAK,0.9456879573483623
123,JOEL,HOWARD MIERZWIAK,1.0
123,JOEL,HOWARD MIERZWIAK,1.0
123,JOEL,HOWARD MIERZWIAK,1.0
123,JOEL,HOWARD MIERZWIAK,1.0
123,JOEL,HOWARD MIERZWIAK,1.0
123,JOEL,HOWARD MIERZWIAK,1.0
123,JOEL,HOWARD MIERZWIAK,1.0
124,JOEL,HOWARD MIERZWIAK,1.0
124,CLEMENTINE,HOWARD MIERZWIAK,0.8
124,JOEL,HOWARD MIERZWIAK,1.0
124,CLEMENTINE,HOWARD MIERZWIAK,0.8
124,JOEL,HOWARD MIERZWIAK,1.0
124,CLEMENTINE,HOWARD MIERZWIAK,0.8
124,JOEL,HOWARD MIERZWIAK,1.0
124,CLEMENTINE,HOWARD MIERZWIAK,0.8
124,JOEL,HOWARD MIERZWIAK,1.0
124,CLEMENTINE,HOWARD MIERZWIAK,1.0
124,JOEL,HOWARD MIERZWIAK,1.0
124,CLEMENTINE,HOWARD MIERZWIAK,1.0
124,JOEL,HOWARD MIERZWIAK,1.0
124,CLEMENTINE,HOWARD MIERZWIAK,0.8
124,CLEMENTINE,HOWARD MIERZWIAK,1.0
124,JOEL,HOWARD MIERZWIAK,1.0
124,CLEMENTINE,HOWARD MIERZWIAK,0.8
124,JOEL,HOWARD MIERZWIAK,1.0
124,NAOMI,HOWARD MIERZWIAK,1.0
124,NAOMI,HOWARD MIERZWIAK,1.0
124,AH,AH,1.0
124,DAVID,HOWARD MIERZWIAK,1.0
124,JOEL,HOWARD MIERZWIAK,1.0
125,JOEL,HOWARD MIERZWIAK,1.0
126,CARRIE,HOWARD MIERZWIAK,1.0
126,ROB,HOWARD MIERZWIAK,1.0
126,JOEL,HOWARD MIERZWIAK,1.0
126,JOEL,HOWARD MIERZWIAK,1.0
126,ROB,HOWARD MIERZWIAK,1.0
127,HOWARD,HOWARD MIERZWIAK,1.0
127,HOLLIS,HOWARD MIERZWIAK,1.0
127,HOWARD,HOWARD MIERZWIAK,1.0
127,STAN,HOWARD MIERZWIAK,1.0
127,STAN,HOWARD MIERZWIAK,1.0
127,JOEL,HOWARD MIERZWIAK,1.0
127,HOWARD,HOWARD MIERZWIAK,1.0
127,HOWARD,HOWARD MIERZWIAK,1.0
128,STAN,HOWARD MIERZWIAK,1.0
128,MIERZWIAK,HOWARD MIERZWIAK,0.7
128,STAN,HOWARD MIERZWIAK,1.0
128,HOWARD,HOWARD MIERZWIAK,1.0
128,HOWARD,HOWARD MIERZWIAK,1.0
128,STAN,HOWARD MIERZWIAK,1.0
129,PATRICK,HOWARD MIERZWIAK,1.0
129,PATRICK,HOWARD MIERZWIAK,1.0
129,PATRICK,HOWARD MIERZWIAK,1.0
129,PATRICK,HOWARD MIERZWIAK,1.0
129,MARY,HOWARD MIERZWIAK,1.0
129,MARY,HOWARD MIERZWIAK,1.0
129,PATRICK,HOWARD MIERZWIAK,1.0
129,MARY,HOWARD MIERZWIAK,1.0
129,MARY,HOWARD MIERZWIAK,1.0
130,STAN,HOWARD MIERZWIAK,1.0
130,MARY,HOWARD MIERZWIAK,1.0
130,STAN,HOWARD MIERZWIAK,1.0
130,MARY,HOWARD MIERZWIAK,1.0
130,STAN,HOWARD MIERZWIAK,1.0
130,STAN,HOWARD MIERZWIAK,1.0
130,MARY,HOWARD MIERZWIAK,1.0
130,STAN,HOWARD MIERZWIAK,1.0
130,MARY,HOWARD MIERZWIAK,1.0
130,STAN,HOWARD MIERZWIAK,1.0
130,STAN,HOWARD MIERZWIAK,1.0
130,MARY,HOWARD MIERZWIAK,1.0
130,STAN,HOWARD MIERZWIAK,1.0
130,MARY,HOWARD MIERZWIAK,1.0
130,MARY,HOWARD MIERZWIAK,1.0
130,STAN,HOWARD MIERZWIAK,1.0
130,MARY,HOWARD MIERZWIAK,1.0
130,MARY,HOWARD MIERZWIAK,1.0
130,MARY,HOWARD MIERZWIAK,1.0
130,MARY,HOWARD MIERZWIAK,1.0
130,STAN,HOWARD MIERZWIAK,1.0
131,JOEL,HOWARD MIERZWIAK,1.0
132,JOEL,HOWARD MIERZWIAK,1.0
132,JOEL,HOWARD MIERZWIAK,1.0
133,JOEL,HOWARD MIERZWIAK,1.0
133,NAOMI,HOWARD MIERZWIAK,1.0
134,MARY,HOWARD MIERZWIAK,1.0
135,MARY,HOWARD MIERZWIAK,1.0
135,MARY,HOWARD MIERZWIAK,1.0
135,MIERZWIAK,HOWARD MIERZWIAK,0.7
135,MARY,HOWARD MIERZWIAK,1.0
135,MIERZWIAK,HOWARD MIERZWIAK,0.7
135,MARY,HOWARD MIERZWIAK,1.0
135,MIERZWIAK,HOWARD MIERZWIAK,0.7
135,MARY,HOWARD MIERZWIAK,1.0
135,MIERZWIAK,HOWARD MIERZWIAK,0.7
135,MARY,HOWARD MIERZWIAK,1.0
135,HOWARD,HOWARD MIERZWIAK,1.0
135,MARY,HOWARD MIERZWIAK,1.0
135,MARY,HOWARD MIERZWIAK,1.0
136,NAOMI,HOWARD MIERZWIAK,0.8
136,JOEL,HOWARD MIERZWIAK,1.0
136,NAOMI,HOWARD MIERZWIAK,0.8
136,JOEL,HOWARD MIERZWIAK,1.0
136,NAOMI,HOWARD MIERZWIAK,0.8
136,JOEL,HOWARD MIERZWIAK,1.0
136,NAOMI,HOWARD MIERZWIAK,0.8
136,JOEL,HOWARD MIERZWIAK,1.0
136,NAOMI,HOWARD MIERZWIAK,0.8
136,JOEL,HOWARD MIERZWIAK,1.0
136,NAOMI,HOWARD MIERZWIAK,0.8
137,JOEL,HOWARD MIERZWIAK,1.0
137,NAOMI,HOWARD MIERZWIAK,0.8
138,PATRICK,HOWARD MIERZWIAK,1.0
139,JOEL,HOWARD MIERZWIAK,1.0
139,JOEL,HOWARD MIERZWIAK,1.0
140,MARY,HOWARD MIERZWIAK,1.0
140,JOEL,HOWARD MIERZWIAK,1.0
141,CLEMENTINE,HOWARD MIERZWIAK,0.8
141,JOEL,HOWARD MIERZWIAK,1.0
141,CLEMENTINE,HOWARD MIERZWIAK,0.8
141,JOEL,HOWARD MIERZWIAK,1.0
141,CLEMENTINE,HOWARD MIERZWIAK,0.8
141,JOEL,HOWARD MIERZWIAK,1.0
141,JOEL,HOWARD MIERZWIAK,1.0
141,JOEL,HOWARD MIERZWIAK,1.0
141,JOEL,HOWARD MIERZWIAK,1.0
142,JOEL,HOWARD MIERZWIAK,1.0
142,NAOMI,HOWARD MIERZWIAK,0.8
142,JOEL,HOWARD MIERZWIAK,1.0
142,NAOMI,HOWARD MIERZWIAK,0.8
142,JOEL,HOWARD MIERZWIAK,1.0
142,NAOMI,HOWARD MIERZWIAK,0.8
142,JOEL,HOWARD MIERZWIAK,1.0
142,NAOMI,HOWARD MIERZWIAK,0.8
142,JOEL,HOWARD MIERZWIAK,1.0
142,NAOMI,HOWARD MIERZWIAK,0.8
142,JOEL,HOWARD MIERZWIAK,1.0
142,NAOMI,HOWARD MIERZWIAK,0.8
142,JOEL,HOWARD MIERZWIAK,1.0
142,NAOMI,HOWARD MIERZWIAK,0.8
142,JOEL,HOWARD MIERZWIAK,1.0
142,NAOMI,HOWARD MIERZWIAK,0.8
142,CLEMENTINE,HOWARD MIERZWIAK,0.8
142,JOEL,HOWARD MIERZWIAK,1.0
142,CLEMENTINE,HOWARD MIERZWIAK,0.8
142,JOEL,HOWARD MIERZWIAK,1.0
142,CLEMENTINE,HOWARD MIERZWIAK,0.8
142,JOEL,HOWARD MIERZWIAK,1.0
142,CLEMENTINE,HOWARD MIERZWIAK,0.8
142,JOEL,HOWARD MIERZWIAK,1.0
142,NAOMI,HOWARD MIERZWIAK,0.9686392653720083
142,JOEL,HOWARD MIERZWIAK,1.0
142,NAOMI,HOWARD MIERZWIAK,0.9685499426220553
142,JOEL,HOWARD MIERZWIAK,1.0
142,JOEL,HOWARD MIERZWIAK,1.0
143,CLEMENTINE,HOWARD MIERZWIAK,0.8
143,JOEL,HOWARD MIERZWIAK,1.0
143,JOEL,HOWARD MIERZWIAK,1.0
143,CLEMENTINE,HOWARD MIERZWIAK,0.8
143,JOEL,HOWARD MIERZWIAK,1.0
143,CLEMENTINE,HOWARD MIERZWIAK,0.8
143,JOEL,HOWARD MIERZWIAK,1.0
143,CLEMENTINE,HOWARD MIERZWIAK,0.8
143,JOEL,HOWARD MIERZWIAK,1.0
143,CLEMENTINE,HOWARD MIERZWIAK,0.8
143,JOEL,HOWARD MIERZWIAK,1.0
143,CLEMENTINE,HOWARD MIERZWIAK,0.8
143,JOEL,HOWARD MIERZWIAK,1.0
143,CLEMENTINE,HOWARD MIERZWIAK,0.8
143,JOEL,HOWARD MIERZWIAK,1.0
143,CLEMENTINE,HOWARD MIERZWIAK,0.8
143,JOEL,HOWARD MIERZWIAK,1.0
143,CLEMENTINE,HOWARD MIERZWIAK,0.8
143,JOEL,HOWARD MIERZWIAK,1.0
143,CLEMENTINE,HOWARD MIERZWIAK,0.8
143,JOEL,HOWARD MIERZWIAK,1.0
143,CLEMENTINE,HOWARD MIERZWIAK,0.8
143,JOEL,HOWARD MIERZWIAK,1.0
143,JOEL,HOWARD MIERZWIAK,1.0
143,JOEL,HOWARD MIERZWIAK,1.0
143,LISTEN,HOWARD MIERZWIAK,0.7603124899218207
143,JOEL,HOWARD MIERZWIAK,1.0
144,JOEL,HOWARD MIERZWIAK,1.0
145,CLEMENTINE,HOWARD MIERZWIAK,0.8
145,JOEL,HOWARD MIERZWIAK,1.0
145,CLEMENTINE,HOWARD MIERZWIAK,0.8
145,JOEL,HOWARD MIERZWIAK,1.0
145,CLEMENTINE,HOWARD MIERZWIAK,0.8
145,JOEL,HOWARD MIERZWIAK,1.0
145,CLEMENTINE,HOWARD MIERZWIAK,0.8
145,JOEL,HOWARD MIERZWIAK,1.0
145,JOEL,HOWARD MIERZWIAK,1.0
146,CARRIE,HOWARD MIERZWIAK,1.0
146,JOEL,HOWARD MIERZWIAK,1.0
147,JOEL,HOWARD MIERZWIAK,1.0
147,CLEMENTINE,HOWARD MIERZWIAK,0.8
147,JOEL,HOWARD MIERZWIAK,1.0
147,CLEMENTINE,HOWARD MIERZWIAK,0.8
147,JOEL,HOWARD MIERZWIAK,1.0
147,JOEL,HOWARD MIERZWIAK,1.0
147,JOEL,HOWARD MIERZWIAK,1.0
147,JOEL,HOWARD MIERZWIAK,1.0
148,CLEMENTINE,HOWARD MIERZWIAK,0.8
148,JOEL,HOWARD MIERZWIAK,1.0
148,CLEMENTINE,HOWARD MIERZWIAK,0.8
148,JOEL,HOWARD MIERZWIAK,1.0
148,CLEMENTINE,HOWARD MIERZWIAK,0.8
148,JOEL,HOWARD MIERZWIAK,1.0
148,CLEMENTINE,HOWARD MIERZWIAK,0.8
148,JOEL,HOWARD MIERZWIAK,1.0
148,CLEMENTINE,HOWARD MIERZWIAK,0.8
148,JOEL,HOWARD MIERZWIAK,1.0
148,CLEMENTINE,HOWARD MIERZWIAK,0.8
148,JOEL,HOWARD MIERZWIAK,1.0
148,CLEMENTINE,HOWARD MIERZWIAK,0.8
148,CLEMENTINE,HOWARD MIERZWIAK,1.0
148,CLEMENTINE,HOWARD MIERZWIAK,1.0
148,JOEL,HOWARD MIERZWIAK,1.0
148,JOEL,HOWARD MIERZWIAK,1.0
149,RECEPTIONIST,HOWARD MIERZWIAK,0.8
149,STAN,HOWARD MIERZWIAK,1.0
149,RECEPTIONIST,HOWARD MIERZWIAK,0.8
149,STAN,HOWARD MIERZWIAK,1.0
149,STAN,HOWARD MIERZWIAK,1.0
149,HOWARD I,HOWARD MIERZWIAK,1.0
149,MIERZWIAK,HOWARD MIERZWIAK,1.0
149,STAN,HOWARD MIERZWIAK,1.0
149,STAN,HOWARD MIERZWIAK,1.0
150,MIERZWIAK,HOWARD MIERZWIAK,0.7
150,STAN,HOWARD MIERZWIAK,1.0
150,MIERZWIAK,HOWARD MIERZWIAK,0.7
150,STAN,HOWARD MIERZWIAK,1.0
150,YOUNG WOMAN,YOUNG WOMAN,1.0
150,MIERZWIAK,HOWARD MIERZWIAK,0.7
150,YOUNG WOMAN,YOUNG WOMAN,1.0
150,PATRICK,HOWARD MIERZWIAK,1.0
150,MIERZWIAK,HOWARD MIERZWIAK,0.7
150,STAN,HOWARD MIERZWIAK,1.0
150,MIERZWIAK,HOWARD MIERZWIAK,1.0
150,STAN,HOWARD MIERZWIAK,1.0
150,HOWARD,HOWARD MIERZWIAK,1.0
150,MARY,HOWARD MIERZWIAK,1.0
150,PATRICK,HOWARD MIERZWIAK,1.0
150,STAN,HOWARD MIERZWIAK,1.0
150,STAN,HOWARD MIERZWIAK,1.0
150,MARY,HOWARD MIERZWIAK,1.0
151,JOEL,HOWARD MIERZWIAK,1.0
151,CLEMENTINE,HOWARD MIERZWIAK,0.8
151,JOEL,HOWARD MIERZWIAK,1.0
151,CLEMENTINE,HOWARD MIERZWIAK,0.8
151,JOEL,HOWARD MIERZWIAK,1.0
151,CLEMENTINE,HOWARD MIERZWIAK,0.8
151,JOEL,HOWARD MIERZWIAK,1.0
151,CLEMENTINE,HOWARD MIERZWIAK,0.8
151,JOEL,HOWARD MIERZWIAK,1.0
151,CLEMENTINE,HOWARD MIERZWIAK,0.8
151,JOEL,HOWARD MIERZWIAK,1.0
151,CLEMENTINE,HOWARD MIERZWIAK,0.8
151,JOEL,HOWARD MIERZWIAK,1.0
151,CLEMENTINE,HOWARD MIERZWIAK,0.8
151,MEET,HOWARD MIERZWIAK,0.8141451878808915
152,MARY,HOWARD MIERZWIAK,1.0
152,STAN,HOWARD MIERZWIAK,1.0
152,MARY,HOWARD MIERZWIAK,1.0
152,STAN,HOWARD MIERZWIAK,1.0
152,STAN,HOWARD MIERZWIAK,1.0
152,MARY,HOWARD MIERZWIAK,1.0
152,STAN,HOWARD MIERZWIAK,1.0
152,MARY,HOWARD MIERZWIAK,1.0
152,STAN,HOWARD MIERZWIAK,1.0
152,MARY,HOWARD MIERZWIAK,1.0
152,STAN,HOWARD MIERZWIAK,1.0
152,MARY,HOWARD MIERZWIAK,1.0
152,STAN,HOWARD MIERZWIAK,1.0
152,MARY,HOWARD MIERZWIAK,1.0
152,STAN,HOWARD MIERZWIAK,1.0
152,MARY,HOWARD MIERZWIAK,1.0
152,MARY,HOWARD MIERZWIAK,1.0
152,STAN,HOWARD MIERZWIAK,1.0
152,STAN,HOWARD MIERZWIAK,1.0
152,STAN,HOWARD MIERZWIAK,1.0
152,STAN,HOWARD MIERZWIAK,1.0
152,MARY,HOWARD MIERZWIAK,1.0
152,MARY,HOWARD MIERZWIAK,1.0
152,MARY,HOWARD MIERZWIAK,1.0
152,STAN,HOWARD MIERZWIAK,1.0
153,SAD WOMAN,SAD WOMAN,0.7
153,MAN,HOWARD MIERZWIAK,1.0
153,MAN,HOWARD MIERZWIAK,1.0
153,MAN,HOWARD MIERZWIAK,1.0
153,SAD WOMAN,SAD WOMAN,0.7
153,SAD WOMAN,SAD WOMAN,0.7
153,MAN,HOWARD MIERZWIAK,0.7
154,MARY,HOWARD MIERZWIAK,1.0
154,MARY,HOWARD MIERZWIAK,1.0
154,MARY,HOWARD MIERZWIAK,1.0
154,SAD WOMAN,SAD WOMAN,0.7
154,MARY,HOWARD MIERZWIAK,1.0
154,MARY,HOWARD MIERZWIAK,1.0
154,HOWARD,HOWARD MIERZWIAK,1.0
156,MAN,HOWARD MIERZWIAK,1.0
156,MARY,HOWARD MIERZWIAK,1.0
158,OLD MAN,HOWARD MIERZWIAK,1.0
158,SECOND OLD WOMAN,SECOND OLD WOMAN,1.0
158,MARY,HOWARD MIERZWIAK,1.0
158,HOWARD,HOWARD MIERZWIAK,1.0
158,HOWARD,HOWARD MIERZWIAK,1.0
158,MARY,HOWARD MIERZWIAK,1.0
158,OLD WOMAN,SECOND OLD WOMAN,0.7
158,OLD MAN,HOWARD MIERZWIAK,0.7
158,OLD WOMAN,SECOND OLD WOMAN,0.7
158,OLD WOMAN,SECOND OLD WOMAN,0.7
158,OLD WOMAN,SECOND OLD WOMAN,0.7
159,HOWARD,HOWARD MIERZWIAK,1.0
159,MARY,HOWARD MIERZWIAK,1.0
159,MIERZWIAK,HOWARD MIERZWIAK,1.0
159,HOWARD,HOWARD MIERZWIAK,1.0
159,KRUCZYNSKI,HOWARD MIERZWIAK,1.0
159,JOEL BARISH,HOWARD MIERZWIAK,1.0
159,OLD WOMAN,SECOND OLD WOMAN,0.7
159,OLD MAN,HOWARD MIERZWIAK,0.7
159,OLD MAN,HOWARD MIERZWIAK,0.7
159,OLD MAN,HOWARD MIERZWIAK,0.7
159,OLD WOMAN,SECOND OLD WOMAN,0.7
160,OLD WOMAN,SECOND OLD WOMAN,0.7
161,OLD WOMAN,SECOND OLD WOMAN,0.7
161,OLD WOMAN,SECOND OLD WOMAN,0.7
162,OLD WOMAN,SECOND OLD WOMAN,0.7
163,OLD MAN,HOWARD MIERZWIAK,1.0
