1,1,CLARICE STARLING,PERSON_NOUN,concentration. This is CLARICE STARLING, mid-20's, trim,,0.7,null
2,2,CLARICE,SPEAKER_ABOVE_DIALOGUE,CLARICE/Freeze! FBI!,0.7,NameDatabase@35f983a6
2,2,ARDELIA,SPEAKER_ABOVE_DIALOGUE,ARDELIA/Damn, Clarice, how'd you make me?,0.7,NameDatabase@35f983a6
2,2,CLARICE,SPEAKER_ABOVE_DIALOGUE,CLARICE/(indicating her gun),0.7,NameDatabase@35f983a6
2,2,ARDELIA,SPEAKER_ABOVE_DIALOGUE,ARDELIA/(grins),0.7,NameDatabase@35f983a6
2,2,SPECIAL AGENT JACK CRAWFORD,SPEAKER_ABOVE_DIALOGUE,SPECIAL AGENT JACK CRAWFORD/sits on the top step of the aisle, looking down at her. He,1.0,NameDatabase@35f983a6
2,2,CLARICE,SPEAKER_ABOVE_DIALOGUE,CLARICE/What'd I do?,0.7,NameDatabase@35f983a6
2,2,ARDELIA,SPEAKER_ABOVE_DIALOGUE,ARDELIA/Stay cool. Just remember to call him,0.7,NameDatabase@35f983a6
2,2,White,NAMEFINDER_ME,a startled MALE SUSPECT , white , mid - 20 ',0.8986012136135743,NameDatabase@35f983a6
2,2,Oddly Enough,NAMEFINDER_ME,in his hands , but oddly enough , it is held across,0.7294621930616467,NameDatabase@35f983a6
2,2,Still Keeping Her Covered,NAMEFINDER_ME,on her gun hand , still keeping her covered in case of movement .,1.0,NameDatabase@35f983a6
2,2,John Brigham Walks Onto This Set,NAMEFINDER_ME,as a training set . JOHN BRIGHAM walks onto this set , thumbing a stopwatch .,1.0,NameDatabase@35f983a6
2,2,Thumbing A Stopwatch,NAMEFINDER_ME,walks onto this set , thumbing a stopwatch . Mid - 40 ',0.7113636350677203,NameDatabase@35f983a6
2,2,Critique,NAMEFINDER_ME,Let ' s break . Critique in five . A class,0.9150986979125133,NameDatabase@35f983a6
2,2,Trainees,NAMEFINDER_ME,of about forty young FBI trainees , of both sexes ,,0.7023767288052295,NameDatabase@35f983a6
2,2,Each Hand,NAMEFINDER_ME,) One hundred reps , each hand , every day . Now,1.0,NameDatabase@35f983a6
2,2,Every Day,NAMEFINDER_ME,reps , each hand , every day . Now tidy up ,,1.0,NameDatabase@35f983a6
2,2,Stay Cool,NAMEFINDER_ME,' d I do ? Stay cool . Just remember to call,0.939875539855427,NameDatabase@35f983a6
2,2,Just Remember To Call Him,NAMEFINDER_ME,do ? Stay cool . Just remember to call him "" God . "" CUT,1.0,NameDatabase@35f983a6
2,2,FEMALE HOSTAGE,PERSON_ADJ,edge of a bed - a FEMALE HOSTAGE. Black, late 20's, gagged,,0.7,null
2,2,MALE SUSPECT,PERSON_ADJ,MALE SUSPECT, white, mid-20's, standing by a window with a,0.7,null
2,2,that we're in,PERSON_NOUN,we see that we're in some sort of auditorium, with the ""hotel,0.7,null
3,3,CLARICE,SPEAKER_ABOVE_DIALOGUE,CLARICE/Good morning, Mr. Crawford.,0.7,NameDatabase@35f983a6
3,3,CLARICE,SPEAKER_ABOVE_DIALOGUE,CLARICE/I hope so. They haven't posted,0.7,NameDatabase@35f983a6
3,3,CLARICE,SPEAKER_ABOVE_DIALOGUE,CLARICE/Not yet.,0.7,NameDatabase@35f983a6
3,3,CLARICE,SPEAKER_ABOVE_DIALOGUE,CLARICE/Who's the subject?,0.7,NameDatabase@35f983a6
3,3,CLARICE,SPEAKER_ABOVE_DIALOGUE,CLARICE/The cannibal...,0.7,NameDatabase@35f983a6
3,3,CLARICE,SPEAKER_ABOVE_DIALOGUE,CLARICE/Yes, well... Okay, right. I'm glad,0.7,NameDatabase@35f983a6
3,3,CLARICE,SPEAKER_ABOVE_DIALOGUE,CLARICE/Yes sir.,0.7,NameDatabase@35f983a6
3,3,CLARICE,SPEAKER_ABOVE_DIALOGUE,CLARICE/(a bit unnerved),0.7,NameDatabase@35f983a6
3,3,Trainees,NAMEFINDER_ME,is watching a group of trainees on the firing range ,,0.9122809311332009,NameDatabase@35f983a6
3,3,Crawford,NAMEFINDER_ME,Good morning , Mr . Crawford . Your instructors tell me,0.7188678423399146,NameDatabase@35f983a6
3,3,Trainees Jogs By,NAMEFINDER_ME,grounds . A group of trainees jogs by , in matching sweats ,,1.0,NameDatabase@35f983a6
3,3,Hannibal Lecter,NAMEFINDER_ME,The psychiatrist - Dr . Hannibal Lecter . Clarice stops walking ,,1.0,NameDatabase@35f983a6
3,3,Burroughs,NAMEFINDER_ME,in behind the wheel . BURROUGHS , his assistant , says,0.8422879987793553,NameDatabase@35f983a6
3,3,Chilton,NAMEFINDER_ME,Hannibal Lecter . Dr . Chilton at the asylum will go,0.9036661379081551,NameDatabase@35f983a6
3,3,But Never,NAMEFINDER_ME,Just do your job , but never forget what he is .,0.8757088750994599,NameDatabase@35f983a6
3,3,Chilton,NAMEFINDER_ME,is that , sir ? CHILTON ( V . O .,0.7240104400848208,NameDatabase@35f983a6
4,4,CLARICE,SPEAKER_ABOVE_DIALOGUE,CLARICE/I'm sure it's a great town, Dr.,0.7,NameDatabase@35f983a6
4,4,Clarice,NAMEFINDER_ME,in a male hand . Clarice ' s photo , official,1.0,NameDatabase@35f983a6
4,4,Lecter Is Our Most Prized Asset,NAMEFINDER_ME,of view , Dr . Lecter is our most prized asset ... DR . FREDERICK CHILTON,1.0,NameDatabase@35f983a6
4,4,Frederick Chilton Looks Up From,NAMEFINDER_ME,prized asset ... DR . FREDERICK CHILTON looks up from her card . A smarmy,1.0,NameDatabase@35f983a6
4,4,Will You,NAMEFINDER_ME,rudely left her standing . Will you be in Baltimore overnight ...,1.0,NameDatabase@35f983a6
4,4,Chilton,NAMEFINDER_ME,great town , Dr . Chilton , but my instructions are,0.9522216432716929,NameDatabase@35f983a6
4,4,But My Instructions,NAMEFINDER_ME,, Dr . Chilton , but my instructions are to talk to Lecter,0.944407749081319,NameDatabase@35f983a6
5,5,CLARICE,SPEAKER_ABOVE_DIALOGUE,CLARICE/How do you mean, Dr. Chilton?,0.7,NameDatabase@35f983a6
5,5,CLARICE,SPEAKER_ABOVE_DIALOGUE,CLARICE/I graduated magna from UVA, Doctor.,0.7,NameDatabase@35f983a6
5,5,Chilton Walks Ahead,NAMEFINDER_ME,the bolt shooting home . Chilton walks ahead of her . Lecter carved,1.0,NameDatabase@35f983a6
5,5,My,NAMEFINDER_ME,the standard tests . And my , does he hate us,1.0,NameDatabase@35f983a6
5,5,Chilton,NAMEFINDER_ME,you mean , Dr . Chilton ? A pretty young woman,0.8976251581033299,NameDatabase@35f983a6
6,6,CLARICE,SPEAKER_ABOVE_DIALOGUE,CLARICE/I understand.,0.7,NameDatabase@35f983a6
6,6,CLARICE,SPEAKER_ABOVE_DIALOGUE,CLARICE/(quickly blocking him),0.7,NameDatabase@35f983a6
6,6,CLARICE,SPEAKER_ABOVE_DIALOGUE,CLARICE/But then I would've missed the,0.7,NameDatabase@35f983a6
6,6,BARNEY,SPEAKER_ABOVE_DIALOGUE,BARNEY/Hi, I'm Barney. He told you, don't,0.7,NameDatabase@35f983a6
6,6,CLARICE,SPEAKER_ABOVE_DIALOGUE,CLARICE/(shaking his hand),0.7,NameDatabase@35f983a6
6,6,BARNEY,SPEAKER_ABOVE_DIALOGUE,BARNEY/Okay. Past the others, it's the last,0.7,NameDatabase@35f983a6
6,6,BARNEY,SPEAKER_ABOVE_DIALOGUE,BARNEY/I'm watching. You'll do fine.,0.7,NameDatabase@35f983a6
6,6,Distant Slammings And Faint,NAMEFINDER_ME,grids over the lights . Distant SLAMMINGS and faint , hoarse SHOUTS . They,1.0,NameDatabase@35f983a6
6,6,Tranquilizer Guns,NAMEFINDER_ME,, mouthpieces , Mace , tranquilizer guns . ( quickly blocking him,1.0,NameDatabase@35f983a6
6,6,Chilton,NAMEFINDER_ME,blocking him ) Dr . Chilton - if Lecter feels you,0.9398712280803793,NameDatabase@35f983a6
6,6,Stay,NAMEFINDER_ME,s the last cell . Stay to the middle . I,0.72291083516706,NameDatabase@35f983a6
6,6,Indicates A,NAMEFINDER_ME,Sensing her tension , he indicates a nearby security monitor . I,0.6993517954326282,NameDatabase@35f983a6
6,6,Walks,NAMEFINDER_ME,takes a deep breath , walks into it . He watches,0.7034459525436031,NameDatabase@35f983a6
7,7,CLARICE,SPEAKER_ABOVE_DIALOGUE,CLARICE/Dr. Lecter... My name is Clarice,0.7,NameDatabase@35f983a6
7,7,CLARICE,SPEAKER_ABOVE_DIALOGUE,CLARICE/Doctor, we have a hard problem in,0.7,NameDatabase@35f983a6
7,7,CLARICE,SPEAKER_ABOVE_DIALOGUE,CLARICE/I am, yes.,0.7,NameDatabase@35f983a6
7,7,CLARICE,SPEAKER_ABOVE_DIALOGUE,CLARICE/I'm - still in training at the,0.7,NameDatabase@35f983a6
7,7,CLARICE,SPEAKER_ABOVE_DIALOGUE,CLARICE/We're talking about psychology,,0.7,NameDatabase@35f983a6
7,7,CLARICE,SPEAKER_ABOVE_DIALOGUE,CLARICE/He said - ""I can smell your cunt."",0.7,NameDatabase@35f983a6
7,7,CLARICE,SPEAKER_ABOVE_DIALOGUE,CLARICE/(beat),0.7,NameDatabase@35f983a6
7,7,CLARICE,SPEAKER_ABOVE_DIALOGUE,CLARICE/Maybe they'll catch up.,0.7,NameDatabase@35f983a6
7,7,CLARICE,SPEAKER_ABOVE_DIALOGUE,CLARICE/(shifting uncomfortably),0.7,NameDatabase@35f983a6
7,7,CLARICE,SPEAKER_ABOVE_DIALOGUE,CLARICE/All that detail, just from memory...?,0.7,NameDatabase@35f983a6
7,7,CLARICE,SPEAKER_ABOVE_DIALOGUE,CLARICE/Dr. Lecter, if you'd please consider -,0.7,NameDatabase@35f983a6
7,7,CLARICE,SPEAKER_ABOVE_DIALOGUE,CLARICE/I'm only asking you to look at this,,0.7,NameDatabase@35f983a6
7,7,CLARICE,SPEAKER_ABOVE_DIALOGUE,CLARICE/No, I came because we need -,0.7,NameDatabase@35f983a6
7,7,CLARICE,SPEAKER_ABOVE_DIALOGUE,CLARICE/Five... so far.,0.7,NameDatabase@35f983a6
7,7,CLARICE,SPEAKER_ABOVE_DIALOGUE,CLARICE/Partially, yes. But Doctor, that's,0.7,NameDatabase@35f983a6
7,7,CLARICE,SPEAKER_ABOVE_DIALOGUE,CLARICE/I'll tell you if you'll look at this,0.7,NameDatabase@35f983a6
7,7,CLARICE,SPEAKER_ABOVE_DIALOGUE,CLARICE/It excites him. Most serial killers,0.7,NameDatabase@35f983a6
7,7,CLARICE,SPEAKER_ABOVE_DIALOGUE,CLARICE/No. You ate yours.,0.7,NameDatabase@35f983a6
7,7,CLARICE,SPEAKER_ABOVE_DIALOGUE,CLARICE/No. I only hoped that your knowledge -,0.7,NameDatabase@35f983a6
7,7,CLARICE,SPEAKER_ABOVE_DIALOGUE,CLARICE/You see a lot, Dr. Lecter. But are,0.7,NameDatabase@35f983a6
7,7,CLARICE,SPEAKER_ABOVE_DIALOGUE,CLARICE/Reasonably so. Yes.,0.7,NameDatabase@35f983a6
7,7,CLARICE,SPEAKER_ABOVE_DIALOGUE,CLARICE/And the questionnaire...?,0.7,NameDatabase@35f983a6
7,7,CLARICE,SPEAKER_ABOVE_DIALOGUE,CLARICE/is spattered on the face and neck - not with blood, but with,0.7,NameDatabase@35f983a6
7,7,CLARICE,SPEAKER_ABOVE_DIALOGUE,CLARICE/Then please - do this test for me.,0.7,NameDatabase@35f983a6
7,7,CLARICE,SPEAKER_ABOVE_DIALOGUE,CLARICE/What's that, Dr. Lecter?,0.7,NameDatabase@35f983a6
7,7,Lecter,NAMEFINDER_ME,walks on . DR . LECTER ' S CELL is coming,0.8518352848199382,NameDatabase@35f983a6
7,7,At A,NAMEFINDER_ME,crayon . Clarice stops , at a polite distance from his bars,0.7675827781532686,NameDatabase@35f983a6
7,7,Hannibal Lecter Is Lounging On His Bunk,NAMEFINDER_ME,with you ? Dr . Hannibal Lecter is lounging on his bunk , in white pajamas ,,1.0,NameDatabase@35f983a6
7,7,Lecter,NAMEFINDER_ME,, soft . DR . LECTER Good morning . as Clarice,0.726605480330503,NameDatabase@35f983a6
7,7,Lecter ",NAMEFINDER_ME,a questionnaire . DR . LECTER "" We "" being the Behavioral,0.7920865683141929,NameDatabase@35f983a6
7,7,Jack Crawford,NAMEFINDER_ME,You ' re one of Jack Crawford ' s , I expect,1.0,NameDatabase@35f983a6
7,7,Lecter May,NAMEFINDER_ME,, yes . DR . LECTER May I see your credentials ?,1.0,NameDatabase@35f983a6
7,7,Lecter Closer,NAMEFINDER_ME,, soothingly . DR . LECTER Closer , please ... Clo -,0.9350710627588428,NameDatabase@35f983a6
7,7,Lecter,NAMEFINDER_ME,her fear . Dr . Lecter ' s nostrils lift ,,0.8518352848199382,NameDatabase@35f983a6
7,7,Lecter,NAMEFINDER_ME,her card . DR . LECTER ( continuing ) That expires,0.785079924485485,NameDatabase@35f983a6
7,7,Lecter Jack Crawford,NAMEFINDER_ME,the Academy . DR . LECTER Jack Crawford sent a trainee to me,1.0,NameDatabase@35f983a6
7,7,Waits Politely Till,NAMEFINDER_ME,desk - chair . He waits politely till she ' s settled ,,0.9922377655872043,NameDatabase@35f983a6
7,7,Lecter Yes,NAMEFINDER_ME,, Doctor ? DR . LECTER Yes . That ' s the,0.783808060728318,NameDatabase@35f983a6
7,7,Lecter Memory,NAMEFINDER_ME,memory ... ? DR . LECTER Memory , Officer Starling , is,1.0,NameDatabase@35f983a6
7,7,Lecter,NAMEFINDER_ME,her case . Dr . Lecter , if you ' d,0.7485320565418684,NameDatabase@35f983a6
7,7,Lecter No,NAMEFINDER_ME,please consider - DR . LECTER No , no , no .,1.0,NameDatabase@35f983a6
7,7,Lecter Jack Crawford Must Be Very Busy,NAMEFINDER_ME,' t . DR . LECTER Jack Crawford must be very busy indeed if he ' s,1.0,NameDatabase@35f983a6
7,7,Lecter How Many Women,NAMEFINDER_ME,we need - DR . LECTER How many women has he used , our,1.0,NameDatabase@35f983a6
7,7,Our Bill,NAMEFINDER_ME,women has he used , our Bill ? Five ... so far,1.0,NameDatabase@35f983a6
7,7,Lecter All,NAMEFINDER_ME,so far . DR . LECTER All flayed ... ? Partially ,,1.0,NameDatabase@35f983a6
7,7,Lecter Witless And Misleading,NAMEFINDER_ME,his humps . DR . LECTER Witless and misleading . Why do you think,1.0,NameDatabase@35f983a6
7,7,Most Serial Killers,NAMEFINDER_ME,. It excites him . Most serial killers keep some sort of trophies,0.7574052309087067,NameDatabase@35f983a6
7,7,Lecter,NAMEFINDER_ME,small boldness . DR . LECTER Send that through . She,0.8521192124671589,NameDatabase@35f983a6
7,7,Turning A,NAMEFINDER_ME,, glances at it , turning a page or two disdainfully .,0.8088923764427958,NameDatabase@35f983a6
7,7,Lecter Oh,NAMEFINDER_ME,two disdainfully . DR . LECTER Oh , Officer Starling ... do,1.0,NameDatabase@35f983a6
7,7,Lecter You,NAMEFINDER_ME,pleasant purr . DR . LECTER You ' re sooo ambitious ,,1.0,NameDatabase@35f983a6
7,7,White Trash,NAMEFINDER_ME,than one generation from poor white trash , are you Officer Starling,0.8778868953855664,NameDatabase@35f983a6
7,7,Lecter You,NAMEFINDER_ME,afraid to . DR . LECTER You ' re a tough one,1.0,NameDatabase@35f983a6
7,7,Lecter,NAMEFINDER_ME,. Yes . DR . LECTER And you ' d hate,0.6833713373315746,NameDatabase@35f983a6
7,7,Lecter A Census Taker Once Tried,NAMEFINDER_ME,questionnaire ... ? DR . LECTER A census taker once tried to test me . I,0.791025631902215,NameDatabase@35f983a6
7,7,Lecter Calls Out,NAMEFINDER_ME,behind her , Dr . Lecter calls out , very agitated . DR,0.8144651401312778,NameDatabase@35f983a6
7,7,Lecter,NAMEFINDER_ME,very agitated . DR . LECTER ( O . S .,0.7623415276674881,NameDatabase@35f983a6
7,7,Lecter No,NAMEFINDER_ME,for me . DR . LECTER No . But I will make,1.0,NameDatabase@35f983a6
7,7,Lecter Advancement,NAMEFINDER_ME,. Lecter ? DR . LECTER Advancement , of course . (,0.9326809830002121,NameDatabase@35f983a6
8,8,She Is Badly Shaken,NAMEFINDER_ME,out the front doors . She is badly shaken , almost stumbling , as,0.8198018496872679,NameDatabase@35f983a6
8,8,Almost Stumbling,NAMEFINDER_ME,She is badly shaken , almost stumbling , as she rubs at,0.7492817735398305,NameDatabase@35f983a6
8,8,THE GIRL,PERSON_NOUN,MOVING ANGLE - THE GIRL'S POV,0.7,null
8,8,A MAN,PERSON_NOUN,a car - late 60's vintage - parked in the dirt road. A MAN,,0.7,null
8,8,YOUNG CLARICE,PERSON_ADJ,THE YOUNG CLARICE,0.7,null
8,8,THE ADULT,PERSON_NOUN,THE ADULT CLARICE,0.7,null
10,10,ARDELIA,SPEAKER_ABOVE_DIALOGUE,ARDELIA/Phone call, Clarice. It's God.,0.7,NameDatabase@35f983a6
10,10,CLARICE,SPEAKER_ABOVE_DIALOGUE,CLARICE/Thanks, Ardelia.,0.7,NameDatabase@35f983a6
10,10,ARDELIA,SPEAKER_ABOVE_DIALOGUE,ARDELIA/You missed Fourth Amendment law.,0.7,NameDatabase@35f983a6
10,10,CLARICE,SPEAKER_ABOVE_DIALOGUE,CLARICE/Pleading with a crazy man, with come,0.7,NameDatabase@35f983a6
10,10,ARDELIA,SPEAKER_ABOVE_DIALOGUE,ARDELIA/Damn. Wish I had time for a social,0.7,NameDatabase@35f983a6
10,10,CLARICE,SPEAKER_ABOVE_DIALOGUE,CLARICE/(on phone),0.7,NameDatabase@35f983a6
10,10,Lecter,NAMEFINDER_ME,grainy newsphoto of Dr . Lecter , scrawling past , with,0.9666986494796396,NameDatabase@35f983a6
10,10,Crawford,NAMEFINDER_ME,on phone ) Mr . Crawford ? CUT TO :,0.6947574375007117,NameDatabase@35f983a6
11,11,CLARICE,SPEAKER_ABOVE_DIALOGUE,CLARICE/It's all there, sir, practically,0.7,NameDatabase@35f983a6
11,11,CLARICE,SPEAKER_ABOVE_DIALOGUE,CLARICE/(a bit heatedly),0.7,NameDatabase@35f983a6
11,11,CLARICE,SPEAKER_ABOVE_DIALOGUE,CLARICE/I spent all evening on the mainframe.,0.7,NameDatabase@35f983a6
11,11,CLARICE,SPEAKER_ABOVE_DIALOGUE,CLARICE/Sir, that's a field job. It's outside,0.7,NameDatabase@35f983a6
11,11,CLARICE,SPEAKER_ABOVE_DIALOGUE,CLARICE/To complete and file my report by,0.7,NameDatabase@35f983a6
11,11,CLARICE,SPEAKER_ABOVE_DIALOGUE,CLARICE/Sir, what is it? There's something,0.7,NameDatabase@35f983a6
11,11,CLARICE,SPEAKER_ABOVE_DIALOGUE,CLARICE/(startled, upset),0.7,NameDatabase@35f983a6
11,11,CLARICE,SPEAKER_ABOVE_DIALOGUE,CLARICE/I'm here, sir, I just - I don't know,0.7,NameDatabase@35f983a6
11,11,ANGLE ON CLARICE,SPEAKER_ABOVE_DIALOGUE,ANGLE ON CLARICE/as we hear the loud CLICK of Crawford hanging up. She stares,1.0,NameDatabase@35f983a6
11,11,CLARICE,SPEAKER_ABOVE_DIALOGUE,CLARICE/Well God damn it! You old creep.,0.7,NameDatabase@35f983a6
11,11,ANGLE ON CRAWFORD,SPEAKER_ABOVE_DIALOGUE,ANGLE ON CRAWFORD/as he flips aside her memo, then rises, wearily. He leaves,1.0,NameDatabase@35f983a6
11,11,Lecter Altered Or Destroyed Most,NAMEFINDER_ME,evening on the mainframe . Lecter altered or destroyed most of his patient histories ,,1.0,NameDatabase@35f983a6
11,11,No Record,NAMEFINDER_ME,, prior to capture . No record of anyone named Mofet .,1.0,NameDatabase@35f983a6
11,11,Lecter Had His Practice,NAMEFINDER_ME,facility outside Baltimore , where Lecter had his practice . She pauses , expecting,1.0,NameDatabase@35f983a6
11,11,Chilton Is Scared Stiff,NAMEFINDER_ME,swallowed his own tongue ... Chilton is scared stiff the family will file a,1.0,NameDatabase@35f983a6
11,11,Lecter,NAMEFINDER_ME,any way about it . Lecter did it to amuse himself,0.8715445518206455,NameDatabase@35f983a6
12,12,BELLA CRAWFORD,SPEAKER_ABOVE_DIALOGUE,BELLA CRAWFORD/who lies in an elevated hospital bed. Nearby are an oxygen,1.0,NameDatabase@35f983a6
13,13,Row On Row,NAMEFINDER_ME,barbed wire . Inside , row on row of garage - sized ,,1.0,NameDatabase@35f983a6
13,13,Yow,NAMEFINDER_ME,cinderblock sheds . MR . YOW ( V . O .,0.9799884524709991,NameDatabase@35f983a6
13,13,Hester Mofet,NAMEFINDER_ME,the name of "" Miss Hester Mofet . "" CUT TO :,1.0,NameDatabase@35f983a6
14,14,CLARICE,SPEAKER_ABOVE_DIALOGUE,CLARICE/So no one's been in here since -,0.7,NameDatabase@35f983a6
14,14,CLARICE,SPEAKER_ABOVE_DIALOGUE,CLARICE/I won't disturb anything, Mr. Yow, I,0.7,NameDatabase@35f983a6
14,14,CLARICE,SPEAKER_ABOVE_DIALOGUE,CLARICE/Would you hold these, please?,0.7,NameDatabase@35f983a6
14,14,Yow,NAMEFINDER_ME,and lock . MR . YOW Not to my knowledge .,0.9859525303918565,NameDatabase@35f983a6
14,14,Yow,NAMEFINDER_ME,disturb anything , Mr . Yow , I promise . Be,0.9902678103063358,NameDatabase@35f983a6
14,14,Yow Stoops To Help,NAMEFINDER_ME,no good . Mr . Yow stoops to help , puffing hard , but,1.0,NameDatabase@35f983a6
14,14,Puffing Hard,NAMEFINDER_ME,Yow stoops to help , puffing hard , but it ' s,1.0,NameDatabase@35f983a6
14,14,Yow We Could Return Tomorrow,NAMEFINDER_ME,He sighs . MR . YOW We could return tomorrow , with my son .,1.0,NameDatabase@35f983a6
14,14,Yow Blinks,NAMEFINDER_ME,her headlights . Mr . Yow blinks in the sudden brightness .,0.6960696736120979,NameDatabase@35f983a6
14,14,Jack,NAMEFINDER_ME,, then sets the bumper jack in place , under the,0.9619426671775322,NameDatabase@35f983a6
14,14,Yow,NAMEFINDER_ME,the flashlight from Mr . Yow , then lies on the,0.9860636863852994,NameDatabase@35f983a6
14,14,an FBI matter...,PERSON_NOUN,if you say this is an FBI matter...,0.7,null
15,15,We Catch Shadowy Outlines,NAMEFINDER_ME,sweep with her flashlight . We catch shadowy outlines - boxes , then the,0.8142536552044937,NameDatabase@35f983a6
15,15,Yow,NAMEFINDER_ME,small RUSTLINGS . Mr . Yow ' s chubby face appears,0.9923648754527689,NameDatabase@35f983a6
15,15,Yow It Smells,NAMEFINDER_ME,' s . MR . YOW It smells like mice ... I think,0.8507643671745674,NameDatabase@35f983a6
15,15,Yow You,NAMEFINDER_ME,the door . MR . YOW You ' re going in there,1.0,NameDatabase@35f983a6
16,16,CLARICE,SPEAKER_ABOVE_DIALOGUE,CLARICE/Mr. Yow, if this door should fall,0.7,NameDatabase@35f983a6
16,16,CLARICE,SPEAKER_ABOVE_DIALOGUE,CLARICE/(beat),0.7,NameDatabase@35f983a6
16,16,Yow,NAMEFINDER_ME,appear nonchalant . Mr . Yow , if this door should,0.9866348763256111,NameDatabase@35f983a6
16,16,Yow Might,NAMEFINDER_ME,you understand ? MR . YOW Might I suggest tucking your pants,1.0,NameDatabase@35f983a6
17,17,CLARICE,SPEAKER_ABOVE_DIALOGUE,CLARICE/Okay, Mr. Yow...,0.7,NameDatabase@35f983a6
17,17,CLARICE,SPEAKER_ABOVE_DIALOGUE,CLARICE/That wasn't me.,0.7,NameDatabase@35f983a6
17,17,CLARICE,SPEAKER_ABOVE_DIALOGUE,CLARICE/peers in through the gap, aiming her flashlight.,0.7,NameDatabase@35f983a6
17,17,CLARICE,SPEAKER_ABOVE_DIALOGUE,CLARICE/Mr. Yow? Oh Mr. Yow...? It looks,0.7,NameDatabase@35f983a6
17,17,CLARICE,SPEAKER_ABOVE_DIALOGUE,CLARICE/Not yet! - just wait for me.,0.7,NameDatabase@35f983a6
17,17,CLARICE,SPEAKER_ABOVE_DIALOGUE,CLARICE/sighs with relief. She takes a couple more FLASHES, then,0.7,NameDatabase@35f983a6
17,17,CLARICE,SPEAKER_ABOVE_DIALOGUE,CLARICE/staring at this terrible thing, is pleased to find herself,0.7,NameDatabase@35f983a6
17,17,CLARICE,SPEAKER_ABOVE_DIALOGUE,CLARICE/Well, Toto, we're not in Kansas,0.7,NameDatabase@35f983a6
17,17,Yow,NAMEFINDER_ME,of blood . MR . YOW ( O . S .,0.987537675990367,NameDatabase@35f983a6
17,17,Yow,NAMEFINDER_ME,? Okay , Mr . Yow ... She shines her light,0.8843546406978654,NameDatabase@35f983a6
17,17,Oddly,NAMEFINDER_ME,... the big car , oddly long and tall , covered,0.9903641252124838,NameDatabase@35f983a6
17,17,Yow,NAMEFINDER_ME,upright piano . MR . YOW ( O . S .,0.987537675990367,NameDatabase@35f983a6
17,17,Yow,NAMEFINDER_ME,t me . MR . YOW ( O . S .,0.987537675990367,NameDatabase@35f983a6
17,17,Compartment,NAMEFINDER_ME,close off the back passenger compartment , but there ' s,0.7997304536270394,NameDatabase@35f983a6
17,17,Clarice Recoils,NAMEFINDER_ME,pale , stockinged legs . Clarice recoils , alarmed , then steadies,1.0,NameDatabase@35f983a6
17,17,Yow,NAMEFINDER_ME,steadies herself . Mr . Yow ? Oh Mr . Yow,0.9613052351402361,NameDatabase@35f983a6
17,17,Yow,NAMEFINDER_ME,Yow ? Oh Mr . Yow ... ? It looks like,0.8879965989503551,NameDatabase@35f983a6
17,17,Yow,NAMEFINDER_ME,this car . MR . YOW ( O . S .,0.987537675990367,NameDatabase@35f983a6
17,17,Window,NAMEFINDER_ME,top of the back passenger window , then fishes around till,0.9636361277966157,NameDatabase@35f983a6
17,17,Gasping Loudly,NAMEFINDER_ME,. Clarice lurches back , gasping loudly , and several long ,,0.8742770742776869,NameDatabase@35f983a6
17,17,MAN,PERSON_NOUN,A SEVERED HUMAN HEAD stares back at her, as the beaded,0.7,null
19,19,CLARICE,SPEAKER_ABOVE_DIALOGUE,CLARICE/Hester Mofet... ""The rest of me."",0.7,NameDatabase@35f983a6
19,19,CLARICE,SPEAKER_ABOVE_DIALOGUE,CLARICE/You put those - things in there.,0.7,NameDatabase@35f983a6
19,19,CLARICE,SPEAKER_ABOVE_DIALOGUE,CLARICE/Thank you.,0.7,NameDatabase@35f983a6
19,19,CLARICE,SPEAKER_ABOVE_DIALOGUE,CLARICE/How did -,0.7,NameDatabase@35f983a6
19,19,CLARICE,SPEAKER_ABOVE_DIALOGUE,CLARICE/(surprised, a beat),0.7,NameDatabase@35f983a6
19,19,CLARICE,SPEAKER_ABOVE_DIALOGUE,CLARICE/Why don't you tell me about ""Miss,0.7,NameDatabase@35f983a6
19,19,CLARICE,SPEAKER_ABOVE_DIALOGUE,CLARICE/If you didn't kill him, then who,0.7,NameDatabase@35f983a6
19,19,CLARICE,SPEAKER_ABOVE_DIALOGUE,CLARICE/Wouldn't it have been easier to just,0.7,NameDatabase@35f983a6
19,19,CLARICE,SPEAKER_ABOVE_DIALOGUE,CLARICE/Scared, at first. Then - exhilarated.,0.7,NameDatabase@35f983a6
19,19,CLARICE,SPEAKER_ABOVE_DIALOGUE,CLARICE/Because you weren't wasting my time.,0.7,NameDatabase@35f983a6
19,19,CLARICE,SPEAKER_ABOVE_DIALOGUE,CLARICE/I don't know. Next time I'll have to,0.7,NameDatabase@35f983a6
19,19,CLARICE,SPEAKER_ABOVE_DIALOGUE,CLARICE/I never thought about it.,0.7,NameDatabase@35f983a6
19,19,CLARICE,SPEAKER_ABOVE_DIALOGUE,CLARICE/That doesn't interest me, Doctor.,0.7,NameDatabase@35f983a6
19,19,CLARICE,SPEAKER_ABOVE_DIALOGUE,CLARICE/I don't know. Is it?,0.7,NameDatabase@35f983a6
19,19,CLARICE,SPEAKER_ABOVE_DIALOGUE,CLARICE/Who killed Raspail, Doctor...? You,0.7,NameDatabase@35f983a6
19,19,CLARICE,SPEAKER_ABOVE_DIALOGUE,CLARICE/(almost a whisper),0.7,NameDatabase@35f983a6
19,19,CLARICE,SPEAKER_ABOVE_DIALOGUE,CLARICE/Buffalo Bill...?,0.7,NameDatabase@35f983a6
19,19,Lecter Cannot Avoid,NAMEFINDER_ME,stationed so that Dr . Lecter cannot avoid seeing it . Hester Mofet,0.8757729784573293,NameDatabase@35f983a6
19,19,Lecter,NAMEFINDER_ME,... Why , Dr . Lecter ? The food carrier suddenly,0.9501767849011589,NameDatabase@35f983a6
19,19,Lecter Your Bleeding,NAMEFINDER_ME,TV light . DR . LECTER Your bleeding has stopped . How did,0.8809277626366265,NameDatabase@35f983a6
19,19,Lecter Why,NAMEFINDER_ME,A scratch . DR . LECTER Why don ' t you ask,1.0,NameDatabase@35f983a6
19,19,Lecter I,NAMEFINDER_ME,about him ? DR . LECTER I might if I saw the,0.7358286155544389,NameDatabase@35f983a6
19,19,Mofet,NAMEFINDER_ME,tell me about "" Miss Mofet ? "" You wanted me,0.7066751161628401,NameDatabase@35f983a6
19,19,Lecter,NAMEFINDER_ME,the lab ? DR . LECTER ( sighs ) His real,0.9630611012861977,NameDatabase@35f983a6
19,19,Benjamin Raspail,NAMEFINDER_ME,) His real name is Benjamin Raspail . A former patient of,1.0,NameDatabase@35f983a6
19,19,Lecter,NAMEFINDER_ME,who did ? DR . LECTER Who can say ... ?,0.9301187463526667,NameDatabase@35f983a6
19,19,Lecter,NAMEFINDER_ME,to find ? DR . LECTER And have them clomping about,0.9797841193588515,NameDatabase@35f983a6
19,19,Oh Dear,NAMEFINDER_ME,about in my life ? Oh dear , no ... At that,1.0,NameDatabase@35f983a6
19,19,Scared,NAMEFINDER_ME,I call you Clarice ? Scared , at first . Then,0.6978760990103856,NameDatabase@35f983a6
19,19,Lecter Ahhh,NAMEFINDER_ME,- exhilarated . DR . LECTER Ahhh ... Why ? Because you,0.6867208219808887,NameDatabase@35f983a6
19,19,Lecter,NAMEFINDER_ME,my time . DR . LECTER Do you have something you,0.8550419496651981,NameDatabase@35f983a6
19,19,Lecter Jack Crawford,NAMEFINDER_ME,to check . DR . LECTER Jack Crawford is helping your career ,,1.0,NameDatabase@35f983a6
19,19,Likes You,NAMEFINDER_ME,t he ? Apparently he likes you . And you like him,1.0,NameDatabase@35f983a6
19,19,Lecter Your First,NAMEFINDER_ME,about it . DR . LECTER Your first lie to me , Clarice,1.0,NameDatabase@35f983a6
19,19,Lecter Not Anymore,NAMEFINDER_ME,would ask . DR . LECTER Not anymore . ( beat ) Surely,1.0,NameDatabase@35f983a6
19,19,Lecter Or Doesn,NAMEFINDER_ME,Is it ? DR . LECTER Or doesn ' t this all begin,1.0,NameDatabase@35f983a6
19,19,Lecter Slowly,NAMEFINDER_ME,deal directly . Dr . Lecter slowly turns up the rheostat in,0.8967965636732824,NameDatabase@35f983a6
19,19,Lecter Punishment,NAMEFINDER_ME,each other . DR . LECTER Punishment , you see . For,0.9446465149222126,NameDatabase@35f983a6
19,19,Chilton Does Enjoy His Petty Torments,NAMEFINDER_ME,the volume way up . Chilton does enjoy his petty torments . Who killed Raspail ,,1.0,NameDatabase@35f983a6
19,19,Lecter I,NAMEFINDER_ME,t you ? DR . LECTER I ' ve been in this,0.9257622277311524,NameDatabase@35f983a6
19,19,Will Never,NAMEFINDER_ME,Clarice . I know they will never , ever let me out,1.0,NameDatabase@35f983a6
19,19,Lecter Oh,NAMEFINDER_ME,your patient ? DR . LECTER Oh , a very naughty boy,1.0,NameDatabase@35f983a6
19,19,Someone You And Jack Crawford Are Most Anxious To Meet,NAMEFINDER_ME,a very naughty boy . Someone you and Jack Crawford are most anxious to meet . Buffalo Bill ... ?,1.0,NameDatabase@35f983a6
19,19,Bill Killed Him,NAMEFINDER_ME,... ? ( incredulous ) Bill killed him , all those years ago,1.0,NameDatabase@35f983a6
19,19,Lecter Only Smiles,NAMEFINDER_ME,impossible . But Dr . Lecter only smiles , enigmatically . DR .,1.0,NameDatabase@35f983a6
19,19,Lecter Who,NAMEFINDER_ME,, enigmatically . DR . LECTER Who is he stalking right now,0.7408177595391654,NameDatabase@35f983a6
19,19,that the cell's,PERSON_NOUN,lights rise, we see that the cell's been stripped bare. Gone,0.7,null
20,20,CATHERINE,SPEAKER_ABOVE_DIALOGUE,CATHERINE/This stuff's givin' me the munchies.,0.7,NameDatabase@35f983a6
20,20,CODY,SPEAKER_ABOVE_DIALOGUE,CODY/Shit. Left the groceries in the car.,0.7,NameDatabase@35f983a6
20,20,CATHERINE,SPEAKER_ABOVE_DIALOGUE,CATHERINE/'S okay, I'll go.,0.7,NameDatabase@35f983a6
20,20,Catherine Martin,NAMEFINDER_ME,CATHERINE MARTIN takes a long toke from,1.0,NameDatabase@35f983a6
21,21,CATHERINE,SPEAKER_ABOVE_DIALOGUE,CATHERINE/Help you with that?,0.7,NameDatabase@35f983a6
21,21,MAN,SPEAKER_ABOVE_DIALOGUE,MAN/Would you? Thanks.,0.7,NameDatabase@35f983a6
21,21,Catherine Straightens,NAMEFINDER_ME,Catherine straightens , with her bag of,1.0,NameDatabase@35f983a6
21,21,Catherine Hesitates,NAMEFINDER_ME,lights make yellow pools . Catherine hesitates , then crosses towards the,1.0,NameDatabase@35f983a6
21,21,A MAN,PERSON_NOUN,A MAN,0.7,null
21,21,MAN,PERSON_NOUN,MAN,0.7,null
21,21,MAN,PERSON_NOUN,MAN (O.S.),0.7,null
22,22,MAN,SPEAKER_ABOVE_DIALOGUE,MAN/Are you about a size 14?,0.7,NameDatabase@35f983a6
22,22,CATHERINE,SPEAKER_ABOVE_DIALOGUE,CATHERINE/(surprised),0.7,NameDatabase@35f983a6
22,22,MAN,SPEAKER_ABOVE_DIALOGUE,MAN/Good.,0.7,NameDatabase@35f983a6
22,22,MAN,SPEAKER_ABOVE_DIALOGUE,MAN/Good.,0.7,NameDatabase@35f983a6
22,22,MAN,SPEAKER_ABOVE_DIALOGUE,MAN/Gooood...,0.7,NameDatabase@35f983a6
22,22,MAN,PERSON_NOUN,MAN,0.7,null
22,22,MAN,PERSON_NOUN,MAN,0.7,null
22,22,MAN,PERSON_NOUN,MAN,0.7,null
22,22,MAN,PERSON_NOUN,MAN,0.7,null
24,24,ON THE SCREEN,SPEAKER_ABOVE_DIALOGUE,ON THE SCREEN/successively CLOSER VIEWS of the cut fabric edges, until we,0.8999999999999999,NameDatabase@35f983a6
24,24,ANGLE ON THE DOOR,SPEAKER_ABOVE_DIALOGUE,ANGLE ON THE DOOR/as John Brigham, the gunnery instructor, sticks his head in.,1.0,NameDatabase@35f983a6
24,24,Bill,NAMEFINDER_ME,worn by victims of Buffalo Bill . They were found in,0.8609336569583794,NameDatabase@35f983a6
24,24,Like A Funeral Suit,NAMEFINDER_ME,them up the back , like a funeral suit ... successively CLOSER VIEWS of,0.9876130377267047,NameDatabase@35f983a6
24,24,Bill Always,NAMEFINDER_ME,, as you see - Bill always uses the same pair ...,1.0,NameDatabase@35f983a6
24,24,John Brigham,NAMEFINDER_ME,the same pair ... as John Brigham , the gunnery instructor ,,1.0,NameDatabase@35f983a6
25,25,CLARICE,SPEAKER_ABOVE_DIALOGUE,CLARICE/Where?,0.7,NameDatabase@35f983a6
25,25,CLARICE,SPEAKER_ABOVE_DIALOGUE,CLARICE/(thinking quickly),0.7,NameDatabase@35f983a6
25,25,Jack Needs,NAMEFINDER_ME,about a week , and Jack needs somebody that can print a,1.0,NameDatabase@35f983a6
26,26,CLARICE,SPEAKER_ABOVE_DIALOGUE,CLARICE/Sometimes.,0.7,NameDatabase@35f983a6
26,26,CLARICE,SPEAKER_ABOVE_DIALOGUE,CLARICE/I will... I promise.,0.7,NameDatabase@35f983a6
26,26,Jack,NAMEFINDER_ME,and a weekend bag . Jack ' s pretty tough on,1.0,NameDatabase@35f983a6
26,26,Bella,NAMEFINDER_ME,Bill ... His wife , Bella , is real sick .,1.0,NameDatabase@35f983a6
26,26,May Never,NAMEFINDER_ME,now , ' cause he may never . Clarice absorbs this in,1.0,NameDatabase@35f983a6
26,26,Jack Sees It,NAMEFINDER_ME,' ve got something ... Jack sees it , I do too .,1.0,NameDatabase@35f983a6
27,27,CLARICE,SPEAKER_ABOVE_DIALOGUE,CLARICE/There's no correlation at all between,0.7,NameDatabase@35f983a6
27,27,The,NAMEFINDER_ME,folder in her lap . The cover reads "" Case File,0.6755043120034812,NameDatabase@35f983a6
27,27,We Catch Words,NAMEFINDER_ME,... Typed lab reports ; we catch words , phrases : "" Autopsy,1.0,NameDatabase@35f983a6
27,27,Shows Crawford,NAMEFINDER_ME,alive for three days . shows Crawford standing over her , swaying,1.0,NameDatabase@35f983a6
27,27,Crawford Sits,NAMEFINDER_ME,pilot ' s back . Crawford sits , removing sunglasses . He,0.7769409415833323,NameDatabase@35f983a6
27,27,Bobby,NAMEFINDER_ME,, are you hot ? Bobby , it ' s too,1.0,NameDatabase@35f983a6
27,27,It,NAMEFINDER_ME,you hot ? Bobby , it ' s too damned hot,0.7431190503814836,NameDatabase@35f983a6
27,27,Shoots Them,NAMEFINDER_ME,Three days . Then he shoots them , skins them - usually,1.0,NameDatabase@35f983a6
27,27,Marks,NAMEFINDER_ME,up here . ( he marks with a Flair pen ),0.7692771053097838,NameDatabase@35f983a6
27,27,With A Flair Pen,NAMEFINDER_ME,here . ( he marks with a Flair pen ) Elk River , in,1.0,NameDatabase@35f983a6
28,28,CLARICE,SPEAKER_ABOVE_DIALOGUE,CLARICE/(choosing her words,0.7,NameDatabase@35f983a6
28,28,CLARICE,SPEAKER_ABOVE_DIALOGUE,CLARICE/What he does with them - takes,0.7,NameDatabase@35f983a6
28,28,CLARICE,SPEAKER_ABOVE_DIALOGUE,CLARICE/He's got a real taste for it now.,0.7,NameDatabase@35f983a6
28,28,CLARICE,SPEAKER_ABOVE_DIALOGUE,CLARICE/(quietly, evenly),0.7,NameDatabase@35f983a6
28,28,CLARICE,SPEAKER_ABOVE_DIALOGUE,CLARICE/You haven't said a word today about,0.7,NameDatabase@35f983a6
28,28,CLARICE,SPEAKER_ABOVE_DIALOGUE,CLARICE/You knew. You knew from the start,0.7,NameDatabase@35f983a6
28,28,CLARICE,SPEAKER_ABOVE_DIALOGUE,CLARICE/He starts this - buzzing in me, in,0.7,NameDatabase@35f983a6
28,28,Serial Killers Tend To Hunt Within Their,NAMEFINDER_ME,s a white male ... Serial killers tend to hunt within their own ethnic group . And,1.0,NameDatabase@35f983a6
28,28,With Them,NAMEFINDER_ME,Why ? What he does with them - takes privacy ... Time,1.0,NameDatabase@35f983a6
28,28,Lecter,NAMEFINDER_ME,knack "" for Dr . Lecter ? He studies her a,0.942638886605764,NameDatabase@35f983a6
28,28,Wooden Houses,NAMEFINDER_ME,tree - lined streets , wooden houses , one - story shops,0.7602748138267592,NameDatabase@35f983a6
28,28,One - Story Shops,NAMEFINDER_ME,streets , wooden houses , one - story shops , mountains in the background,1.0,NameDatabase@35f983a6
28,28,They Slow,NAMEFINDER_ME,mountains in the background . They slow , turn . Number Three,1.0,NameDatabase@35f983a6
28,28,Its Sign Reads,NAMEFINDER_ME,big white frame house . Its sign reads "" Potter Funeral Home .,0.7893299929055978,NameDatabase@35f983a6
28,28,Potter Funeral Home,NAMEFINDER_ME,. Its sign reads "" Potter Funeral Home . "" Two troopers climb,1.0,NameDatabase@35f983a6
29,29,ANGLE ON CLARICE,SPEAKER_ABOVE_DIALOGUE,ANGLE ON CLARICE/staring back at the mourners, hearing the music, as a sense,1.0,NameDatabase@35f983a6
29,29,Organ Music,NAMEFINDER_ME,SOUND of organ music , as Clarice , carrying,1.0,NameDatabase@35f983a6
29,29,Crawford,NAMEFINDER_ME,pinned to his lapel . CRAWFORD ( V . O .,0.9152349936933097,NameDatabase@35f983a6
29,29,OLD CLARICE,PERSON_ADJ,THE SAD, 10 YEAR-OLD CLARICE,0.7,null
29,29,CHILD,PERSON_NOUN,CHILD'S POV,0.7,null
30,30,CLARICE,SPEAKER_ABOVE_DIALOGUE,CLARICE/burning at this slight, is left alone with the troopers, who,0.7,NameDatabase@35f983a6
30,30,ANGLE ON THE OFFICE DOOR,SPEAKER_ABOVE_DIALOGUE,ANGLE ON THE OFFICE DOOR/as, after a few more moments, the sheriff and Crawford emerge.,1.0,NameDatabase@35f983a6
30,30,Troopers,NAMEFINDER_ME,young deputy , several state troopers , and a SHERIFF are,0.7470358161428646,NameDatabase@35f983a6
30,30,As Crawford,NAMEFINDER_ME,SHERIFF are all waiting , as Crawford and Clarice enter . The,1.0,NameDatabase@35f983a6
30,30,Jack Crawford,NAMEFINDER_ME,sheriff . Sheriff Perkins ? Jack Crawford , FBI ... This is,1.0,NameDatabase@35f983a6
30,30,Who Peek At Her,NAMEFINDER_ME,alone with the troopers , who peek at her with shy curiosity . She,1.0,NameDatabase@35f983a6
30,30,Oscar,NAMEFINDER_ME,, addresses his deputy . Oscar , run fetch Dr .,1.0,NameDatabase@35f983a6
30,30,Akin,NAMEFINDER_ME,, run fetch Dr . Akin from the chapel . And,0.8957894981053469,NameDatabase@35f983a6
30,30,Officer Starling. We,PERSON_NOUN,This is Officer Starling. We,0.7,null
31,31,CLARICE,SPEAKER_ABOVE_DIALOGUE,CLARICE/is pulling on a pair of surgical gloves. She raises her voice,,0.7,NameDatabase@35f983a6
31,31,CLARICE,SPEAKER_ABOVE_DIALOGUE,CLARICE/Gentlemen. You officers and gentlemen!,0.7,NameDatabase@35f983a6
31,31,CLARICE,SPEAKER_ABOVE_DIALOGUE,CLARICE/at a side counter, has turned back to her open fingerprint,0.7,NameDatabase@35f983a6
31,31,CLARICE,SPEAKER_ABOVE_DIALOGUE,CLARICE/(pause; softly),0.7,NameDatabase@35f983a6
31,31,CLARICE,SPEAKER_ABOVE_DIALOGUE,CLARICE/Well, she's not local. Her ears are,0.7,NameDatabase@35f983a6
31,31,CLARICE,SPEAKER_ABOVE_DIALOGUE,CLARICE/Two of the fingernails are broken,0.7,NameDatabase@35f983a6
31,31,LAMAR,SPEAKER_ABOVE_DIALOGUE,LAMAR/Them fishhooks are set too close,0.7,NameDatabase@35f983a6
31,31,CLARICE,SPEAKER_ABOVE_DIALOGUE,CLARICE/Think they were runnin' a trotline?,0.7,NameDatabase@35f983a6
31,31,CLARICE,SPEAKER_ABOVE_DIALOGUE,CLARICE/(to Crawford),0.7,NameDatabase@35f983a6
31,31,LAMAR,SPEAKER_ABOVE_DIALOGUE,LAMAR/Right... Are you from around here?,0.7,NameDatabase@35f983a6
31,31,CLARICE,SPEAKER_ABOVE_DIALOGUE,CLARICE/They do it lots of places.,0.7,NameDatabase@35f983a6
31,31,CLARICE,SPEAKER_ABOVE_DIALOGUE,CLARICE/She's got something in her throat.,0.7,NameDatabase@35f983a6
31,31,LAMAR,SPEAKER_ABOVE_DIALOGUE,LAMAR/When a body comes out of the water,,0.7,NameDatabase@35f983a6
31,31,LAMAR,SPEAKER_ABOVE_DIALOGUE,LAMAR/Nawsir, that's a bug cocoon. But how,0.7,NameDatabase@35f983a6
31,31,LAMAR,SPEAKER_ABOVE_DIALOGUE,LAMAR/Yessir, I will. Clarice takes a jar,0.7,NameDatabase@35f983a6
31,31,CLARICE,SPEAKER_ABOVE_DIALOGUE,CLARICE/I don't know. I didn't see those on,0.7,NameDatabase@35f983a6
31,31,They Gradually Fall Silent,NAMEFINDER_ME,with deputies and troopers . They gradually fall silent , looking at her .,1.0,NameDatabase@35f983a6
31,31,Akin,NAMEFINDER_ME,are left : DR . AKIN , a family g .,0.9595098937242813,NameDatabase@35f983a6
31,31,Akin Gently Lifts,NAMEFINDER_ME,BENEATH TABLE as Dr . Akin gently lifts aside one of the dead,0.8649108471751986,NameDatabase@35f983a6
31,31,Akin Wrongful,NAMEFINDER_ME,closer look . DR . AKIN Wrongful death ... She ' ll,0.9495651325950285,NameDatabase@35f983a6
31,31,Short Reddish Hair,NAMEFINDER_ME,FACE staring blue eyes , short reddish hair . Clarice sets the Polaroid,1.0,NameDatabase@35f983a6
31,31,At Crawford,NAMEFINDER_ME,of forceps . She glances at Crawford , who nods . She,1.0,NameDatabase@35f983a6
31,31,Who Nods,NAMEFINDER_ME,She glances at Crawford , who nods . She bends over ,,0.7408927204640265,NameDatabase@35f983a6
31,31,Brown Cylindrical Object,NAMEFINDER_ME,holding up a small , brown cylindrical object . She turns this in,0.7520709460931577,NameDatabase@35f983a6
31,31,Yessir,NAMEFINDER_ME,give me a hand ? Yessir , I will . Clarice,0.7757461586462061,NameDatabase@35f983a6
31,31,They Weren,NAMEFINDER_ME,of the other girls ... They weren ' t there . Get,0.7215862271348832,NameDatabase@35f983a6
31,31,DEAD GIRL,PERSON_NOUN,SIDE ANGLE - CLOSE ON THE DEAD GIRL'S FACE,0.7,null
31,31,that the small,PERSON_NOUN,as we see that the small room is very crowded with deputies,0.7,null
32,32,CLARICE,SPEAKER_ABOVE_DIALOGUE,CLARICE/Thanks, I'm not thirsty.,0.7,NameDatabase@35f983a6
32,32,LAMAR,SPEAKER_ABOVE_DIALOGUE,LAMAR/No, hold it under your chin, there,,0.7,NameDatabase@35f983a6
32,32,CLARICE,SPEAKER_ABOVE_DIALOGUE,CLARICE/It matters, Mr. Crawford... Other,0.7,NameDatabase@35f983a6
32,32,CLARICE,SPEAKER_ABOVE_DIALOGUE,CLARICE/I'm wondering if he's done that before -,0.7,NameDatabase@35f983a6
32,32,CLARICE,SPEAKER_ABOVE_DIALOGUE,CLARICE/Then have the lab check Raspail's,0.7,NameDatabase@35f983a6
32,32,CLARICE,SPEAKER_ABOVE_DIALOGUE,CLARICE/Raspail was killed by the same man,0.7,NameDatabase@35f983a6
32,32,Tactfully Departs,NAMEFINDER_ME,Crawford coming outside , he tactfully departs . Crawford sits beside her,0.9343960543994199,NameDatabase@35f983a6
32,32,Exhumations Are Upsetting,NAMEFINDER_ME,are in the ground . Exhumations are upsetting for the families . I,1.0,NameDatabase@35f983a6
32,32,Lecter,NAMEFINDER_ME,at her ) Dr . Lecter ' s patient - have,0.8518352848199382,NameDatabase@35f983a6
32,32,Who Knows How Many Potential,NAMEFINDER_ME,testifying in murder trials . Who knows how many potential psychos he turned loose ,,1.0,NameDatabase@35f983a6
33,33,CATHERINE MARTIN,SPEAKER_ABOVE_DIALOGUE,CATHERINE MARTIN/looks up at him. She is standing on the cement bottom of the,1.0,NameDatabase@35f983a6
33,33,CATHERINE,SPEAKER_ABOVE_DIALOGUE,CATHERINE/Mister... my family will pay cash.,0.7,NameDatabase@35f983a6
33,33,CATHERINE,SPEAKER_ABOVE_DIALOGUE,CATHERINE/(under her breath),0.7,NameDatabase@35f983a6
33,33,CATHERINE,SPEAKER_ABOVE_DIALOGUE,CATHERINE/Mister, if you let me go, I won't,0.7,NameDatabase@35f983a6
33,33,CATHERINE,SPEAKER_ABOVE_DIALOGUE,CATHERINE/Is that all...? See - see, my mom is,0.7,NameDatabase@35f983a6
33,33,Gumb,NAMEFINDER_ME,. This is MR . GUMB , aka "" Buffalo Bill,0.9372018185230485,NameDatabase@35f983a6
33,33,Gumb,NAMEFINDER_ME,Bill . "" MR . GUMB ( softly ) Rub the,0.9319114259944355,NameDatabase@35f983a6
33,33,Whatever Ransom You,NAMEFINDER_ME,family will pay cash . Whatever ransom you ' re askin ' for,1.0,NameDatabase@35f983a6
33,33,Gumb,NAMEFINDER_ME,- UP TOWARDS MR . GUMB MR . GUMB Rub it,0.7698832905007023,NameDatabase@35f983a6
33,33,Gumb,NAMEFINDER_ME,MR . GUMB MR . GUMB Rub it in ! Or,0.9663273975141544,NameDatabase@35f983a6
33,33,Gumb Yes,NAMEFINDER_ME,BARKING excitedly . MR . GUMB Yes , it will , Precious,0.8983319145183849,NameDatabase@35f983a6
33,33,Catherine Kneels,NAMEFINDER_ME,- AT PIT BOTTOM as Catherine kneels , turning slightly away from,1.0,NameDatabase@35f983a6
33,33,Gumb,NAMEFINDER_ME,, and - MR . GUMB ( O . S .,0.9270393847779358,NameDatabase@35f983a6
33,33,Gumb,NAMEFINDER_ME,small basket . MR . GUMB Put the bottle in the,0.9742117251531089,NameDatabase@35f983a6
33,33,MR. GUMB,PERSON_NOUN,arms, stroking it. This is MR. GUMB, aka ""Buffalo Bill."",0.7,null
34,34,ARDELIA,SPEAKER_ABOVE_DIALOGUE,ARDELIA/You better come see this.,0.7,NameDatabase@35f983a6
35,35,CLARICE,SPEAKER_ABOVE_DIALOGUE,CLARICE/looks at Ardelia, surprised. Other trainees are drifting,0.7,NameDatabase@35f983a6
35,35,CLARICE,SPEAKER_ABOVE_DIALOGUE,CLARICE/(whispers),0.7,NameDatabase@35f983a6
35,35,ARDELIA,SPEAKER_ABOVE_DIALOGUE,ARDELIA/Why does she keep repeating the name?,0.7,NameDatabase@35f983a6
35,35,CLARICE,SPEAKER_ABOVE_DIALOGUE,CLARICE/Somebody's coaching her... They're,0.7,NameDatabase@35f983a6
35,35,ARDELIA,SPEAKER_ABOVE_DIALOGUE,ARDELIA/I don't know whether to say ""I'm,0.7,NameDatabase@35f983a6
35,35,Catherine Martin,NAMEFINDER_ME,filled with a photo of Catherine Martin . TV ANCHOR ( V,1.0,NameDatabase@35f983a6
35,35,Tv Anchor,NAMEFINDER_ME,photo of Catherine Martin . TV ANCHOR ( V . O .,0.9900432214310584,NameDatabase@35f983a6
35,35,Young,NAMEFINDER_ME,of grim calling card . Young Catherine Martin , as we,1.0,NameDatabase@35f983a6
35,35,Catherine Martin,NAMEFINDER_ME,grim calling card . Young Catherine Martin , as we ' ve,1.0,NameDatabase@35f983a6
35,35,Ruth Martin - Looks At Ardelia,NAMEFINDER_ME,U . S . Senator Ruth Martin - looks at Ardelia , surprised . Other trainees,1.0,NameDatabase@35f983a6
35,35,Politically Motivated,NAMEFINDER_ME,this point considered to be politically motivated , nevertheless it has stirred,0.8196817683159092,NameDatabase@35f983a6
35,35,Martin Made This Dramatic Personal Plea,NAMEFINDER_ME,Just moments ago , Senator Martin made this dramatic personal plea ... SENATOR MARTIN ( TV,1.0,NameDatabase@35f983a6
35,35,Senator Martin,NAMEFINDER_ME,this dramatic personal plea ... SENATOR MARTIN ( TV FOOTAGE ) fills,0.9608365551680071,NameDatabase@35f983a6
35,35,Martin I,NAMEFINDER_ME,taut face . SEN . MARTIN I ' m speaking now to,1.0,NameDatabase@35f983a6
35,35,Martin You,NAMEFINDER_ME,an object . SEN . MARTIN You have a chance to show,1.0,NameDatabase@35f983a6
35,35,Jack Crawford Is Seen Striding,NAMEFINDER_ME,STILL TV FOOTAGE ) as Jack Crawford is seen striding towards the front door of,1.0,NameDatabase@35f983a6
35,35,Rec Room Angle,NAMEFINDER_ME,, waving it back . REC ROOM ANGLE - FAVORING ARDELIA as the,1.0,NameDatabase@35f983a6
37,37,Crawford,NAMEFINDER_ME,sockets , gaping fangs . CRAWFORD ( V . O .,0.9174378756244148,NameDatabase@35f983a6
37,37,Bill,NAMEFINDER_ME,. ) By now , Bill ' s had her for,1.0,NameDatabase@35f983a6
39,39,CLARICE,SPEAKER_ABOVE_DIALOGUE,CLARICE/You really don't want to know.,0.7,NameDatabase@35f983a6
40,40,CLARICE,SPEAKER_ABOVE_DIALOGUE,CLARICE/I try to be a student, Dr. Pilcher.,0.7,NameDatabase@35f983a6
40,40,CLARICE,SPEAKER_ABOVE_DIALOGUE,CLARICE/(smiles),0.7,NameDatabase@35f983a6
40,40,CLARICE,SPEAKER_ABOVE_DIALOGUE,CLARICE/You're sure?,0.7,NameDatabase@35f983a6
40,40,CLARICE,SPEAKER_ABOVE_DIALOGUE,CLARICE/And there's no way - no natural way -,0.7,NameDatabase@35f983a6
40,40,CLARICE,SPEAKER_ABOVE_DIALOGUE,CLARICE/(pause, then softly),0.7,NameDatabase@35f983a6
40,40,Meet Mister Acherontia Styx,NAMEFINDER_ME,Baltimore . Officer Starling , meet Mister Acherontia Styx . He moves aside for,1.0,NameDatabase@35f983a6
40,40,Brown Back,NAMEFINDER_ME,the wide , furry , brown back of the moth . And,1.0,NameDatabase@35f983a6
41,41,Crawford,NAMEFINDER_ME,head of the motorcade . CRAWFORD ( V . O .,0.9152349936933097,NameDatabase@35f983a6
42,42,CLARICE AND CRAWFORD,SPEAKER_ABOVE_DIALOGUE,CLARICE AND CRAWFORD/sit in swivel seats at the rear, by a big window. Clarice,1.0,NameDatabase@35f983a6
42,42,CLARICE,SPEAKER_ABOVE_DIALOGUE,CLARICE/He's already offered to help... What,0.7,NameDatabase@35f983a6
42,42,CLARICE,SPEAKER_ABOVE_DIALOGUE,CLARICE/But if he knew we have so little,0.7,NameDatabase@35f983a6
42,42,CLARICE,SPEAKER_ABOVE_DIALOGUE,CLARICE/I think he means it, this time. I,0.7,NameDatabase@35f983a6
42,42,CLARICE,SPEAKER_ABOVE_DIALOGUE,CLARICE/Transfer to a new prison. With a,0.7,NameDatabase@35f983a6
42,42,CLARICE,SPEAKER_ABOVE_DIALOGUE,CLARICE/You'll back me up with some paperwork?,0.7,NameDatabase@35f983a6
42,42,Burroughs Is Talking Quietly,NAMEFINDER_ME,all CLICKING and HUMMING . Burroughs is talking quietly on a scrambler phone ,,0.8058914279844288,NameDatabase@35f983a6
42,42,Catherine Martin,NAMEFINDER_ME,much attention . But for Catherine Martin , it all comes down,1.0,NameDatabase@35f983a6
42,42,Bill,NAMEFINDER_ME,cards - asked him for Bill ? He offered to help,1.0,NameDatabase@35f983a6
43,43,CLARICE,SPEAKER_ABOVE_DIALOGUE,CLARICE/Dr. Chilton, I told you - this is,0.7,NameDatabase@35f983a6
43,43,CLARICE,SPEAKER_ABOVE_DIALOGUE,CLARICE/I'm acting on instruction, Dr.,0.7,NameDatabase@35f983a6
43,43,Crawford,NAMEFINDER_ME,He looks quite agitated . CRAWFORD ( V . O .,0.9119300366833686,NameDatabase@35f983a6
43,43,Bill,NAMEFINDER_ME,Lecter ' s link to Bill , he ' s go,1.0,NameDatabase@35f983a6
43,43,Chilton,NAMEFINDER_ME,third time ! Dr . Chilton , I told you -,0.8121222657772048,NameDatabase@35f983a6
43,43,the U.S. Attorney's,PERSON_NOUN,This is the U.S. Attorney's number.,0.7,null
44,44,CLARICE,SPEAKER_ABOVE_DIALOGUE,CLARICE/I was your choice, Dr. Lecter. You,0.7,NameDatabase@35f983a6
44,44,CLARICE,SPEAKER_ABOVE_DIALOGUE,CLARICE/By the book, he's a sadist.,0.7,NameDatabase@35f983a6
44,44,CLARICE,SPEAKER_ABOVE_DIALOGUE,CLARICE/Yes.,0.7,NameDatabase@35f983a6
44,44,CLARICE,SPEAKER_ABOVE_DIALOGUE,CLARICE/They all were.,0.7,NameDatabase@35f983a6
44,44,CLARICE,SPEAKER_ABOVE_DIALOGUE,CLARICE/She had an insect deliberately,0.7,NameDatabase@35f983a6
44,44,CLARICE,SPEAKER_ABOVE_DIALOGUE,CLARICE/(pause; staring at,0.7,NameDatabase@35f983a6
44,44,CLARICE,SPEAKER_ABOVE_DIALOGUE,CLARICE/If you help us find Buffalo Bill in,0.7,NameDatabase@35f983a6
44,44,CLARICE,SPEAKER_ABOVE_DIALOGUE,CLARICE/Best of all, though - one week a,0.7,NameDatabase@35f983a6
44,44,CLARICE,SPEAKER_ABOVE_DIALOGUE,CLARICE/Copy of the Buffalo Bill case file,,0.7,NameDatabase@35f983a6
44,44,CLARICE,SPEAKER_ABOVE_DIALOGUE,CLARICE/That's just part of the island. It,0.7,NameDatabase@35f983a6
44,44,CLARICE,SPEAKER_ABOVE_DIALOGUE,CLARICE/Go, Doctor.,0.7,NameDatabase@35f983a6
44,44,CLARICE,SPEAKER_ABOVE_DIALOGUE,CLARICE/The death of my father.,0.7,NameDatabase@35f983a6
44,44,CLARICE,SPEAKER_ABOVE_DIALOGUE,CLARICE/He was a town marshal... one night,0.7,NameDatabase@35f983a6
44,44,CLARICE,SPEAKER_ABOVE_DIALOGUE,CLARICE/No. He was strong, he lasted almost,0.7,NameDatabase@35f983a6
44,44,CLARICE,SPEAKER_ABOVE_DIALOGUE,CLARICE/Quid pro quo, Doctor.,0.7,NameDatabase@35f983a6
44,44,CLARICE,SPEAKER_ABOVE_DIALOGUE,CLARICE/(puzzled),0.7,NameDatabase@35f983a6
44,44,CLARICE,SPEAKER_ABOVE_DIALOGUE,CLARICE/No. Tell me why.,0.7,NameDatabase@35f983a6
44,44,CLARICE,SPEAKER_ABOVE_DIALOGUE,CLARICE/I went to live with my mother's cousin,0.7,NameDatabase@35f983a6
44,44,CLARICE,SPEAKER_ABOVE_DIALOGUE,CLARICE/Horses - and sheep...,0.7,NameDatabase@35f983a6
44,44,CLARICE,SPEAKER_ABOVE_DIALOGUE,CLARICE/Two months.,0.7,NameDatabase@35f983a6
44,44,CLARICE,SPEAKER_ABOVE_DIALOGUE,CLARICE/I - ran away...,0.7,NameDatabase@35f983a6
44,44,CLARICE,SPEAKER_ABOVE_DIALOGUE,CLARICE/(angrily),0.7,NameDatabase@35f983a6
44,44,CLARICE,SPEAKER_ABOVE_DIALOGUE,CLARICE/No...! Quid pro quo, Doctor.,0.7,NameDatabase@35f983a6
44,44,CLARICE,SPEAKER_ABOVE_DIALOGUE,CLARICE/You said - I was very close to the,0.7,NameDatabase@35f983a6
44,44,CLARICE,SPEAKER_ABOVE_DIALOGUE,CLARICE/On what basis would they reject him?,0.7,NameDatabase@35f983a6
44,44,CLARICE,SPEAKER_ABOVE_DIALOGUE,CLARICE/How would he test?,0.7,NameDatabase@35f983a6
44,44,CLARICE,SPEAKER_ABOVE_DIALOGUE,CLARICE/(shaken),0.7,NameDatabase@35f983a6
44,44,Lecter Sits,NAMEFINDER_ME,Dr . Lecter sits at his table , languidly,0.7639150844477163,NameDatabase@35f983a6
44,44,Lecter Wouldn,NAMEFINDER_ME,been restored . DR . LECTER Wouldn ' t you say ,,0.8177061711975129,NameDatabase@35f983a6
44,44,Billy,NAMEFINDER_ME,feel when you viewed our Billy ' s latest effort ?,1.0,NameDatabase@35f983a6
44,44,Lecter Life,NAMEFINDER_ME,a sadist . DR . LECTER Life ' s too slippery for,0.9960024029091348,NameDatabase@35f983a6
44,44,Lecter Big,NAMEFINDER_ME,? Yes . DR . LECTER Big through the hips . Roomy,1.0,NameDatabase@35f983a6
44,44,Lecter Mmm,NAMEFINDER_ME,all were . DR . LECTER Mmm . And what else ...,0.9256408995387043,NameDatabase@35f983a6
44,44,Lecter,NAMEFINDER_ME,is means . DR . LECTER Was it a butterfly ?,0.8949688052387008,NameDatabase@35f983a6
44,44,Bill,NAMEFINDER_ME,you help us find Buffalo Bill in time to save Catherine,1.0,NameDatabase@35f983a6
44,44,Catherine Martin,NAMEFINDER_ME,Bill in time to save Catherine Martin , the Senator promises you,1.0,NameDatabase@35f983a6
44,44,Bill Case File,NAMEFINDER_ME,. Copy of the Buffalo Bill case file , copy of Senator Martin,1.0,NameDatabase@35f983a6
44,44,Martin,NAMEFINDER_ME,file , copy of Senator Martin ' s terms . Her,1.0,NameDatabase@35f983a6
44,44,Lecter ",NAMEFINDER_ME,touching them . DR . LECTER "" Plum Island Animal Disease Research,0.916554990535623,NameDatabase@35f983a6
44,44,Catherine Is Waiting,NAMEFINDER_ME,or no , Clarice . Catherine is waiting . Tick - tock ,,1.0,NameDatabase@35f983a6
44,44,Tick,NAMEFINDER_ME,. Catherine is waiting . Tick - tock , tick -,0.7065900340122514,NameDatabase@35f983a6
44,44,Lecter What,NAMEFINDER_ME,, Doctor . DR . LECTER What ' s your worst memory,0.6915041468102787,NameDatabase@35f983a6
44,44,Lecter Tell Me,NAMEFINDER_ME,my father . DR . LECTER Tell me . Don ' t lie,1.0,NameDatabase@35f983a6
44,44,Lecter Killed Outright,NAMEFINDER_ME,shot him . DR . LECTER Killed outright ? No . He was,0.7052841383155575,NameDatabase@35f983a6
44,44,Young,NAMEFINDER_ME,died when I was very young , so my father had,0.811388780586364,NameDatabase@35f983a6
44,44,Lecter You,NAMEFINDER_ME,years old . DR . LECTER You ' re very frank ,,1.0,NameDatabase@35f983a6
44,44,Lecter The,NAMEFINDER_ME,, Doctor . DR . LECTER The significance of the moth is,0.9108402967772709,NameDatabase@35f983a6
44,44,Billy Wants To Change,NAMEFINDER_ME,into cocoon into beauty ... Billy wants to change , too , Clarice .,1.0,NameDatabase@35f983a6
44,44,Lecter,NAMEFINDER_ME,( puzzled ) Dr . Lecter , there ' s no,0.7519731962879355,NameDatabase@35f983a6
44,44,Lecter Clever Girl,NAMEFINDER_ME,very passive . DR . LECTER Clever girl . You ' re so,1.0,NameDatabase@35f983a6
44,44,Lecter After Your,NAMEFINDER_ME,me why . DR . LECTER After your father ' s death ,,0.7666522216186257,NameDatabase@35f983a6
44,44,Lecter A,NAMEFINDER_ME,a ranch . DR . LECTER A cattle ranch ? Horses -,0.9127492339346523,NameDatabase@35f983a6
44,44,Lecter How,NAMEFINDER_ME,and sheep ... DR . LECTER How long did you live there,0.9388812760268406,NameDatabase@35f983a6
44,44,Lecter Why,NAMEFINDER_ME,Two months . DR . LECTER Why so briefly ? I -,1.0,NameDatabase@35f983a6
44,44,Lecter Why,NAMEFINDER_ME,ran away ... DR . LECTER Why , Clarice ? Did the,1.0,NameDatabase@35f983a6
44,44,Lecter,NAMEFINDER_ME,) No . DR . LECTER Did he try to ?,0.8941033759434887,NameDatabase@35f983a6
44,44,Lecter Billy,NAMEFINDER_ME,, Doctor . DR . LECTER Billy ' s not a real,1.0,NameDatabase@35f983a6
44,44,Billy Has Applied For Sex Reassignment,NAMEFINDER_ME,' t be surprised if Billy has applied for sex reassignment at one or all of,1.0,NameDatabase@35f983a6
44,44,Lecter The,NAMEFINDER_ME,reject him ? DR . LECTER The personality inventories would trip him,0.9459208598404645,NameDatabase@35f983a6
44,44,Lecter Snarls,NAMEFINDER_ME,test ? Suddenly Dr . Lecter snarls , loudly , stretching .,0.9424237608230135,NameDatabase@35f983a6
45,45,As A,NAMEFINDER_ME,split along its back , as a living Death ' s -,0.8693920884797735,NameDatabase@35f983a6
45,45,Lecter,NAMEFINDER_ME,of nightshade . DR . LECTER ( V . O .,0.992425489111269,NameDatabase@35f983a6
45,45,Lecter,NAMEFINDER_ME,show music . DR . LECTER ( V . O .,0.992425489111269,NameDatabase@35f983a6
45,45,Lecter,NAMEFINDER_ME,gleaming knives ... DR . LECTER ( V . O .,0.992425489111269,NameDatabase@35f983a6
45,45,Music Is Growing Even Louder,NAMEFINDER_ME,... The jaunty background . MUSIC is growing even louder : Fats Waller singing "",1.0,NameDatabase@35f983a6
45,45,Fats Waller Singing,NAMEFINDER_ME,is growing even louder : Fats Waller singing "" Bye Bye Baby .,1.0,NameDatabase@35f983a6
45,45,Lecter,NAMEFINDER_ME,sewing machine ... DR . LECTER ( V . O .,0.992425489111269,NameDatabase@35f983a6
45,45,Billy,NAMEFINDER_ME,their drawings , especially . Billy ' s house drawings will,1.0,NameDatabase@35f983a6
45,45,Gumb Himself,NAMEFINDER_ME,and there is Mr . Gumb himself . As we APPROACH ,,0.925140841156312,NameDatabase@35f983a6
45,45,Lecter,NAMEFINDER_ME,bare feet . DR . LECTER ( V . O .,0.992425489111269,NameDatabase@35f983a6
45,45,Gumb,NAMEFINDER_ME,... Next to Mr . Gumb is an antique phonograph -,0.9920627338364801,NameDatabase@35f983a6
45,45,Precious,NAMEFINDER_ME,. His little dog , Precious , perches by his plump,1.0,NameDatabase@35f983a6
45,45,Gumb,NAMEFINDER_ME,As we PASS Mr . Gumb , Precious scurries away from,0.9884122346488124,NameDatabase@35f983a6
45,45,Panting Happily,NAMEFINDER_ME,scurries away from him , panting happily , and we FOLLOW the,0.7082863322124007,NameDatabase@35f983a6
45,45,Lecter,NAMEFINDER_ME,behind us ... DR . LECTER ( V . O .,0.992425489111269,NameDatabase@35f983a6
45,45,Billy Hates His Own Identity,NAMEFINDER_ME,V . O . ) Billy hates his own identity , he always has -,1.0,NameDatabase@35f983a6
45,45,Always Has,NAMEFINDER_ME,his own identity , he always has - and he thinks that,1.0,NameDatabase@35f983a6
45,45,Catherine,NAMEFINDER_ME,ghostly moan from below . CATHERINE ( O . S .,1.0,NameDatabase@35f983a6
45,45,a big wire,PERSON_NOUN,we see a big wire cage, holding several of the moths. They,0.7,null
45,45,the gaping circle,PERSON_NOUN,the center of this is the gaping circle of the oubliette.,0.7,null
46,46,Lecter,NAMEFINDER_ME,- CLOSE ON Dr . Lecter ' s slippered feet ,,0.9867246707124725,NameDatabase@35f983a6
46,46,Chilton,NAMEFINDER_ME,is a hockey mask . CHILTON ( V . O .,0.8845538042814536,NameDatabase@35f983a6
46,46,Lecter,NAMEFINDER_ME,... shows that Dr . Lecter , on the handtruck ,,0.9629147882400156,NameDatabase@35f983a6
46,46,Chilton,NAMEFINDER_ME,into his open cell . CHILTON ( V . O .,0.883713407721956,NameDatabase@35f983a6
46,46,that his ankles,PERSON_NOUN,tilted form, we see that his ankles are linked by steel,0.7,null
47,47,Lecter,NAMEFINDER_ME,Chilton lounges on Dr . Lecter ' s cot , casually,0.9867246707124725,NameDatabase@35f983a6
47,47,Lecter,NAMEFINDER_ME,it triumphantly at Dr . Lecter . I thought she might,0.9242780395061188,NameDatabase@35f983a6
47,47,Lecter,NAMEFINDER_ME,the front of Dr . Lecter ' s mask . You,0.9867246707124725,NameDatabase@35f983a6
47,47,Ruth Martin,NAMEFINDER_ME,Hannibal ... I called Senator Ruth Martin , and she never heard,1.0,NameDatabase@35f983a6
47,47,Lecter,NAMEFINDER_ME,... CLOSE ON Dr . Lecter ' s glittering eyes ,,0.9867246707124725,NameDatabase@35f983a6
47,47,Lecter,NAMEFINDER_ME,electroshock room . DR . LECTER ' S POV ( FRAMED,0.9867246707124725,NameDatabase@35f983a6
47,47,White,NAMEFINDER_ME,LOWERING to his soft , white , inviting throat ... The,0.8765542826010696,NameDatabase@35f983a6
47,47,Sits Chummily,NAMEFINDER_ME,with me . as he sits chummily on the table . There,0.7515170044488952,NameDatabase@35f983a6
47,47,There Never,NAMEFINDER_ME,chummily on the table . There never was a deal with Senator,1.0,NameDatabase@35f983a6
47,47,Martin,NAMEFINDER_ME,was a deal with Senator Martin - but there is now,1.0,NameDatabase@35f983a6
47,47,Bill,NAMEFINDER_ME,: if you identify Buffalo Bill , and the girl is,0.9256695610444435,NameDatabase@35f983a6
47,47,Martin Will Have,NAMEFINDER_ME,found in time , Senator Martin will have you transferred to Brushy Mountain,1.0,NameDatabase@35f983a6
47,47,Lecter,NAMEFINDER_ME,CLOSE AGAIN ON DR . LECTER ' S EYES as they,0.9867246707124725,NameDatabase@35f983a6
47,47,Lecter,NAMEFINDER_ME,exercise time ... DR . LECTER ' S POV - EXTREME,0.9867246707124725,NameDatabase@35f983a6
47,47,Chilton,NAMEFINDER_ME,' s gold pen . CHILTON ( O . S .,0.6516914809868289,NameDatabase@35f983a6
47,47,Jack Crawford,NAMEFINDER_ME,' d be out of Jack Crawford ' s reach , forever,1.0,NameDatabase@35f983a6
47,47,Lecter,NAMEFINDER_ME,... BACK ON DR . LECTER as he stares a moment,0.9847370973206765,NameDatabase@35f983a6
47,47,Chilton,NAMEFINDER_ME,hear his brain clicking . CHILTON ( O . S .,0.6748476694343473,NameDatabase@35f983a6
47,47,Lecter Is Silent,NAMEFINDER_ME,A beat . Dr . Lecter is silent . Chilton sticks his face,0.8485950305014743,NameDatabase@35f983a6
47,47,Chilton,NAMEFINDER_ME,. Lecter is silent . Chilton sticks his face INTO SHOT,0.936699026619159,NameDatabase@35f983a6
47,47,Lecter,NAMEFINDER_ME,Buffalo Bill ? DR . LECTER ( pause ; then softly,0.9617211530692015,NameDatabase@35f983a6
48,48,Danielson,NAMEFINDER_ME,a hall beside DR . DANIELSON - early 50 ' s,0.6740636371189889,NameDatabase@35f983a6
48,48,Danielson I,NAMEFINDER_ME,they pass . DR . DANIELSON I ' m not having a,0.6751683095064109,NameDatabase@35f983a6
48,48,Crawford,NAMEFINDER_ME,hunt here , Mr . Crawford ! Our patients are decent,0.8858058555669529,NameDatabase@35f983a6
48,48,Danielson,NAMEFINDER_ME,real problem . Dr . Danielson , the man we want,0.9032978022183441,NameDatabase@35f983a6
48,48,Doctor,NAMEFINDER_ME,criminal violence . Please , Doctor - time is eating us,0.7655691412318343,NameDatabase@35f983a6
48,48,Crawford Following,NAMEFINDER_ME,' s gallery , with Crawford following , and pours himself a,0.6537566511963847,NameDatabase@35f983a6
48,48,Danielson,NAMEFINDER_ME,of coffee . DR . DANIELSON ( adamantly ) Examination and,0.8421745771944832,NameDatabase@35f983a6
48,48,White Photo,NAMEFINDER_ME,He takes a black & white photo from his folder , slaps,0.7507335089050122,NameDatabase@35f983a6
48,48,Kimberly Jane Emberg,NAMEFINDER_ME,clearly . Her name is Kimberly Jane Emberg , she was just ID,1.0,NameDatabase@35f983a6
48,48,Catherine Martin,NAMEFINDER_ME,do the same thing to Catherine Martin . DR . DANIELSON That,1.0,NameDatabase@35f983a6
48,48,Danielson That,NAMEFINDER_ME,Catherine Martin . DR . DANIELSON That ' s a childish ,,0.6854312013433316,NameDatabase@35f983a6
48,48,Crawford,NAMEFINDER_ME,bullying stunt , Mr . Crawford . I was a battlefield,0.9708378283837403,NameDatabase@35f983a6
48,48,Burroughs Sticks His,NAMEFINDER_ME,put away your picture . Burroughs sticks his head in , looking for,0.8301923437679775,NameDatabase@35f983a6
48,48,Jack,NAMEFINDER_ME,for Crawford . Phone , Jack . Director Burke . (,1.0,NameDatabase@35f983a6
48,48,Director Burke,NAMEFINDER_ME,. Phone , Jack . Director Burke . ( snaps ) In,0.9773773647669646,NameDatabase@35f983a6
48,48,Burroughs Hurriedly Retreats,NAMEFINDER_ME,) In a minute ! Burroughs hurriedly retreats . Crawford strains for patience,0.9659114694065819,NameDatabase@35f983a6
48,48,Crawford Strains For Patience,NAMEFINDER_ME,! Burroughs hurriedly retreats . Crawford strains for patience . Look ... search your,1.0,NameDatabase@35f983a6
48,48,Danielson I,NAMEFINDER_ME,hospital cooperated . DR . DANIELSON I doubt very much that the,0.6950541212131698,NameDatabase@35f983a6
48,48,Crawford,NAMEFINDER_ME,a secret , Mr . Crawford . Truth will out ...,0.9646640535941395,NameDatabase@35f983a6
48,48,Will You Give,NAMEFINDER_ME,... And then what ? Will you give Johns Hopkins a new identity,1.0,NameDatabase@35f983a6
48,48,Young Women,NAMEFINDER_ME,, enraged ) He kidnaps young women and kills them and rips,0.9085196090759752,NameDatabase@35f983a6
48,48,Danielson,NAMEFINDER_ME,will focus on Dr . Danielson , over at Johns Hopkins,0.852012826293718,NameDatabase@35f983a6
48,48,Catherine Martin Floats,NAMEFINDER_ME,on the case - when Catherine Martin floats , when the next one,1.0,NameDatabase@35f983a6
48,48,Danielson,NAMEFINDER_ME,good ol ' Dr . Danielson , over at Johns Hopkins,0.852012826293718,NameDatabase@35f983a6
48,48,Danielson,NAMEFINDER_ME,fucking remarks . DR . DANIELSON ( pause ; stiffly ),0.8407455116996702,NameDatabase@35f983a6
49,49,Burroughs Watches Silently,NAMEFINDER_ME,on the scrambler phone . Burroughs watches silently . ( on phone ;,0.9299757693357663,NameDatabase@35f983a6
50,50,Hayden Burke,NAMEFINDER_ME,HAYDEN BURKE , the FBI Director ,,1.0,NameDatabase@35f983a6
50,50,Martin,NAMEFINDER_ME,airborne for Memphis . Senator Martin ' s meeting him at,1.0,NameDatabase@35f983a6
50,50,Jack,NAMEFINDER_ME,airport . ( uneasily ) Jack - did you make some,1.0,NameDatabase@35f983a6
50,50,Paul Krendler,NAMEFINDER_ME,uncomfortably across his desk at PAUL KRENDLER , the Deputy Attorney General,1.0,NameDatabase@35f983a6
50,50,Jack,NAMEFINDER_ME,to talk about this , Jack . The Senator ' s,1.0,NameDatabase@35f983a6
50,50,Paul Krendler,NAMEFINDER_ME,s mad as hell . Paul Krendler ' s over here from,1.0,NameDatabase@35f983a6
50,50,Jack,NAMEFINDER_ME,' s your call , Jack - but I want it,1.0,NameDatabase@35f983a6
51,51,Burroughs Starts To,NAMEFINDER_ME,Burroughs starts to make an objection , but,1.0,NameDatabase@35f983a6
52,52,CLARICE,SPEAKER_ABOVE_DIALOGUE,CLARICE/Chilton has killed her, hasn't he?,0.7,NameDatabase@35f983a6
52,52,Chilton Has Killed Her,NAMEFINDER_ME,She ' s furious . Chilton has killed her , hasn ' t he,1.0,NameDatabase@35f983a6
53,53,CLARICE,SPEAKER_ABOVE_DIALOGUE,CLARICE/Are you in trouble over this, Mr.,0.7,NameDatabase@35f983a6
53,53,CLARICE,SPEAKER_ABOVE_DIALOGUE,CLARICE/If you didn't want me chasing him,,0.7,NameDatabase@35f983a6
53,53,CLARICE,SPEAKER_ABOVE_DIALOGUE,CLARICE/Lecter is still the key, I know he,0.7,NameDatabase@35f983a6
53,53,CLARICE,SPEAKER_ABOVE_DIALOGUE,CLARICE/I lied to Lecter. I'll need some,0.7,NameDatabase@35f983a6
53,53,CLARICE,SPEAKER_ABOVE_DIALOGUE,CLARICE/(hesitates),0.7,NameDatabase@35f983a6
53,53,Martin Do,NAMEFINDER_ME,. Crawford ? Can Senator Martin do something to you ? I,1.0,NameDatabase@35f983a6
53,53,Martin,NAMEFINDER_ME,tired of toying with Senator Martin , he ' ll talk,1.0,NameDatabase@35f983a6
53,53,Never Thought,NAMEFINDER_ME,at this acknowledgment ; he never thought she ' s quit .,0.8617879484678743,NameDatabase@35f983a6
53,53,Catherine Martin,NAMEFINDER_ME,to get a feel for Catherine Martin . Her apartment , her,1.0,NameDatabase@35f983a6
53,53,Her Apartment,NAMEFINDER_ME,feel for Catherine Martin . Her apartment , her friends ... how,0.8857542907231317,NameDatabase@35f983a6
53,53,Lecter,NAMEFINDER_ME,down there handle Dr . Lecter ? ( grimly ) They,0.6859843134943119,NameDatabase@35f983a6
54,54,OFFICERS PEMBRY AND BOYLE,SPEAKER_ABOVE_DIALOGUE,OFFICERS PEMBRY AND BOYLE/two sturdy, well-armed, veteran prison guards - are checking,0.8999999999999999,NameDatabase@35f983a6
54,54,TWO BLACK STRETCH LIMOUSINES,SPEAKER_ABOVE_DIALOGUE,TWO BLACK STRETCH LIMOUSINES/glide smoothly into the hangar, stop. Secret Service agents,0.8999999999999999,NameDatabase@35f983a6
54,54,Lecter,NAMEFINDER_ME,CLOSE ON Dr . Lecter . Behind his mask ,,0.8988593522084507,NameDatabase@35f983a6
54,54,Lecter,NAMEFINDER_ME,- are checking Dr . Lecter ' s restraints with clever,0.9867246707124725,NameDatabase@35f983a6
54,54,Lecter,NAMEFINDER_ME,to Memphis , Dr . Lecter . I ' m Officer,0.9242780395061188,NameDatabase@35f983a6
54,54,Buddy Ruff,NAMEFINDER_ME,footin ' with you , buddy ruff . You get cute ,,1.0,NameDatabase@35f983a6
54,54,Lecter,NAMEFINDER_ME,You savvy ? DR . LECTER Oh yes , Officer Pembry,0.9502138772921289,NameDatabase@35f983a6
54,54,Chilton,NAMEFINDER_ME,flip out . Dr . Chilton ... ? NEW ANGLE -,0.8309082547875506,NameDatabase@35f983a6
54,54,Chilton Instinctively Pats His Shirt Pocket For,NAMEFINDER_ME,us a legal transfer . Chilton instinctively pats his shirt pocket for his gold pen ; it,1.0,NameDatabase@35f983a6
54,54,Lecter And,NAMEFINDER_ME,NEW ANGLE - DR . LECTER AND SEN . MARTIN as she,1.0,NameDatabase@35f983a6
54,54,Martin As She Stops,NAMEFINDER_ME,. LECTER AND SEN . MARTIN as she stops , struck by the bizarre,1.0,NameDatabase@35f983a6
54,54,Lecter,NAMEFINDER_ME,unstraps and removes Dr . Lecter ' s mask . Senator,0.9867246707124725,NameDatabase@35f983a6
54,54,Senator Martin,NAMEFINDER_ME,Lecter ' s mask . Senator Martin , meet Dr . Hannibal,0.9527465952188903,NameDatabase@35f983a6
54,54,Meet Dr,NAMEFINDER_ME,mask . Senator Martin , meet Dr . Hannibal Lecter . They,0.9633368255426531,NameDatabase@35f983a6
54,54,Hannibal Lecter,NAMEFINDER_ME,Martin , meet Dr . Hannibal Lecter . They stare at one,1.0,NameDatabase@35f983a6
54,54,Martin Dr,NAMEFINDER_ME,unearthly poise . SEN . MARTIN Dr . Lecter , I ',1.0,NameDatabase@35f983a6
54,54,Lecter,NAMEFINDER_ME,SEN . MARTIN Dr . Lecter , I ' ve brought,0.9802096447240738,NameDatabase@35f983a6
54,54,Lecter,NAMEFINDER_ME,the form . DR . LECTER I won ' t waste,0.9657235045299135,NameDatabase@35f983a6
54,54,Jack Crawford,NAMEFINDER_ME,Clarice Starling and that awful Jack Crawford have wasted far too much,1.0,NameDatabase@35f983a6
54,54,Martin You,NAMEFINDER_ME,all over . SEN . MARTIN You have my word . Paul,1.0,NameDatabase@35f983a6
54,54,Paul,NAMEFINDER_ME,You have my word . Paul ? Krendler raises a pad,1.0,NameDatabase@35f983a6
54,54,Krendler,NAMEFINDER_ME,my word . Paul ? Krendler raises a pad , poised,0.7866687486706132,NameDatabase@35f983a6
54,54,Raises A Pad,NAMEFINDER_ME,word . Paul ? Krendler raises a pad , poised to take notes,1.0,NameDatabase@35f983a6
54,54,Lecter Buffalo Bill,NAMEFINDER_ME,take notes . DR . LECTER Buffalo Bill ' s real name is,1.0,NameDatabase@35f983a6
54,54,William Rubin,NAMEFINDER_ME,' s real name is William Rubin . I met him just,1.0,NameDatabase@35f983a6
54,54,Benjamin Raspail,NAMEFINDER_ME,1980 , by my patient Benjamin Raspail . They were lovers ,,1.0,NameDatabase@35f983a6
54,54,Cure Billy,NAMEFINDER_ME,He thought if I could cure Billy , then Billy ' d,0.8868263865628827,NameDatabase@35f983a6
54,54,Billy,NAMEFINDER_ME,could cure Billy , then Billy ' d be safe from,1.0,NameDatabase@35f983a6
54,54,Lecter Did,NAMEFINDER_ME,physical descr - DR . LECTER Did you nurse Catherine ? SEN,0.7322049477130175,NameDatabase@35f983a6
54,54,Martin,NAMEFINDER_ME,nurse Catherine ? SEN . MARTIN ( pause ; startled ),1.0,NameDatabase@35f983a6
54,54,Lecter,NAMEFINDER_ME,What ... ? DR . LECTER Did you breast - feed,0.9713949800069288,NameDatabase@35f983a6
54,54,Martin Yes,NAMEFINDER_ME,is trembling . SEN . MARTIN Yes ... I did . DR,1.0,NameDatabase@35f983a6
54,54,Lecter Toughened Your Nipples,NAMEFINDER_ME,I did . DR . LECTER Toughened your nipples , didn ' t it,0.8904165197839347,NameDatabase@35f983a6
54,54,Hair Brown,NAMEFINDER_ME,, about 190 pounds . Hair brown , eyes pale blue .,1.0,NameDatabase@35f983a6
54,54,Martin,NAMEFINDER_ME,you know . SEN . MARTIN ( to the others ),1.0,NameDatabase@35f983a6
54,54,Calls Out,NAMEFINDER_ME,the car , but he calls out , stopping her . DR,0.8167606653402806,NameDatabase@35f983a6
54,54,Lecter Senator Martin,NAMEFINDER_ME,stopping her . DR . LECTER Senator Martin ... ! You can ',1.0,NameDatabase@35f983a6
54,54,Jack Crawford Or Clarice Starling,NAMEFINDER_ME,You can ' t trust Jack Crawford or Clarice Starling . It ' s such,1.0,NameDatabase@35f983a6
54,54,Martin Thank You,NAMEFINDER_ME,they say . SEN . MARTIN Thank you , Doctor . I ',1.0,NameDatabase@35f983a6
54,54,Lecter Oh,NAMEFINDER_ME,in mind . DR . LECTER Oh , and Senator ... ?,1.0,NameDatabase@35f983a6
54,54,BLACK STRETCH LIMOUSINES,PERSON_ADJ,TWO BLACK STRETCH LIMOUSINES,0.7,null
54,54,Officer Pembry.,PERSON_NOUN,Officer Boyle, this is Officer Pembry.,0.7,null
54,54,that we're in,PERSON_NOUN,as we see that we're in a vast, dusty hangar. Parked to one,0.7,null
55,55,CATHERINE,SPEAKER_ABOVE_DIALOGUE,CATHERINE/is hunched over in concentration. The plastic toilet bucket,0.7,NameDatabase@35f983a6
55,55,CATHERINE,SPEAKER_ABOVE_DIALOGUE,CATHERINE/Get my legs round your neck, you,0.7,NameDatabase@35f983a6
55,55,CATHERINE,SPEAKER_ABOVE_DIALOGUE,CATHERINE/Okay, Precious. Time for a treat...,0.7,NameDatabase@35f983a6
55,55,DOWN IN THE PIT,SPEAKER_ABOVE_DIALOGUE,DOWN IN THE PIT/Catherine swings the bucket again, trying another cast.,0.8999999999999999,NameDatabase@35f983a6
55,55,PRECIOUS TROTS UP,SPEAKER_ABOVE_DIALOGUE,PRECIOUS TROTS UP/then pauses, staring curiously towards...,0.7,NameDatabase@35f983a6
55,55,CATHERINE,SPEAKER_ABOVE_DIALOGUE,CATHERINE/staring upwards, pulls again, even so gently, at the string.,0.7,NameDatabase@35f983a6
55,55,CATHERINE,SPEAKER_ABOVE_DIALOGUE,CATHERINE/(softly),0.7,NameDatabase@35f983a6
55,55,PRECIOUS,SPEAKER_ABOVE_DIALOGUE,PRECIOUS/edges reluctantly closer... then suddenly rushes in, seizing,0.7,NameDatabase@35f983a6
55,55,CATHERINE,SPEAKER_ABOVE_DIALOGUE,CATHERINE/stares desperately, unable to see how she's doing.,0.7,NameDatabase@35f983a6
55,55,CATHERINE,SPEAKER_ABOVE_DIALOGUE,CATHERINE/Hang on, boy... hang on...,0.7,NameDatabase@35f983a6
55,55,PRECIOUS,SPEAKER_ABOVE_DIALOGUE,PRECIOUS/still fights for the bone, GROWLING, as the bucket rocks,0.7,NameDatabase@35f983a6
55,55,CATHERINE,SPEAKER_ABOVE_DIALOGUE,CATHERINE/crouches, covering her head as the bucket bounces off her.,0.7,NameDatabase@35f983a6
55,55,CATHERINE,SPEAKER_ABOVE_DIALOGUE,CATHERINE/Nooooo...!,0.7,NameDatabase@35f983a6
55,55,THE LITTLE DOG,SPEAKER_ABOVE_DIALOGUE,THE LITTLE DOG/furious, BARKS down at her, then trots away in disgust.,0.8999999999999999,NameDatabase@35f983a6
55,55,CLOSE ON CATHERINE,SPEAKER_ABOVE_DIALOGUE,CLOSE ON CATHERINE/as she sinks to the cold cement. She slaps aside the foil,0.8999999999999999,NameDatabase@35f983a6
55,55,Catherine,NAMEFINDER_ME,of a TV dinner . CATHERINE ( O . S .,1.0,NameDatabase@35f983a6
55,55,Catherine Swings,NAMEFINDER_ME,sets off to investigate . Catherine swings the bucket again , trying,1.0,NameDatabase@35f983a6
55,55,Catherine Is Pulling Her,NAMEFINDER_ME,away with it , but Catherine is pulling her towards the hole , working,1.0,NameDatabase@35f983a6
56,56,Martin And Catherine,NAMEFINDER_ME,framed photo of Sen . Martin and Catherine , held in Clarice ',1.0,NameDatabase@35f983a6
61,61,CLARICE,SPEAKER_ABOVE_DIALOGUE,CLARICE/I'm Clarice Starling, Senator. FBI.,0.7,NameDatabase@35f983a6
61,61,CLARICE,SPEAKER_ABOVE_DIALOGUE,CLARICE/Sir, Mr. Crawford instructed me -,0.7,NameDatabase@35f983a6
61,61,CLARICE,SPEAKER_ABOVE_DIALOGUE,CLARICE/(stubbornly),0.7,NameDatabase@35f983a6
61,61,CLARICE,SPEAKER_ABOVE_DIALOGUE,CLARICE/Mr. Krendler... Dr. Lecter trusts,0.7,NameDatabase@35f983a6
61,61,CLARICE,SPEAKER_ABOVE_DIALOGUE,CLARICE/Sir, doesn't this ""William Rubin"",0.7,NameDatabase@35f983a6
61,61,CLARICE,SPEAKER_ABOVE_DIALOGUE,CLARICE/Yes sir. I can find it by myself.,0.7,NameDatabase@35f983a6
61,61,Martin Is Revealed,NAMEFINDER_ME,cries out softly . Senator Martin is revealed , staring at her suspiciously,1.0,NameDatabase@35f983a6
61,61,Martin Who,NAMEFINDER_ME,her suspiciously . SEN . MARTIN Who are you , please ?,1.0,NameDatabase@35f983a6
61,61,Martin,NAMEFINDER_ME,. FBI . SEN . MARTIN ( softly , very angry,1.0,NameDatabase@35f983a6
61,61,Paul,NAMEFINDER_ME,... ( calls out ) Paul ? Would you come in,1.0,NameDatabase@35f983a6
61,61,Krendler,NAMEFINDER_ME,here , please ... ? Krendler enters from the hallway ,,0.8052498655384158,NameDatabase@35f983a6
61,61,Martin Miss Starling,NAMEFINDER_ME,at Clarice . SEN . MARTIN Miss Starling , you may know the,1.0,NameDatabase@35f983a6
61,61,Krendler,NAMEFINDER_ME,Attorney General , Mr . Krendler . Paul , this is,0.9703529106609818,NameDatabase@35f983a6
61,61,Paul,NAMEFINDER_ME,, Mr . Krendler . Paul , this is the trainee,1.0,NameDatabase@35f983a6
61,61,Jack Crawford,NAMEFINDER_ME,this is the trainee that Jack Crawford sent to Lecter ... She,1.0,NameDatabase@35f983a6
61,61,Krendler Shuts,NAMEFINDER_ME,hurries from the room . Krendler shuts the door behind her ,,0.6541715126576373,NameDatabase@35f983a6
61,61,Starling,NAMEFINDER_ME,re out of line , Starling , and you ' re,0.886450135190107,NameDatabase@35f983a6
61,61,Crawford Instructed Me,NAMEFINDER_ME,. Sir , Mr . Crawford instructed me - Your instructions are what,0.7057657982520995,NameDatabase@35f983a6
61,61,Jack Crawford,NAMEFINDER_ME,m giving you now . Jack Crawford answers to the Director ,,1.0,NameDatabase@35f983a6
61,61,Crawford,NAMEFINDER_ME,me . My God , Crawford ' s losing it ...,0.7325613687516911,NameDatabase@35f983a6
61,61,Some Kind,NAMEFINDER_ME,gave you - what ? Some kind of special ID ? Let,0.8714981933710915,NameDatabase@35f983a6
61,61,Starling,NAMEFINDER_ME,on the next plane , Starling , there ' s one,0.7010151292770587,NameDatabase@35f983a6
61,61,Krendler,NAMEFINDER_ME,turns back . Mr . Krendler ... Dr . Lecter trusts,0.7997485594222832,NameDatabase@35f983a6
61,61,Lecter Trusts Me,NAMEFINDER_ME,. Krendler ... Dr . Lecter trusts me . Or at least ,,0.8310798687919966,NameDatabase@35f983a6
61,61,Or At Least,NAMEFINDER_ME,. Lecter trusts me . Or at least , he used to .,0.6856473986054068,NameDatabase@35f983a6
61,61,Bill,NAMEFINDER_ME,Lecter has already named Buffalo Bill . Clarice reacts , surprised,0.6913293849488794,NameDatabase@35f983a6
61,61,Krendler,NAMEFINDER_ME,Clarice reacts , surprised . Krendler takes a folded computer sheet,0.7747415907502323,NameDatabase@35f983a6
61,61,William Rubin,NAMEFINDER_ME,doesn ' t this "" William Rubin "" strike you as -,1.0,NameDatabase@35f983a6
61,61,Krendler,NAMEFINDER_ME,- kind of vague ? Krendler moves in very close to,0.6681467022942843,NameDatabase@35f983a6
61,61,Yes,NAMEFINDER_ME,the airport by yourself ? Yes sir . I can find,0.7251853201957312,NameDatabase@35f983a6
61,61,the trainee that,PERSON_NOUN,this is the trainee that Jack Crawford,0.7,null
62,62,Lecter,NAMEFINDER_ME,of papers - Dr . Lecter ' s drawings - she,0.8518352848199382,NameDatabase@35f983a6
62,62,Frederick Chilton,NAMEFINDER_ME,her pause . Dr . Frederick Chilton in a sea of interviewers,1.0,NameDatabase@35f983a6
63,63,CLARICE,SPEAKER_ABOVE_DIALOGUE,CLARICE/I just left him.,0.7,NameDatabase@35f983a6
63,63,Tate,NAMEFINDER_ME,SGT . TATE , a Memphis policeman ,,0.8997441148201774,NameDatabase@35f983a6
63,63,Tate,NAMEFINDER_ME,bit doubtfully . SGT . TATE Are you with Mr .,0.7801508251028317,NameDatabase@35f983a6
63,63,Krendler,NAMEFINDER_ME,Are you with Mr . Krendler ' s people ? I,0.9923648754527689,NameDatabase@35f983a6
63,63,Tate Access To Lecter Is Strictly Limited,NAMEFINDER_ME,left him . SGT . TATE Access to Lecter is strictly limited . We ' ve been,1.0,NameDatabase@35f983a6
63,63,Murray,NAMEFINDER_ME,are coming and going . MURRAY ( V . O .,1.0,NameDatabase@35f983a6
64,64,MURRAY,SPEAKER_ABOVE_DIALOGUE,MURRAY/Every cop in Tennessee wants a look,0.7,NameDatabase@35f983a6
64,64,CLARICE,SPEAKER_ABOVE_DIALOGUE,CLARICE/(beat),0.7,NameDatabase@35f983a6
64,64,Murray,NAMEFINDER_ME,Clarice and OFFICER MURRAY , a young patrolman ,,0.9407389515902393,NameDatabase@35f983a6
64,64,Is Excited,NAMEFINDER_ME,- cage elevator . He is excited . Every cop in Tennessee,0.7128777012551978,NameDatabase@35f983a6
65,65,CLARICE,SPEAKER_ABOVE_DIALOGUE,CLARICE/Yes, Officer Pembry. I've questioned,0.7,NameDatabase@35f983a6
65,65,INSIDE THE CAGE,SPEAKER_ABOVE_DIALOGUE,INSIDE THE CAGE/a cot and a small table, each bolted to the floor, and a,0.8999999999999999,NameDatabase@35f983a6
65,65,CLARICE,SPEAKER_ABOVE_DIALOGUE,CLARICE/I thought you might want your drawings,0.7,NameDatabase@35f983a6
65,65,CLARICE,SPEAKER_ABOVE_DIALOGUE,CLARICE/Nobody sent me. I came on my own.,0.7,NameDatabase@35f983a6
65,65,CLARICE,SPEAKER_ABOVE_DIALOGUE,CLARICE/Dr. Lecter, you find out everything.,0.7,NameDatabase@35f983a6
65,65,CLARICE,SPEAKER_ABOVE_DIALOGUE,CLARICE/I think you were telling me the truth,0.7,NameDatabase@35f983a6
65,65,CLARICE,SPEAKER_ABOVE_DIALOGUE,CLARICE/Then tell me how.,0.7,NameDatabase@35f983a6
65,65,CLARICE,SPEAKER_ABOVE_DIALOGUE,CLARICE/He kills w-,0.7,NameDatabase@35f983a6
65,65,CLARICE,SPEAKER_ABOVE_DIALOGUE,CLARICE/Anger, social resentment, sexual,0.7,NameDatabase@35f983a6
65,65,CLARICE,SPEAKER_ABOVE_DIALOGUE,CLARICE/No. We just -,0.7,NameDatabase@35f983a6
65,65,CLARICE,SPEAKER_ABOVE_DIALOGUE,CLARICE/All right, then tell me how -,0.7,NameDatabase@35f983a6
65,65,CLARICE,SPEAKER_ABOVE_DIALOGUE,CLARICE/Dr. Lecter, when there's time I'll -,0.7,NameDatabase@35f983a6
65,65,CLARICE,SPEAKER_ABOVE_DIALOGUE,CLARICE/Later, listen, I'll -,0.7,NameDatabase@35f983a6
65,65,CLARICE,SPEAKER_ABOVE_DIALOGUE,CLARICE/And - one morning I just - ran away...,0.7,NameDatabase@35f983a6
65,65,CLARICE,SPEAKER_ABOVE_DIALOGUE,CLARICE/Early. Still dark.,0.7,NameDatabase@35f983a6
65,65,BACK TO THE ADULT CLARICE,SPEAKER_ABOVE_DIALOGUE,BACK TO THE ADULT CLARICE/staring into the distance, shaken, still trembling from the,0.8999999999999999,NameDatabase@35f983a6
65,65,CLARICE,SPEAKER_ABOVE_DIALOGUE,CLARICE/Yes...! They were screaming.,0.7,NameDatabase@35f983a6
65,65,CLARICE,SPEAKER_ABOVE_DIALOGUE,CLARICE/No. First I tried to free them... I,0.7,NameDatabase@35f983a6
65,65,CLARICE,SPEAKER_ABOVE_DIALOGUE,CLARICE/I took one lamb. And I ran away, as,0.7,NameDatabase@35f983a6
65,65,CLARICE,SPEAKER_ABOVE_DIALOGUE,CLARICE/Yes...,0.7,NameDatabase@35f983a6
65,65,CLARICE,SPEAKER_ABOVE_DIALOGUE,CLARICE/Yes! I don't know...! I don't know.,0.7,NameDatabase@35f983a6
65,65,CLARICE,SPEAKER_ABOVE_DIALOGUE,CLARICE/(a whisper),0.7,NameDatabase@35f983a6
65,65,CLARICE,SPEAKER_ABOVE_DIALOGUE,CLARICE/(moving closer to the,0.7,NameDatabase@35f983a6
65,65,CLARICE,SPEAKER_ABOVE_DIALOGUE,CLARICE/hugging the case file to her chest, stares back at him as,0.7,NameDatabase@35f983a6
65,65,Lecter,NAMEFINDER_ME,unrolled pile of Dr . Lecter ' s drawings . You,0.9868549195952564,NameDatabase@35f983a6
65,65,White Octagonal Room,NAMEFINDER_ME,the big , spare , white octagonal room . A massive , temporary,1.0,NameDatabase@35f983a6
65,65,Lecter Sits,NAMEFINDER_ME,a toilet . Dr . Lecter sits at the table , his,0.8422510022358711,NameDatabase@35f983a6
65,65,Bill Case File,NAMEFINDER_ME,her , studying the Buffalo Bill case file . He now wears a,1.0,NameDatabase@35f983a6
65,65,Lecter,NAMEFINDER_ME,steel table . DR . LECTER ( without turning ) Good,0.9501100300894313,NameDatabase@35f983a6
65,65,Lecter How Very Thoughtful,NAMEFINDER_ME,your view . DR . LECTER How very thoughtful ... Or did Crawford send,1.0,NameDatabase@35f983a6
65,65,Lecter People,NAMEFINDER_ME,coy smile . DR . LECTER People will say we ' re,1.0,NameDatabase@35f983a6
65,65,Catherine,NAMEFINDER_ME,it ? Pity for poor Catherine . Tick - tock ...,1.0,NameDatabase@35f983a6
65,65,Lecter,NAMEFINDER_ME,in sight . Dr . Lecter , you find out everything,0.9152473697538784,NameDatabase@35f983a6
65,65,William Rubin,NAMEFINDER_ME,have talked with this "" William Rubin "" , even once ,,1.0,NameDatabase@35f983a6
65,65,Lecter I,NAMEFINDER_ME,rest now . DR . LECTER I ' ve studied the case,0.9264941751728532,NameDatabase@35f983a6
65,65,Lecter First Principles,NAMEFINDER_ME,me how . DR . LECTER First principles , Clarice . Simplicity .,1.0,NameDatabase@35f983a6
65,65,Kills W - Dr,NAMEFINDER_ME,man you seek ? He kills w - DR . LECTER ( sharply ,,0.9446159230225036,NameDatabase@35f983a6
65,65,Lecter,NAMEFINDER_ME,kills w - DR . LECTER ( sharply , as he,0.9271126418016331,NameDatabase@35f983a6
65,65,Lecter What,NAMEFINDER_ME,the bars . DR . LECTER What is the first and principal,0.8137805571235461,NameDatabase@35f983a6
65,65,Lecter No,NAMEFINDER_ME,sexual frus - DR . LECTER No , he covets . That,1.0,NameDatabase@35f983a6
65,65,Lecter No,NAMEFINDER_ME,We just - DR . LECTER No . Precisely . We begin,1.0,NameDatabase@35f983a6
65,65,Don,NAMEFINDER_ME,we see every day . Don ' t you feel eyes,1.0,NameDatabase@35f983a6
65,65,Lecter No,NAMEFINDER_ME,me how - DR . LECTER No . It ' s your,1.0,NameDatabase@35f983a6
65,65,Lecter,NAMEFINDER_ME,that ranch ? Dr . Lecter , when there ' s,0.9435353913663368,NameDatabase@35f983a6
65,65,Lecter We,NAMEFINDER_ME,' ll - DR . LECTER We don ' t reckon time,1.0,NameDatabase@35f983a6
65,65,Lecter I,NAMEFINDER_ME,' ll - DR . LECTER I ' ll listen now .,0.9271105713338305,NameDatabase@35f983a6
65,65,Lecter Not,NAMEFINDER_ME,the bars . DR . LECTER Not "" just , "" Clarice,1.0,NameDatabase@35f983a6
65,65,Lecter Then Something,NAMEFINDER_ME,Still dark . DR . LECTER Then something woke you . What ?,1.0,NameDatabase@35f983a6
65,65,Clarice,NAMEFINDER_ME,; eerie brightness outside . CLARICE ( V . O .,1.0,NameDatabase@35f983a6
65,65,Lecter,NAMEFINDER_ME,strange sound ... DR . LECTER ( V . O .,0.9911651027846168,NameDatabase@35f983a6
65,65,Ranch Hands,NAMEFINDER_ME,S POV Shadowy men , ranch hands , are moving in and,1.0,NameDatabase@35f983a6
65,65,Lecter,NAMEFINDER_ME,her ears . DR . LECTER ( V . O .,0.9911651027846168,NameDatabase@35f983a6
65,65,Clarice,NAMEFINDER_ME,What did you do ? CLARICE ( V . O .,0.9097109377510642,NameDatabase@35f983a6
65,65,Avoid A Ranch Hand,NAMEFINDER_ME,ducks into the shadows to avoid a ranch hand , who passes her with,1.0,NameDatabase@35f983a6
65,65,Who Passes,NAMEFINDER_ME,avoid a ranch hand , who passes her with a squirming bundle,0.8696896445788082,NameDatabase@35f983a6
65,65,Straw Bales,NAMEFINDER_ME,... Bright lights inside , straw bales , the edges of stalls,1.0,NameDatabase@35f983a6
65,65,Lecter,NAMEFINDER_ME,moving figures ... DR . LECTER ( V . O .,0.9911651027846168,NameDatabase@35f983a6
65,65,Raises A Bloody Knife,NAMEFINDER_ME,lamb ' s neck , raises a bloody knife . Just as he ',1.0,NameDatabase@35f983a6
65,65,Lecter,NAMEFINDER_ME,. We see Dr . Lecter , over her shoulder ,,0.9614037506976685,NameDatabase@35f983a6
65,65,Lecter They Were,NAMEFINDER_ME,her intently . DR . LECTER They were slaughtering the spring lambs ?,0.7938404171719299,NameDatabase@35f983a6
65,65,Lecter,NAMEFINDER_ME,were screaming . DR . LECTER So you ran away ...,0.873017518751217,NameDatabase@35f983a6
65,65,Lecter,NAMEFINDER_ME,t run ... DR . LECTER But you could . You,0.9160026986807962,NameDatabase@35f983a6
65,65,Lecter,NAMEFINDER_ME,her arms . DR . LECTER ( V . O .,0.9911651027846168,NameDatabase@35f983a6
65,65,Lecter,NAMEFINDER_ME,ranch again ... DR . LECTER ( V . O .,0.9911651027846168,NameDatabase@35f983a6
65,65,Lecter You,NAMEFINDER_ME,say more . DR . LECTER You still wake up sometimes ,,1.0,NameDatabase@35f983a6
65,65,Lecter,NAMEFINDER_ME,? Yes ... DR . LECTER Do you think if you,0.861225100952992,NameDatabase@35f983a6
65,65,Catherine Lives,NAMEFINDER_ME,Do you think , if Catherine lives , you won ' t,1.0,NameDatabase@35f983a6
65,65,Lecter,NAMEFINDER_ME,t know . DR . LECTER ( a pause ; then,0.9534444006845276,NameDatabase@35f983a6
65,65,Thank You,NAMEFINDER_ME,, oddly at peace ) Thank you , Clarice . ( a,1.0,NameDatabase@35f983a6
65,65,Lecter,NAMEFINDER_ME,his name , Dr . Lecter . DR . LECTER Dr,0.8245049451380118,NameDatabase@35f983a6
65,65,Lecter Dr,NAMEFINDER_ME,. Lecter . DR . LECTER Dr . Chilton ... I believe,0.9273425062513472,NameDatabase@35f983a6
65,65,Chilton,NAMEFINDER_ME,DR . LECTER Dr . Chilton ... I believe you know,0.8852467274769468,NameDatabase@35f983a6
65,65,Sorry,NAMEFINDER_ME,Let ' s go . Sorry , ma ' a m,0.8012399111284906,NameDatabase@35f983a6
65,65,Pulling Free,NAMEFINDER_ME,place . Clarice struggles , pulling free of them for a moment,0.9932677598864239,NameDatabase@35f983a6
65,65,Lecter Brave Clarice,NAMEFINDER_ME,a moment . DR . LECTER Brave Clarice . Will you let me,1.0,NameDatabase@35f983a6
65,65,Will You Let Me Know If,NAMEFINDER_ME,. LECTER Brave Clarice . Will you let me know if ever the lambs stop screaming,1.0,NameDatabase@35f983a6
65,65,Lecter,NAMEFINDER_ME,a moment . DR . LECTER ' S EYES widen ,,0.9868549195952564,NameDatabase@35f983a6
65,65,Lecter Good,NAMEFINDER_ME,a cave . DR . LECTER Good - bye , Clarice .,1.0,NameDatabase@35f983a6
65,65,Lecter,NAMEFINDER_ME,- MOVING as Dr . Lecter , head cocked in a,0.9276820899452587,NameDatabase@35f983a6
65,65,THE CHILD,PERSON_NOUN,THE CHILD RISES,0.7,null
65,65,THE CHILD,PERSON_NOUN,HIGH ANGLES (2ND STORY) - THE CHILD'S POV,0.7,null
65,65,LITTLE GIRL,PERSON_NOUN,THE LITTLE GIRL,0.7,null
65,65,LITTLE GIRL,PERSON_NOUN,THE LITTLE GIRL,0.7,null
65,65,LITTLE GIRL,PERSON_NOUN,THE LITTLE GIRL'S POV,0.7,null
65,65,THE ADULT,PERSON_NOUN,BACK TO THE ADULT CLARICE,0.7,null
65,65,every day. Don't,PERSON_NOUN,what we see every day. Don't you,0.7,null
65,65,all the time,PERSON_NOUN,Clarice. This is all the time you'll,0.7,null
65,65,Dr. Lecter,PERSON_NOUN,child's shock. We see Dr. Lecter, over her shoulder, studying,0.7,null
66,66,Gumb,NAMEFINDER_ME,MOVING ANGLE - MR . GUMB ' S POV as he,0.9923648754527689,NameDatabase@35f983a6
66,66,Pushes A,NAMEFINDER_ME,' S POV as he pushes a rolling rack of completed leather,0.8183806509098754,NameDatabase@35f983a6
66,66,Passes,NAMEFINDER_ME,at once , as he passes row on row of work,0.826857036193165,NameDatabase@35f983a6
66,66,Row On,NAMEFINDER_ME,once , as he passes row on row of work tables .,1.0,NameDatabase@35f983a6
66,66,Passes,NAMEFINDER_ME,, glance up as he passes , then quickly avert their,0.7821139804239342,NameDatabase@35f983a6
66,66,Gumb,NAMEFINDER_ME,of leather . MR . GUMB ( O . S .,0.987537675990367,NameDatabase@35f983a6
66,66,Gumb,NAMEFINDER_ME,Pardon ... ? MR . GUMB ( O . S .,0.987537675990367,NameDatabase@35f983a6
66,66,Gumb,NAMEFINDER_ME,wanting your - Mr . Gumb ' s hand reaches INTO,0.9923648754527689,NameDatabase@35f983a6
66,66,MAN,PERSON_NOUN,A thin FOREMAN in a flowery shirt, sees him approaching. He,0.7,null
66,66,MAN,PERSON_NOUN,FOREMAN,0.7,null
66,66,MAN,PERSON_NOUN,FOREMAN,0.7,null
66,66,MAN,PERSON_NOUN,FOREMAN,0.7,null
66,66,MAN,PERSON_NOUN,FOREMAN,0.7,null
66,66,MAN,PERSON_NOUN,FOREMAN,0.7,null
68,68,IN THE CELL,SPEAKER_ABOVE_DIALOGUE,IN THE CELL/the BACH is issuing from the cassette player. Beside it, on,1.0,NameDatabase@35f983a6
68,68,INSIDE THE SCREEN,SPEAKER_ABOVE_DIALOGUE,INSIDE THE SCREEN/Dr. Lecter sits fully clothed on the toilet - swaying,0.8999999999999999,NameDatabase@35f983a6
68,68,IN EXTREME CLOSEUP,SPEAKER_ABOVE_DIALOGUE,IN EXTREME CLOSEUP/he is holding the pocket clip from Prentice's disassembled,0.7,NameDatabase@35f983a6
68,68,IN EXTREME CLOSEUP,SPEAKER_ABOVE_DIALOGUE,IN EXTREME CLOSEUP/the straight end of the clip now forms a tiny right angle,,0.7,NameDatabase@35f983a6
68,68,OUTSIDE THE CELL,SPEAKER_ABOVE_DIALOGUE,OUTSIDE THE CELL/Pembry and Boyle turn as the toilet FLUSHES, and Dr. Lecter,0.8999999999999999,NameDatabase@35f983a6
68,68,VERY CLOSE ON,SPEAKER_ABOVE_DIALOGUE,VERY CLOSE ON/...Dr. Lecter's hands, outside the bars, as the makeshift,0.8999999999999999,NameDatabase@35f983a6
68,68,LOW ANGLE ON PEMBRY,SPEAKER_ABOVE_DIALOGUE,LOW ANGLE ON PEMBRY/as he crawls, with torturous slowness, towards the command,0.8999999999999999,NameDatabase@35f983a6
68,68,Lecter,NAMEFINDER_ME,as he approaches Dr . Lecter ' s cell . (,0.9867246707124725,NameDatabase@35f983a6
68,68,Lecter,NAMEFINDER_ME,the pile of Dr . Lecter ' s drawings . The,0.9867246707124725,NameDatabase@35f983a6
68,68,Lecter,NAMEFINDER_ME,from there . DR . LECTER ( O . S .,0.9705285356961231,NameDatabase@35f983a6
68,68,Pembry Grunts,NAMEFINDER_ME,another minute , please ! Pembry grunts , sets the tray down,0.8331159115739266,NameDatabase@35f983a6
68,68,Lecter Sits Fully Clothed,NAMEFINDER_ME,the zoo ? Dr . Lecter sits fully clothed on the toilet - swaying,0.8768369055328287,NameDatabase@35f983a6
68,68,Lecter Lines,NAMEFINDER_ME,the other . DR . LECTER lines up his thumbnail just shy,1.0,NameDatabase@35f983a6
68,68,Lecter Reappears,NAMEFINDER_ME,FLUSHES , and Dr . Lecter reappears , looking jaunty . Okay,0.9418081825993898,NameDatabase@35f983a6
68,68,Doc,NAMEFINDER_ME,looking jaunty . Okay , Doc , grab some floor .,0.9253913026856243,NameDatabase@35f983a6
68,68,Lecter Sits,NAMEFINDER_ME,as lunchtime . Dr . Lecter sits on the floor , legs,0.8403569916781399,NameDatabase@35f983a6
68,68,Legs Straight,NAMEFINDER_ME,sits on the floor , legs straight , then wriggles backwards .,1.0,NameDatabase@35f983a6
68,68,Lecter I,NAMEFINDER_ME,his hands . DR . LECTER I ' m ready when you,0.7320597856416069,NameDatabase@35f983a6
68,68,Lecter,NAMEFINDER_ME,to squat behind Dr . Lecter . He tugs his hands,0.9188378579435608,NameDatabase@35f983a6
68,68,Lecter Watches As Boyle,NAMEFINDER_ME,the tray . DR . LECTER watches as Boyle approaches the table , above,1.0,NameDatabase@35f983a6
68,68,Lecter,NAMEFINDER_ME,on . ... Dr . Lecter ' s hands , outside,0.9867246707124725,NameDatabase@35f983a6
68,68,Lecter,NAMEFINDER_ME,turns back towards Dr . Lecter , stooping to pick up,0.9666986494796396,NameDatabase@35f983a6
68,68,Lecter,NAMEFINDER_ME,the tray when Dr . Lecter ' s hand darts INTO,0.9867246707124725,NameDatabase@35f983a6
68,68,Snapping A Handcuff Onto His Wrist,NAMEFINDER_ME,hand darts INTO SHOT , snapping a handcuff onto his wrist . looks up , astonished,0.7204450267397169,NameDatabase@35f983a6
68,68,Lecter,NAMEFINDER_ME,grinning face of Dr . Lecter - who just as quickly,0.9551512979764414,NameDatabase@35f983a6
68,68,Lecter Smashing,NAMEFINDER_ME,riot baton ... Dr . Lecter smashing against the cell door ,,0.8890697192600465,NameDatabase@35f983a6
68,68,Strains Frantically To,NAMEFINDER_ME,the door , as he strains frantically to reach the baton at his,1.0,NameDatabase@35f983a6
68,68,Lecter,NAMEFINDER_ME,stares at ... Dr . Lecter ' s bared teeth ,,0.9867246707124725,NameDatabase@35f983a6
68,68,Lecter Gripping Pembry,NAMEFINDER_ME,towards him ... Dr . Lecter gripping Pembry ' s face in his,0.7671392346226082,NameDatabase@35f983a6
68,68,Lecter Yanking,NAMEFINDER_ME,dropping it ... Dr . Lecter yanking the mace can and riot,0.7280305617596923,NameDatabase@35f983a6
68,68,Lecter Standing Over Him,NAMEFINDER_ME,, seeing ... Dr . Lecter standing over him , with the riot baton,1.0,NameDatabase@35f983a6
68,68,Lecter Eyes Closed,NAMEFINDER_ME,. ANGLE ON DR . LECTER eyes closed , lost in a favorite,0.8964856447003934,NameDatabase@35f983a6
68,68,Lecter Picks,NAMEFINDER_ME,big pocketknife . DR . LECTER picks up the pocketknife , examines,0.7589216496416955,NameDatabase@35f983a6
68,68,Lecter's shadowy form,PERSON_NOUN,Beyond the table, we see Lecter's shadowy form, seated behind,0.7,null
69,69,Tate,NAMEFINDER_ME,floor . FAVORING SGT . TATE at his command desk ,,0.9898025366909144,NameDatabase@35f983a6
69,69,Jacobs,NAMEFINDER_ME,indicator . Another cop , JACOBS , sits on the desk,0.8551895452825907,NameDatabase@35f983a6
69,69,Sits,NAMEFINDER_ME,Another cop , JACOBS , sits on the desk ' s,0.7026049983996587,NameDatabase@35f983a6
69,69,Tate What,NAMEFINDER_ME,the lobby . SGT . TATE What is this shit ... ?,0.8075161504848652,NameDatabase@35f983a6
69,69,Tate Jumps,NAMEFINDER_ME,nearby stairwell . Sgt . Tate jumps to his feet , grabs,1.0,NameDatabase@35f983a6
69,69,Tate,NAMEFINDER_ME,and noisy . SGT . TATE ( into mike ) CP,0.9715435941120024,NameDatabase@35f983a6
69,69,Tate,NAMEFINDER_ME,... BACK ON SGT . TATE as he reacts . The,0.9926186284298263,NameDatabase@35f983a6
69,69,Tate,NAMEFINDER_ME,out guns . SGT . TATE ( to the others ),0.9873305555462502,NameDatabase@35f983a6
69,69,Bobby,NAMEFINDER_ME,on your outside posts . Bobby , get the vests .,1.0,NameDatabase@35f983a6
69,69,Howard,NAMEFINDER_ME,the vests . Rainey , Howard , cover that fucking elevator,1.0,NameDatabase@35f983a6
69,69,Tate Lifts,NAMEFINDER_ME,at 3 . Sgt . Tate lifts the microphone again . SGT,0.7515518355757242,NameDatabase@35f983a6
69,69,Tate,NAMEFINDER_ME,microphone again . SGT . TATE ( into mike ) Seal,0.9715435941120024,NameDatabase@35f983a6
70,70,Tate,NAMEFINDER_ME,HIGH ANGLE on Sgt . Tate as he leads a five,0.9926186284298263,NameDatabase@35f983a6
71,71,Tate Approaches Very Cautiously,NAMEFINDER_ME,sounds closer . SGT . TATE approaches very cautiously , gun aimed . The,1.0,NameDatabase@35f983a6
71,71,Tate,NAMEFINDER_ME,backs away . SGT . TATE ( shouts at ceiling ),0.9769267596824847,NameDatabase@35f983a6
72,72,IN THE CELL,SPEAKER_ABOVE_DIALOGUE,IN THE CELL/a cop angrily punches OFF the music. Jacobs kneels with his,1.0,NameDatabase@35f983a6
72,72,AT THE OTHER BODY,SPEAKER_ABOVE_DIALOGUE,AT THE OTHER BODY/a cop gently removes a revolver from the bloody fist. Murray,,0.8999999999999999,NameDatabase@35f983a6
72,72,MURRAY,SPEAKER_ABOVE_DIALOGUE,MURRAY/This one's alive!,0.7,NameDatabase@35f983a6
72,72,MURRAY,SPEAKER_ABOVE_DIALOGUE,MURRAY/What's his name, Sarge?,0.7,NameDatabase@35f983a6
72,72,Tate Following His Gun,NAMEFINDER_ME,the glass to shatter , Tate following his gun inside , moving low ,,1.0,NameDatabase@35f983a6
72,72,Tate Oh,NAMEFINDER_ME,utter horror . SGT . TATE Oh no ... no ... is,1.0,NameDatabase@35f983a6
72,72,Gore Everywhere,NAMEFINDER_ME,a knife . Blood and gore everywhere . The faces are unrecognizable,0.8335413523679203,NameDatabase@35f983a6
72,72,Tate Struggles For Control,NAMEFINDER_ME,are unrecognizable . SGT . TATE struggles for control , as the other cops,1.0,NameDatabase@35f983a6
72,72,Tate,NAMEFINDER_ME,his belt . SGT . TATE ( into mike ) Command,0.9715435941120024,NameDatabase@35f983a6
72,72,Lecter Is,NAMEFINDER_ME,is missing . Repeat , Lecter is missing ... He ' s,0.7903640797443354,NameDatabase@35f983a6
72,72,Murray,NAMEFINDER_ME,from the bloody fist . Murray , the young patrolman ,,1.0,NameDatabase@35f983a6
72,72,Very Softly,NAMEFINDER_ME,; the wreckage GROANS , very softly . This one ' s,0.7141050981226882,NameDatabase@35f983a6
72,72,Tate Crosses,NAMEFINDER_ME,one ' s alive ! Tate crosses , kneels to see for,0.9757313405091101,NameDatabase@35f983a6
72,72,Kneels To See For Himself,NAMEFINDER_ME,alive ! Tate crosses , kneels to see for himself . Murray looks green .,1.0,NameDatabase@35f983a6
72,72,Murray Looks Green,NAMEFINDER_ME,to see for himself . Murray looks green . SGT . TATE Take,1.0,NameDatabase@35f983a6
72,72,Tate Take Ahold,NAMEFINDER_ME,looks green . SGT . TATE Take ahold of him where he can,1.0,NameDatabase@35f983a6
72,72,Tate It,NAMEFINDER_ME,, Sarge ? SGT . TATE It ' s Pembry , now,0.7148095601720509,NameDatabase@35f983a6
72,72,Lecter Is Missing And Armed,NAMEFINDER_ME,' s read bad . Lecter is missing and armed - he took Boyle ',1.0,NameDatabase@35f983a6
72,72,Tate,NAMEFINDER_ME,to Tate . SGT . TATE ( into radio ) Pembry,0.9715435941120024,NameDatabase@35f983a6
74,74,MURRAY,SPEAKER_ABOVE_DIALOGUE,MURRAY/You're just fine, Pembry, lookin',0.7,NameDatabase@35f983a6
74,74,Young Murray Crouches,NAMEFINDER_ME,pulse at the neck . Young Murray crouches , sickened , gripping a,1.0,NameDatabase@35f983a6
74,74,Gripping A,NAMEFINDER_ME,Murray crouches , sickened , gripping a bloody fist . You ',0.8886527937078228,NameDatabase@35f983a6
74,74,Buddy,NAMEFINDER_ME,, lookin ' good , buddy , you ' re gonna,1.0,NameDatabase@35f983a6
74,74,Help Push,NAMEFINDER_ME,to open the doors , help push , SWAT men are running,1.0,NameDatabase@35f983a6
75,75,Tate,NAMEFINDER_ME,Sgt . Tate , riding down with Jacobs,0.9645228959952241,NameDatabase@35f983a6
75,75,Tate,NAMEFINDER_ME,radio out . SGT . TATE ( into mike ) Ten,0.9715435941120024,NameDatabase@35f983a6
75,75,Tate Motions For Silence,NAMEFINDER_ME,service hatch . Sgt . Tate motions for silence , as both men draw,1.0,NameDatabase@35f983a6
75,75,Tate,NAMEFINDER_ME,their guns . SGT . TATE ( into mike ) Uh,0.9715435941120024,NameDatabase@35f983a6
76,76,Tate And Jacobs Hurry Out,NAMEFINDER_ME,elevator doors open , and Tate and Jacobs hurry out , stepping quickly to the,1.0,NameDatabase@35f983a6
76,76,Tate Reaches,NAMEFINDER_ME,quickly to the side . Tate reaches back in and - Locks,0.922719479449617,NameDatabase@35f983a6
76,76,As Tate Frantically Pushes Them Aside,NAMEFINDER_ME,to them , curious , as Tate frantically pushes them aside , gesturing for silence .,1.0,NameDatabase@35f983a6
76,76,Tate,NAMEFINDER_ME,for silence . SGT . TATE ( whispers ) He ',0.9760878583318598,NameDatabase@35f983a6
77,77,IN THE MIRROR,SPEAKER_ABOVE_DIALOGUE,IN THE MIRROR/the green figure shows no movement.,1.0,NameDatabase@35f983a6
77,77,ANGLE ON THE COPS AGAIN,SPEAKER_ABOVE_DIALOGUE,ANGLE ON THE COPS AGAIN/as Peterson mutters to Kubell.,1.0,NameDatabase@35f983a6
77,77,VERY CLOSE ON,SPEAKER_ABOVE_DIALOGUE,VERY CLOSE ON/The figure below, as Kubell's gunshot ROARS, echoing hugely,0.8999999999999999,NameDatabase@35f983a6
77,77,Peterson And Kubell,NAMEFINDER_ME,Two SWAT officers , PETERSON and KUBELL , turn a key ,,1.0,NameDatabase@35f983a6
77,77,Peterson,NAMEFINDER_ME,up to the edge , Peterson extends a mirror , on,0.859849690233164,NameDatabase@35f983a6
77,77,Extends A,NAMEFINDER_ME,to the edge , Peterson extends a mirror , on a long,0.7864720861154106,NameDatabase@35f983a6
77,77,As Kubell Carefully,NAMEFINDER_ME,whispers into a radio , as Kubell carefully tips an assault rifle ,,0.7137633058764524,NameDatabase@35f983a6
77,77,Peterson Nods To Kubell,NAMEFINDER_ME,Then take him out . Peterson nods to Kubell , who switches ON the,1.0,NameDatabase@35f983a6
77,77,As Peterson Shouts,NAMEFINDER_ME,switches ON the flashlight , as Peterson shouts down the shaft . Quinn,1.0,NameDatabase@35f983a6
77,77,As Peterson Mutters To Kubell,NAMEFINDER_ME,figure shows no movement . as Peterson mutters to Kubell . Put one in his,1.0,NameDatabase@35f983a6
77,77,Johnny,NAMEFINDER_ME,No movement . Okay , Johnny , hold your fire ...,1.0,NameDatabase@35f983a6
78,78,Tate Crouches,NAMEFINDER_ME,, from both sides . Tate crouches next to the SWAT COMMANDER,0.8306871555603103,NameDatabase@35f983a6
78,78,Peterson,NAMEFINDER_ME,from us . Affirm ? PETERSON ' S VOICE Got it,0.9863643318065533,NameDatabase@35f983a6
78,78,Tate Shoulders,NAMEFINDER_ME,the head . SGT . TATE shoulders through the SWAT cops for,1.0,NameDatabase@35f983a6
78,78,Tate That,NAMEFINDER_ME,, astonished . SGT . TATE That ' s Pembry ! CUT,0.7247907168132013,NameDatabase@35f983a6
78,78,the back of,PERSON_NOUN,at the waist. We see the back of the head.,0.7,null
80,80,Lecter,NAMEFINDER_ME,THROUGH AMBULANCE WINDSHIELD Dr . Lecter ' s face is slowly,0.8518352848199382,NameDatabase@35f983a6
80,80,Wipes,NAMEFINDER_ME,slowly REVEALED , as he wipes across it with a fistful,0.7314260331852852,NameDatabase@35f983a6
82,82,Very Rapid,NAMEFINDER_ME,MOVING ANGLE , very rapid , down this road ...,0.7962491579510609,NameDatabase@35f983a6
84,84,Lecter,NAMEFINDER_ME,the face of Dr . Lecter . He smiles his terrible,0.9188378579435608,NameDatabase@35f983a6
87,87,ARDELIA,SPEAKER_ABOVE_DIALOGUE,ARDELIA/In the parking garage at Memphis,0.7,NameDatabase@35f983a6
87,87,CLARICE,SPEAKER_ABOVE_DIALOGUE,CLARICE/No. He won't come after me.,0.7,NameDatabase@35f983a6
87,87,ARDELIA,SPEAKER_ABOVE_DIALOGUE,ARDELIA/Why not?,0.7,NameDatabase@35f983a6
87,87,CLARICE,SPEAKER_ABOVE_DIALOGUE,CLARICE/(bitterly),0.7,NameDatabase@35f983a6
87,87,ARDELIA,SPEAKER_ABOVE_DIALOGUE,ARDELIA/Clarice - you did the best anybody,0.7,NameDatabase@35f983a6
87,87,CLARICE,SPEAKER_ABOVE_DIALOGUE,CLARICE/The worst part - the thing that's,0.7,NameDatabase@35f983a6
87,87,ARDELIA,SPEAKER_ABOVE_DIALOGUE,ARDELIA/Lecter said a lot of things.,0.7,NameDatabase@35f983a6
87,87,CLARICE,SPEAKER_ABOVE_DIALOGUE,CLARICE/(shakes her head),0.7,NameDatabase@35f983a6
87,87,Bill Case,NAMEFINDER_ME,hair wet . The Buffalo Bill case file , a thick bundle,1.0,NameDatabase@35f983a6
87,87,Catherine Martin,NAMEFINDER_ME,best anybody could have for Catherine Martin . You stuck your neck,1.0,NameDatabase@35f983a6
87,87,Bill Is,NAMEFINDER_ME,me crazy - is that Bill is right in front of me,1.0,NameDatabase@35f983a6
87,87,Lecter Said,NAMEFINDER_ME,touching the case file ) Lecter said , everything I need to,1.0,NameDatabase@35f983a6
87,87,Lecter,NAMEFINDER_ME,, in these pages ... Lecter said a lot of things,0.7703383721860521,NameDatabase@35f983a6
88,88,ARDELIA,SPEAKER_ABOVE_DIALOGUE,ARDELIA/(surprised),0.7,NameDatabase@35f983a6
88,88,CLARICE,SPEAKER_ABOVE_DIALOGUE,CLARICE/""Desperately random."" What does he,0.7,NameDatabase@35f983a6
88,88,ARDELIA,SPEAKER_ABOVE_DIALOGUE,ARDELIA/Not random at all, maybe. Like there's,0.7,NameDatabase@35f983a6
88,88,CLARICE,SPEAKER_ABOVE_DIALOGUE,CLARICE/But there is no pattern. There's no,0.7,NameDatabase@35f983a6
88,88,ARDELIA,SPEAKER_ABOVE_DIALOGUE,ARDELIA/Well, except for the one girl.,0.7,NameDatabase@35f983a6
88,88,CLARICE,SPEAKER_ABOVE_DIALOGUE,CLARICE/(beat),0.7,NameDatabase@35f983a6
88,88,ARDELIA,SPEAKER_ABOVE_DIALOGUE,ARDELIA/The one that was weighted down. Where,0.7,NameDatabase@35f983a6
88,88,CLARICE,SPEAKER_ABOVE_DIALOGUE,CLARICE/Fredrica Bimmel, from Belvedere,,0.7,NameDatabase@35f983a6
88,88,ARDELIA,SPEAKER_ABOVE_DIALOGUE,ARDELIA/'Cause she didn't drift. He weighted,0.7,NameDatabase@35f983a6
88,88,CLARICE,SPEAKER_ABOVE_DIALOGUE,CLARICE/But why? He didn't weight the others.,0.7,NameDatabase@35f983a6
88,88,CLARICE,SPEAKER_ABOVE_DIALOGUE,CLARICE/The first, what the hell did Lecter,0.7,NameDatabase@35f983a6
88,88,CLARICE,SPEAKER_ABOVE_DIALOGUE,CLARICE/""- every day."",0.7,NameDatabase@35f983a6
88,88,ARDELIA,SPEAKER_ABOVE_DIALOGUE,ARDELIA/(softly),0.7,NameDatabase@35f983a6
88,88,Lecter,NAMEFINDER_ME,inked words in Dr . Lecter ' s precise , elegant,0.9867246707124725,NameDatabase@35f983a6
88,88,Lecter,NAMEFINDER_ME,elegant hand . DR . LECTER ( V . O .,0.992425489111269,NameDatabase@35f983a6
88,88,Hannibal Lecter,NAMEFINDER_ME,bad liar ? Ta ... Hannibal Lecter . as Clarice looks up,1.0,NameDatabase@35f983a6
88,88,Fred Something,NAMEFINDER_ME,Where is she ... ? Fred something . They search among the,1.0,NameDatabase@35f983a6
88,88,Lecter Say About,NAMEFINDER_ME,, what the hell did Lecter say about ... "" First principles ,,1.0,NameDatabase@35f983a6
89,89,CLARICE,SPEAKER_ABOVE_DIALOGUE,CLARICE/Maybe he lives in this, this,0.7,NameDatabase@35f983a6
89,89,CLARICE,SPEAKER_ABOVE_DIALOGUE,CLARICE/But then he had to cover up, make,0.7,NameDatabase@35f983a6
89,89,Burke,NAMEFINDER_ME,seated in front of Director Burke , who ' s at,0.7964981783829623,NameDatabase@35f983a6
89,89,Lives,NAMEFINDER_ME,boiling points . Maybe he lives in this , this Belvedere,0.8633768512127347,NameDatabase@35f983a6
89,89,Jack -,NAMEFINDER_ME,in custody in Baltimore ! Jack - You sent in a green,1.0,NameDatabase@35f983a6
89,89,Crawford,NAMEFINDER_ME,struggle to regain composure . Crawford , who was at the,0.7781125126640193,NameDatabase@35f983a6
89,89,Burke Looks Sadly At Crawford,NAMEFINDER_ME,finally retakes his seat . Burke looks sadly at Crawford and Clarice . ( very,1.0,NameDatabase@35f983a6
89,89,Jack,NAMEFINDER_ME,hearing . ( pause ) Jack ... you ' re ordered,1.0,NameDatabase@35f983a6
89,89,Sorry,NAMEFINDER_ME,beat ) I ' m sorry , Jack ... Go home,0.6709559429328327,NameDatabase@35f983a6
89,89,Jack,NAMEFINDER_ME,I ' m sorry , Jack ... Go home . Take,1.0,NameDatabase@35f983a6
89,89,pending a reevaluation,PERSON_NOUN,This is pending a reevaluation of,0.7,null
90,90,CLARICE,SPEAKER_ABOVE_DIALOGUE,CLARICE/All his victims are women... His,0.7,NameDatabase@35f983a6
90,90,CLARICE,SPEAKER_ABOVE_DIALOGUE,CLARICE/You do until six p.m.,0.7,NameDatabase@35f983a6
90,90,CLARICE,SPEAKER_ABOVE_DIALOGUE,CLARICE/But not from this angle. Not thinking,0.7,NameDatabase@35f983a6
90,90,CLARICE,SPEAKER_ABOVE_DIALOGUE,CLARICE/But I just became a private citizen.,0.7,NameDatabase@35f983a6
90,90,CLARICE,SPEAKER_ABOVE_DIALOGUE,CLARICE/He's going to kill her, Mr. Crawford.,0.7,NameDatabase@35f983a6
90,90,CLARICE,SPEAKER_ABOVE_DIALOGUE,CLARICE/Thank you.,0.7,NameDatabase@35f983a6
90,90,To Say,NAMEFINDER_ME,moment , not knowing what to say , not wanting to face,1.0,NameDatabase@35f983a6
90,90,Lives To Hunt Women,NAMEFINDER_ME,obsession is women , he lives to hunt women . But not one women,1.0,NameDatabase@35f983a6
90,90,Catherine,NAMEFINDER_ME,, a long moment . Catherine ' s life . Clarice,1.0,NameDatabase@35f983a6
90,90,Thank You,NAMEFINDER_ME,his money and card . Thank you . He watches , frightened,0.9812107823544496,NameDatabase@35f983a6
90,90,Fats Waller Singing,NAMEFINDER_ME,- the scratchy recording of Fats Waller SINGING , as we ... CUT,0.9916014053675224,NameDatabase@35f983a6
91,91,REVERSE ANGLE ON CATHERINE,SPEAKER_ABOVE_DIALOGUE,REVERSE ANGLE ON CATHERINE/crouched to one side, clutching the dog to her chest. Seeing,1.0,NameDatabase@35f983a6
91,91,CATHERINE,SPEAKER_ABOVE_DIALOGUE,CATHERINE/Get me a telephone. Lower it down to,0.7,NameDatabase@35f983a6
91,91,CATHERINE,SPEAKER_ABOVE_DIALOGUE,CATHERINE/You shoot motherfucker you better,0.7,NameDatabase@35f983a6
91,91,CATHERINE,SPEAKER_ABOVE_DIALOGUE,CATHERINE/Back off, you son of a bitch! Back,0.7,NameDatabase@35f983a6
91,91,CATHERINE,SPEAKER_ABOVE_DIALOGUE,CATHERINE/That's better... Now get me a live,0.7,NameDatabase@35f983a6
91,91,CATHERINE,SPEAKER_ABOVE_DIALOGUE,CATHERINE/begins shaking, hands and arms twitching uncontrollably. She,0.7,NameDatabase@35f983a6
91,91,Gumb,NAMEFINDER_ME,record , as Mr . Gumb ' s fingers lift away,0.9923648754527689,NameDatabase@35f983a6
91,91,Gumb,NAMEFINDER_ME,in background . MR . GUMB ( O . S .,0.987537675990367,NameDatabase@35f983a6
91,91,Gumb,NAMEFINDER_ME,cage , as Mr . Gumb ' s fingers search through,0.9923648754527689,NameDatabase@35f983a6
91,91,Gumb,NAMEFINDER_ME,flutter out . MR . GUMB ( O . S .,0.987537675990367,NameDatabase@35f983a6
91,91,Gumb,NAMEFINDER_ME,skinning knives . MR . GUMB ( O . S .,0.987537675990367,NameDatabase@35f983a6
91,91,Gumb,NAMEFINDER_ME,alarm has entered Mr . Gumb ' s voice . MR,0.9923648754527689,NameDatabase@35f983a6
91,91,Gumb,NAMEFINDER_ME,s voice . MR . GUMB ( O . S .,0.987537675990367,NameDatabase@35f983a6
91,91,You Little Scamp,NAMEFINDER_ME,come here this minute , you little scamp ! LOW ANGLE on Mr,1.0,NameDatabase@35f983a6
91,91,Gumb,NAMEFINDER_ME,LOW ANGLE on Mr . Gumb , wearing the kimono ,,0.9925778289100832,NameDatabase@35f983a6
91,91,Gumb,NAMEFINDER_ME,Genuinely scared . MR . GUMB Precious ... ? LOW ANGLE,0.9026865324159369,NameDatabase@35f983a6
91,91,Gumb,NAMEFINDER_ME,PIT OPENING Towards Mr . Gumb , as he stops at,0.9830111583049542,NameDatabase@35f983a6
91,91,Gumb Sweetheart,NAMEFINDER_ME,in shadows . MR . GUMB Sweetheart ... ? From the distant,0.6941165163961475,NameDatabase@35f983a6
91,91,Catherine,NAMEFINDER_ME,Catherine ' s voice . CATHERINE ( O . S .,1.0,NameDatabase@35f983a6
91,91,Gumb,NAMEFINDER_ME,of shit . Mr . Gumb ' s fist flies to,0.9923648754527689,NameDatabase@35f983a6
91,91,Gumb,NAMEFINDER_ME,PIT BOTTOM as Mr . Gumb ' s dark shape leans,0.9923648754527689,NameDatabase@35f983a6
91,91,Gumb Precious,NAMEFINDER_ME,the edge . MR . GUMB Precious , are you all right,1.0,NameDatabase@35f983a6
91,91,Gumb,NAMEFINDER_ME,chest . Seeing Mr . Gumb , the dog squirms frantically,0.9918806421978081,NameDatabase@35f983a6
91,91,Frantically,NAMEFINDER_ME,Gumb , the dog squirms frantically , BARKING . Get me,0.7075383053051892,NameDatabase@35f983a6
91,91,Gumb,NAMEFINDER_ME,dog . on Mr . Gumb , as , with a,0.9830111583049542,NameDatabase@35f983a6
91,91,Catherine Yanks,NAMEFINDER_ME,as he takes aim . Catherine yanks the dog up , into,1.0,NameDatabase@35f983a6
91,91,Gumb,NAMEFINDER_ME,to God ! MR . GUMB ( O . S .,0.987537675990367,NameDatabase@35f983a6
91,91,Gumb Cries,NAMEFINDER_ME,off ! as Mr . Gumb cries out again - a terrible,0.8158487589810242,NameDatabase@35f983a6
91,91,Mister,NAMEFINDER_ME,' s in pain , mister , she needs a vet,0.8591057575511907,NameDatabase@35f983a6
91,91,Gumb Stares Down At Her,NAMEFINDER_ME,a vet . MR . GUMB stares down at her , a long beat ,,1.0,NameDatabase@35f983a6
91,91,Gumb You,NAMEFINDER_ME,breathing heavily . MR . GUMB You think she ' s in,1.0,NameDatabase@35f983a6
91,91,You,NAMEFINDER_ME,' s in pain ? You don ' t know what,0.7079362513235905,NameDatabase@35f983a6
93,93,CLARICE,SPEAKER_ABOVE_DIALOGUE,CLARICE/approaches him, and the man lowers his hammer. He has red-,0.7,NameDatabase@35f983a6
93,93,CLARICE,SPEAKER_ABOVE_DIALOGUE,CLARICE/Mr. Bimmel...?,0.7,NameDatabase@35f983a6
93,93,Approaches Him,NAMEFINDER_ME,into a new coop . approaches him , and the man lowers,1.0,NameDatabase@35f983a6
93,93,Stares Back At Her,NAMEFINDER_ME,. Bimmel ... ? He stares back at her , warily . CUT TO,1.0,NameDatabase@35f983a6
94,94,Bimmel Leads,NAMEFINDER_ME,LOOKING DOWN as Mr . Bimmel leads Clarice up a steep flight,0.8481856241730328,NameDatabase@35f983a6
94,94,Bimmel I,NAMEFINDER_ME,a bit . MR . BIMMEL I don ' t know nothin,0.7287243618252739,NameDatabase@35f983a6
94,94,She Never,NAMEFINDER_ME,left the interview OK . She never come home . Clarice pauses,1.0,NameDatabase@35f983a6
94,94,Bimmel Her Room,NAMEFINDER_ME,each age . MR . BIMMEL Her room ' s how she left,1.0,NameDatabase@35f983a6
95,95,CLARICE,SPEAKER_ABOVE_DIALOGUE,CLARICE/turns, absorbing nuances. There is loneliness here, an echo,0.7,NameDatabase@35f983a6
95,95,CLARICE,SPEAKER_ABOVE_DIALOGUE,CLARICE/picks up the cat, scratches behind his ears. She glances up.,0.7,NameDatabase@35f983a6
95,95,CLARICE,SPEAKER_ABOVE_DIALOGUE,CLARICE/sitting at the desk, turns the pages of a high school,0.7,NameDatabase@35f983a6
95,95,CLARICE,SPEAKER_ABOVE_DIALOGUE,CLARICE/kneeling by the old Decca record player, flips through LPs,0.7,NameDatabase@35f983a6
95,95,CLARICE,SPEAKER_ABOVE_DIALOGUE,CLARICE/pulling a string to light up the closet. She is surprised,0.7,NameDatabase@35f983a6
95,95,FAVORING THE SEWING MACHINE,SPEAKER_ABOVE_DIALOGUE,FAVORING THE SEWING MACHINE/as Clarice turns, looks towards it. She hangs the dress on,0.8999999999999999,NameDatabase@35f983a6
95,95,CLARICE,SPEAKER_ABOVE_DIALOGUE,CLARICE/who stares at them, starting to tremble.,0.7,NameDatabase@35f983a6
95,95,CLARICE,SPEAKER_ABOVE_DIALOGUE,CLARICE/Sewing darts. You bastard.,0.7,NameDatabase@35f983a6
95,95,Crosses To Sit,NAMEFINDER_ME,the closet door knob , crosses to sit at the machine . She,1.0,NameDatabase@35f983a6
95,95,Lecter,NAMEFINDER_ME,her mind . DR . LECTER ( V . O .,0.9258501097923525,NameDatabase@35f983a6
95,95,Billy Wants To Change,NAMEFINDER_ME,V . O . ) Billy wants to change , too , Clarice .,1.0,NameDatabase@35f983a6
95,95,Her Attention Riveted By Something,NAMEFINDER_ME,. Suddenly she straightens , her attention riveted by something ... CLARICE ' S POV,1.0,NameDatabase@35f983a6
95,95,Lecter,NAMEFINDER_ME,to tremble . DR . LECTER ( V . O .,0.9258501097923525,NameDatabase@35f983a6
96,96,CLARICE,SPEAKER_ABOVE_DIALOGUE,CLARICE/(into phone),0.7,NameDatabase@35f983a6
96,96,CLARICE,SPEAKER_ABOVE_DIALOGUE,CLARICE/That's why they're all so big -,0.7,NameDatabase@35f983a6
96,96,CLARICE,SPEAKER_ABOVE_DIALOGUE,CLARICE/(pause; surprised),0.7,NameDatabase@35f983a6
96,96,Crawford,NAMEFINDER_ME,suit , "" Mr . Crawford - out of real women,0.9762111048440313,NameDatabase@35f983a6
97,97,CLARICE,SPEAKER_ABOVE_DIALOGUE,CLARICE/(on phone),0.7,NameDatabase@35f983a6
97,97,CLARICE,SPEAKER_ABOVE_DIALOGUE,CLARICE/Sewing...,0.7,NameDatabase@35f983a6
97,97,CLARICE,SPEAKER_ABOVE_DIALOGUE,CLARICE/(eagerly),0.7,NameDatabase@35f983a6
97,97,CLARICE,SPEAKER_ABOVE_DIALOGUE,CLARICE/Yes sir... I'll do my best.,0.7,NameDatabase@35f983a6
97,97,CLARICE,SPEAKER_ABOVE_DIALOGUE,CLARICE/Yes sir. Thank you, sir...,0.7,NameDatabase@35f983a6
97,97,Burroughs,NAMEFINDER_ME,a communications console , with Burroughs , in headphones , by,0.6991659429534335,NameDatabase@35f983a6
97,97,Jamie Gumb,NAMEFINDER_ME,' s name is "" Jamie Gumb , "" AKA "" John,1.0,NameDatabase@35f983a6
97,97,John Grant,NAMEFINDER_ME,Gumb , "" AKA "" John Grant . "" Lecter ' s,1.0,NameDatabase@35f983a6
97,97,John Grant,NAMEFINDER_ME,. The addressee was "" John Grant . "" Calumet Power &,1.0,NameDatabase@35f983a6
97,97,Him,NAMEFINDER_ME,counting on you to link him to the Bimmel girl ,,0.830896112167793,NameDatabase@35f983a6
97,97,We Never Would,NAMEFINDER_ME,place in the Academy . We never would ' ve found him without,1.0,NameDatabase@35f983a6
97,97,Least,NAMEFINDER_ME,going to forget that . Least of all me . Yes,0.8047708369991099,NameDatabase@35f983a6
97,97,Thank You,NAMEFINDER_ME,me . Yes sir . Thank you , sir ... switches off,1.0,NameDatabase@35f983a6
97,97,Feeling Bad For Her,NAMEFINDER_ME,sir ... switches off , feeling bad for her . On the console near,1.0,NameDatabase@35f983a6
97,97,Burroughs,NAMEFINDER_ME,He turns , looks . BURROUGHS ( O . S .,0.9571632778573326,NameDatabase@35f983a6
97,97,Jack,NAMEFINDER_ME,) Here he comes , Jack . an emerging sheet ,,1.0,NameDatabase@35f983a6
97,97,clouds,PERSON_NOUN,Through a window we see clouds, part of the jet's wing.,0.7,null
98,98,CLARICE,SPEAKER_ABOVE_DIALOGUE,CLARICE/somewhat embarrassed, crosses over to him.,0.7,NameDatabase@35f983a6
98,98,CLARICE,SPEAKER_ABOVE_DIALOGUE,CLARICE/Mr. Bimmel... did Fredrica ever,0.7,NameDatabase@35f983a6
98,98,CLARICE,SPEAKER_ABOVE_DIALOGUE,CLARICE/Who was her best friend, Mr. Bimmel?,0.7,NameDatabase@35f983a6
98,98,Bimmel Staring At Her,NAMEFINDER_ME,she sees - MR . BIMMEL staring at her in surprise . He sits,1.0,NameDatabase@35f983a6
98,98,Jamie Gumb,NAMEFINDER_ME,ever mention a man named Jamie Gumb , from Calumet City ?,1.0,NameDatabase@35f983a6
98,98,John Grant,NAMEFINDER_ME,from Calumet City ? Or John Grant ? ( he shakes his,1.0,NameDatabase@35f983a6
98,98,Ladies,NAMEFINDER_ME,for everybody . Stores , ladies , whatever . I don,0.8749148445330215,NameDatabase@35f983a6
98,98,Bimmel,NAMEFINDER_ME,best friend , Mr . Bimmel ? Who ' d she,0.7116885224593288,NameDatabase@35f983a6
99,99,Burroughs,NAMEFINDER_ME,gangway down . Crawford , Burroughs , and the HRT squad,0.9865924600482024,NameDatabase@35f983a6
100,100,STACY,SPEAKER_ABOVE_DIALOGUE,STACY/They said she was just rags, like,0.7,NameDatabase@35f983a6
100,100,CLARICE,SPEAKER_ABOVE_DIALOGUE,CLARICE/Stacy, did Fredrica ever mention a,0.7,NameDatabase@35f983a6
100,100,STACY,SPEAKER_ABOVE_DIALOGUE,STACY/No way. She had a guy, I'da known,,0.7,NameDatabase@35f983a6
100,100,CLARICE,SPEAKER_ABOVE_DIALOGUE,CLARICE/Did you ever work with her?,0.7,NameDatabase@35f983a6
100,100,STACY,SPEAKER_ABOVE_DIALOGUE,STACY/Oh sure, me'n Pam Malavesi used to,0.7,NameDatabase@35f983a6
100,100,CLARICE,SPEAKER_ABOVE_DIALOGUE,CLARICE/Where does Mrs. Lippman live? I'd,0.7,NameDatabase@35f983a6
100,100,STACY,SPEAKER_ABOVE_DIALOGUE,STACY/She died. She went to Florida to,0.7,NameDatabase@35f983a6
100,100,STACY,SPEAKER_ABOVE_DIALOGUE,STACY/(beat; shyly),0.7,NameDatabase@35f983a6
100,100,CLARICE,SPEAKER_ABOVE_DIALOGUE,CLARICE/I think so.,0.7,NameDatabase@35f983a6
100,100,STACY,SPEAKER_ABOVE_DIALOGUE,STACY/You get to travel around and stuff?,0.7,NameDatabase@35f983a6
100,100,CLARICE,SPEAKER_ABOVE_DIALOGUE,CLARICE/Sometimes you do.,0.7,NameDatabase@35f983a6
100,100,STACY,SPEAKER_ABOVE_DIALOGUE,STACY/Freddie was so happy for me when I,0.7,NameDatabase@35f983a6
100,100,Jamie Gumb,NAMEFINDER_ME,ever mention a man named Jamie Gumb ? Or John Grant ?,1.0,NameDatabase@35f983a6
100,100,John Grant,NAMEFINDER_ME,named Jamie Gumb ? Or John Grant ? ( Stacy shakes her,1.0,NameDatabase@35f983a6
100,100,Oh Sure,NAMEFINDER_ME,ever work with her ? Oh sure , me ' n Pam,0.6507199048036449,NameDatabase@35f983a6
100,100,Lippman Live,NAMEFINDER_ME,. Where does Mrs . Lippman live ? I ' d like,1.0,NameDatabase@35f983a6
100,100,Barry Manilow,NAMEFINDER_ME,- toaster giveaways , and Barry Manilow on the speakers all day,1.0,NameDatabase@35f983a6
102,102,Gumb,NAMEFINDER_ME,CLOSE ON Mr . Gumb , as he settles a,0.984447803067793,NameDatabase@35f983a6
102,102,Settles A,NAMEFINDER_ME,. Gumb , as he settles a big pair of infra -,0.7930337239312049,NameDatabase@35f983a6
104,104,Gumb Reaches,NAMEFINDER_ME,box , as Mr . Gumb reaches in , flips a switch,0.6820661179446172,NameDatabase@35f983a6
106,106,Gumb,NAMEFINDER_ME,Mr . Gumb , in his kimono and,0.9796473896847293,NameDatabase@35f983a6
108,108,Gumb,NAMEFINDER_ME,MR . GUMB ' S POV - MOVING,0.9923648754527689,NameDatabase@35f983a6
108,108,Precious Is Curled Into Her Stomach,NAMEFINDER_ME,infra - red darkness . Precious is curled into her stomach , asleep . The futon,1.0,NameDatabase@35f983a6
108,108,Catherine,NAMEFINDER_ME,The futon is up to Catherine ' s waist , but,0.9787746539622078,NameDatabase@35f983a6
108,108,Gumb Looking Down At Her,NAMEFINDER_ME,and neck . MR . GUMB Looking down at her , smiles ... CUT TO,1.0,NameDatabase@35f983a6
109,109,CRAWFORD AND BURROUGHS,SPEAKER_ABOVE_DIALOGUE,CRAWFORD AND BURROUGHS/have slipped out of the van, and are crouched behind it now,,0.8999999999999999,NameDatabase@35f983a6
109,109,MAN,PERSON_NOUN,THE ""DELIVERYMAN"",0.7,null
110,110,DUSTY BLACK METAL BOX,SPEAKER_ABOVE_DIALOGUE,DUSTY BLACK METAL BOX/the extension buzzer, mounted high on the wall, which is,1.0,NameDatabase@35f983a6
110,110,Gumb,NAMEFINDER_ME,the moment , Mr . Gumb aims the big Colt ,,0.9866258375590898,NameDatabase@35f983a6
110,110,Surprisingly Loud,NAMEFINDER_ME,hear his DOOR BUZZER , surprisingly loud and close by . He,1.0,NameDatabase@35f983a6
110,110,Gumb Raises His,NAMEFINDER_ME,, as - MR . GUMB raises his gun again , spinning back,0.7445640115141554,NameDatabase@35f983a6
110,110,Catherine,NAMEFINDER_ME,- THE PIT BOTTOM where Catherine , hearing but still not,1.0,NameDatabase@35f983a6
110,110,Gumb Bites His Lip,NAMEFINDER_ME,indistinguishable mass . MR . GUMB bites his lip , his aim wavering ,,0.8678904659390512,NameDatabase@35f983a6
110,110,BLACK METAL BOX,PERSON_ADJ,DUSTY BLACK METAL BOX,0.7,null
111,111,CLARICE,SPEAKER_ABOVE_DIALOGUE,CLARICE/Good afternoon... I wonder if you,0.7,NameDatabase@35f983a6
111,111,Lippman,NAMEFINDER_ME,m looking for Mrs . Lippman ' s family ? Mr,0.976388230873842,NameDatabase@35f983a6
111,111,Gumb Frowns Out At Clarice,NAMEFINDER_ME,s family ? Mr . Gumb frowns out at Clarice . For the first time,0.8093755922156495,NameDatabase@35f983a6
111,111,Gumb They,NAMEFINDER_ME,a face . MR . GUMB They don ' t live here,0.8577782302868698,NameDatabase@35f983a6
112,112,Burroughs Race,NAMEFINDER_ME,through as - Crawford and Burroughs race towards the door , guns,1.0,NameDatabase@35f983a6
113,113,CLARICE,SPEAKER_ABOVE_DIALOGUE,CLARICE/Excuse me, but I really do need to,0.7,NameDatabase@35f983a6
113,113,Gumb Starts To,NAMEFINDER_ME,Mr . Gumb starts to close the door , only,1.0,NameDatabase@35f983a6
113,113,Lippman,NAMEFINDER_ME,. This was Mrs . Lippman ' s house . Did,0.976388230873842,NameDatabase@35f983a6
113,113,Gumb,NAMEFINDER_ME,know her ? MR . GUMB ( beat ) Just briefly,0.9890588399653613,NameDatabase@35f983a6
115,115,CLARICE,SPEAKER_ABOVE_DIALOGUE,CLARICE/I'm investigating the death of,0.7,NameDatabase@35f983a6
115,115,CLARICE,SPEAKER_ABOVE_DIALOGUE,CLARICE/Mr. Gordon, did you know Fredrica,0.7,NameDatabase@35f983a6
115,115,Gumb,NAMEFINDER_ME,Clarice and Mr . Gumb , still eyeing each other,0.9881902195668675,NameDatabase@35f983a6
115,115,Gumb,NAMEFINDER_ME,, please ? MR . GUMB Jack Gordon . Mr .,0.9946899923391396,NameDatabase@35f983a6
115,115,Jack Gordon,NAMEFINDER_ME,please ? MR . GUMB Jack Gordon . Mr . Gordon ,,1.0,NameDatabase@35f983a6
115,115,Gordon,NAMEFINDER_ME,Jack Gordon . Mr . Gordon , did you know Fredrica,1.0,NameDatabase@35f983a6
115,115,Lippman,NAMEFINDER_ME,she worked for Mrs . Lippman ? MR . GUMB No,0.8803504060967763,NameDatabase@35f983a6
115,115,Gumb No,NAMEFINDER_ME,. Lippman ? MR . GUMB No . Wait ... Was she,1.0,NameDatabase@35f983a6
116,116,Burroughs Moves Quickly Down A,NAMEFINDER_ME,MOVING ANGLE as Burroughs moves quickly down a hallway and enters the living,1.0,NameDatabase@35f983a6
116,116,Burroughs Shakes His,NAMEFINDER_ME,by several other cops . Burroughs shakes his head : Nothing here ...,1.0,NameDatabase@35f983a6
117,117,CLARICE,SPEAKER_ABOVE_DIALOGUE,CLARICE/Thanks.,0.7,NameDatabase@35f983a6
117,117,ANGLE FAVORING THE COLT PYTHON,SPEAKER_ABOVE_DIALOGUE,ANGLE FAVORING THE COLT PYTHON/which rests on a counter, just inside the open kitchen,1.0,NameDatabase@35f983a6
117,117,Gumb Glances Briefly Over His Shoulder,NAMEFINDER_ME,Mr . Gumb glances briefly over his shoulder , towards his kitchen ,,1.0,NameDatabase@35f983a6
117,117,Gumb Mrs,NAMEFINDER_ME,a smile . MR . GUMB Mrs . Lippman had a son,0.9338731204783854,NameDatabase@35f983a6
117,117,Lippman,NAMEFINDER_ME,MR . GUMB Mrs . Lippman had a son , maybe,0.9774363419069528,NameDatabase@35f983a6
117,117,Had A,NAMEFINDER_ME,. GUMB Mrs . Lippman had a son , maybe he could,0.7261560380011749,NameDatabase@35f983a6
117,117,Gumb,NAMEFINDER_ME,we watch as Mr . Gumb , at the end of,0.9860628993988079,NameDatabase@35f983a6
117,117,At The,NAMEFINDER_ME,as Mr . Gumb , at the end of his front hall,1.0,NameDatabase@35f983a6
118,118,WE PICK OUT CRAWFORD,SPEAKER_ABOVE_DIALOGUE,WE PICK OUT CRAWFORD/walking across the grass towards the van, when all at once,0.8999999999999999,NameDatabase@35f983a6
118,118,CAMERA RUSHES VERY CLOSE,SPEAKER_ABOVE_DIALOGUE,CAMERA RUSHES VERY CLOSE/on his stricken face...,0.8999999999999999,NameDatabase@35f983a6
119,119,CLARICE,SPEAKER_ABOVE_DIALOGUE,CLARICE/I think we may be, yes.,0.7,NameDatabase@35f983a6
119,119,CLARICE,SPEAKER_ABOVE_DIALOGUE,CLARICE/Mr. Gordon, did you take over this,0.7,NameDatabase@35f983a6
119,119,CLARICE,SPEAKER_ABOVE_DIALOGUE,CLARICE/Did she leave any records here? Tax,0.7,NameDatabase@35f983a6
119,119,CLARICE,SPEAKER_ABOVE_DIALOGUE,CLARICE/unaware, is still glancing around the room. For several,0.7,NameDatabase@35f983a6
119,119,CLARICE,SPEAKER_ABOVE_DIALOGUE,CLARICE/No... no, we don't.,0.7,NameDatabase@35f983a6
119,119,CLARICE,SPEAKER_ABOVE_DIALOGUE,CLARICE/keeps her distance. They are about ten feet apart.,0.7,NameDatabase@35f983a6
119,119,CLARICE,SPEAKER_ABOVE_DIALOGUE,CLARICE/Good, thank you. Mr. Gordon, do you,0.7,NameDatabase@35f983a6
119,119,CLARICE,SPEAKER_ABOVE_DIALOGUE,CLARICE/whips her gun out, gripping it in both shaking hands.,0.7,NameDatabase@35f983a6
119,119,CLARICE,SPEAKER_ABOVE_DIALOGUE,CLARICE/Freeze!,0.7,NameDatabase@35f983a6
119,119,CLARICE,SPEAKER_ABOVE_DIALOGUE,CLARICE/tries to force more authority into her voice.,0.7,NameDatabase@35f983a6
119,119,CLARICE,SPEAKER_ABOVE_DIALOGUE,CLARICE/Okay... Okay, Mr. Gumb, you're under,0.7,NameDatabase@35f983a6
119,119,CLARICE,SPEAKER_ABOVE_DIALOGUE,CLARICE/hesitates, just a split second, to shoot him in the back -,0.7,NameDatabase@35f983a6
119,119,CLARICE,SPEAKER_ABOVE_DIALOGUE,CLARICE/Shit!,0.7,NameDatabase@35f983a6
119,119,Gumb,NAMEFINDER_ME,looking room . MR . GUMB ( O . S .,0.987537675990367,NameDatabase@35f983a6
119,119,Gumb Is,NAMEFINDER_ME,the kitchen . Mr . Gumb is crossing to a rolling desk,0.8619584089788008,NameDatabase@35f983a6
119,119,Gumb Are They,NAMEFINDER_ME,, neutral . MR . GUMB Are they close to catching somebody ,,1.0,NameDatabase@35f983a6
119,119,Gumb Stiffens,NAMEFINDER_ME,, yes . Mr . Gumb stiffens , almost imperceptibly . His,0.9825540699591963,NameDatabase@35f983a6
119,119,Gordon,NAMEFINDER_ME,rustling papers . Mr . Gordon , did you take over,1.0,NameDatabase@35f983a6
119,119,Lippman Died,NAMEFINDER_ME,this place after Mrs . Lippman died ? MR . GUMB Yes,0.8493738347845814,NameDatabase@35f983a6
119,119,Gumb Yes,NAMEFINDER_ME,Lippman died ? MR . GUMB Yes . I bought the house,0.7846384577082559,NameDatabase@35f983a6
119,119,Gumb,NAMEFINDER_ME,? CLOSE ON MR . GUMB ' S BACK as he,0.9923648754527689,NameDatabase@35f983a6
119,119,Gumb No,NAMEFINDER_ME,his rummaging . MR . GUMB No , nothing at all .,1.0,NameDatabase@35f983a6
119,119,Gumb,NAMEFINDER_ME,its wings . MR . GUMB Do you have his description,0.9071563632177093,NameDatabase@35f983a6
119,119,Gumb Turns Back Towards Her Cheerfully,NAMEFINDER_ME,its drape . MR . GUMB turns back towards her cheerfully , holding out a business,1.0,NameDatabase@35f983a6
119,119,Gumb Ahhh,NAMEFINDER_ME,business card . MR . GUMB Ahhh . Here ' s that,0.9811960058342442,NameDatabase@35f983a6
119,119,Thank You,NAMEFINDER_ME,feet apart . Good , thank you . Mr . Gordon ,,0.985955205286545,NameDatabase@35f983a6
119,119,Gordon,NAMEFINDER_ME,thank you . Mr . Gordon , do you have a,1.0,NameDatabase@35f983a6
119,119,Gumb Is,NAMEFINDER_ME,can use ? MR . GUMB is about to reply when the,0.8098447313478974,NameDatabase@35f983a6
119,119,Gumb,NAMEFINDER_ME,each other . MR . GUMB ( softly ) In the,0.9883904804573037,NameDatabase@35f983a6
119,119,Gumb Slowly Tilts,NAMEFINDER_ME,. Freeze ! MR . GUMB slowly tilts his head to one side,0.8557442210857157,NameDatabase@35f983a6
119,119,Gumb,NAMEFINDER_ME,... Okay , Mr . Gumb , you ' re under,0.9697036234162323,NameDatabase@35f983a6
119,119,Legs Spread,NAMEFINDER_ME,the floor , hands and legs spread , move it . MR,0.8243637490753216,NameDatabase@35f983a6
119,119,Gumb Turns,NAMEFINDER_ME,move it . MR . GUMB turns , then all at once,1.0,NameDatabase@35f983a6
120,120,CLARICE,SPEAKER_ABOVE_DIALOGUE,CLARICE/rushes to this - pauses - then elbows the door aside, aiming,0.7,NameDatabase@35f983a6
120,120,AN EMPTY STAIRWELL,SPEAKER_ABOVE_DIALOGUE,AN EMPTY STAIRWELL/brightly lit, leading to the cellar. Two doors facing the,0.7,NameDatabase@35f983a6
120,120,CLARICE,SPEAKER_ABOVE_DIALOGUE,CLARICE/hates this, hates this, which door, it's a trap, what to do:,0.7,NameDatabase@35f983a6
120,120,CLARICE,SPEAKER_ABOVE_DIALOGUE,CLARICE/rushes through the doorway, and down the stairs.,0.7,NameDatabase@35f983a6
120,120,Gumb,NAMEFINDER_ME,No sign of Mr . Gumb . hates this , hates,0.949359419982451,NameDatabase@35f983a6
120,120,Hates This,NAMEFINDER_ME,of Mr . Gumb . hates this , hates this , which,0.8412868184503688,NameDatabase@35f983a6
120,120,Catherine Martin,NAMEFINDER_ME,- The distant SCREAM of Catherine Martin , somewhere down there in,1.0,NameDatabase@35f983a6
121,121,CLARICE,SPEAKER_ABOVE_DIALOGUE,CLARICE/follows her gun around the corner, looking right.,0.7,NameDatabase@35f983a6
121,121,CLARICE,SPEAKER_ABOVE_DIALOGUE,CLARICE/moves cautiously towards this chamber...,0.7,NameDatabase@35f983a6
121,121,Gumb Has Switched,NAMEFINDER_ME,is incandescent ; Mr . Gumb has switched off his infra - red,1.0,NameDatabase@35f983a6
121,121,Moves Cautiously Towards This,NAMEFINDER_ME,, coming from there . moves cautiously towards this chamber ... CUT TO :,0.7948583859286438,NameDatabase@35f983a6
122,122,CLARICE,SPEAKER_ABOVE_DIALOGUE,CLARICE/kneels, staring up from one door to another, she can't cover,0.7,NameDatabase@35f983a6
122,122,CLARICE,SPEAKER_ABOVE_DIALOGUE,CLARICE/FBI, Catherine, you're safe.,0.7,NameDatabase@35f983a6
122,122,CATHERINE,SPEAKER_ABOVE_DIALOGUE,CATHERINE/Safe, SHIT, he's got a gun! Getmeout.,0.7,NameDatabase@35f983a6
122,122,CLARICE,SPEAKER_ABOVE_DIALOGUE,CLARICE/You're all right! Where is he?,0.7,NameDatabase@35f983a6
122,122,CATHERINE,SPEAKER_ABOVE_DIALOGUE,CATHERINE/Get me out!,0.7,NameDatabase@35f983a6
122,122,CLARICE,SPEAKER_ABOVE_DIALOGUE,CLARICE/I'll get you out! Just be quiet so I,0.7,NameDatabase@35f983a6
122,122,CATHERINE,SPEAKER_ABOVE_DIALOGUE,CATHERINE/I don't know! Get me out!!,0.7,NameDatabase@35f983a6
122,122,CLARICE,SPEAKER_ABOVE_DIALOGUE,CLARICE/Catherine. Listen to me. I have to,0.7,NameDatabase@35f983a6
122,122,CATHERINE,SPEAKER_ABOVE_DIALOGUE,CATHERINE/NOOOOO! You fucking bitch don't you,0.7,NameDatabase@35f983a6
122,122,CLARICE,SPEAKER_ABOVE_DIALOGUE,CLARICE/Shut UP!,0.7,NameDatabase@35f983a6
122,122,Catherine Screaming,NAMEFINDER_ME,, very briefly , sees Catherine SCREAMING , hysterical , and a,1.0,NameDatabase@35f983a6
122,122,Catherine,NAMEFINDER_ME,doing there ? FBI , Catherine , you ' re safe,1.0,NameDatabase@35f983a6
122,122,Catherine,NAMEFINDER_ME,! Get me out !! Catherine . Listen to me .,1.0,NameDatabase@35f983a6
122,122,Ignoring Catherine,NAMEFINDER_ME,re perfectly safe now ! Ignoring Catherine , whose shouts turn to,1.0,NameDatabase@35f983a6
123,123,Towards,NAMEFINDER_ME,MOVING down this passageway , towards a new room ... pausing,0.687960226827744,NameDatabase@35f983a6
123,123,Catherine,NAMEFINDER_ME,hear ... no sound except Catherine ' s CRYING , not,1.0,NameDatabase@35f983a6
124,124,CLARICE,SPEAKER_ABOVE_DIALOGUE,CLARICE/spins, almost shoots, before seeing -,0.7,NameDatabase@35f983a6
124,124,CLARICE,SPEAKER_ABOVE_DIALOGUE,CLARICE/gasps for breath, fighting for calm. She turns again, slashing,0.7,NameDatabase@35f983a6
124,124,Gumb,NAMEFINDER_ME,takes in ... Mr . Gumb ' s sewing machine ...,0.9923648754527689,NameDatabase@35f983a6
124,124,Shoots,NAMEFINDER_ME,and - spins , almost shoots , before seeing - with,0.829241411160976,NameDatabase@35f983a6
126,126,Seeing A,NAMEFINDER_ME,workroom , Clarice pauses , seeing a half - curtained door ,,0.7948057865236142,NameDatabase@35f983a6
127,127,CLARICE,SPEAKER_ABOVE_DIALOGUE,CLARICE/centers her gun on the curtain, at chest height, and yanks,0.7,NameDatabase@35f983a6
127,127,FEMALE HAND AND WRIST,SPEAKER_ABOVE_DIALOGUE,FEMALE HAND AND WRIST/sticking up from the tub, which is filled with hard red-purple,0.8999999999999999,NameDatabase@35f983a6
127,127,CLARICE,SPEAKER_ABOVE_DIALOGUE,CLARICE/is reacting with horror to this sight, the lights go out, to,0.7,NameDatabase@35f983a6
127,127,Gumb,NAMEFINDER_ME,green glow of Mr . Gumb ' s infra - red,0.9923648754527689,NameDatabase@35f983a6
127,127,Catherine Keening Again,NAMEFINDER_ME,utter darkness . SOUND of Catherine KEENING again , in the far distance,1.0,NameDatabase@35f983a6
127,127,FEMALE HAND AND,PERSON_ADJ,FEMALE HAND AND WRIST,0.7,null
128,128,CLARICE,SPEAKER_ABOVE_DIALOGUE,CLARICE/spins, still in SLOW MOTION, flame already leaping from her,0.7,NameDatabase@35f983a6
128,128,Catherine,NAMEFINDER_ME,own terrified BREATHING , and Catherine ' s faraway , echoing,1.0,NameDatabase@35f983a6
128,128,Gumb Who Has,NAMEFINDER_ME,then past - MR . GUMB who has flattened himself against a wall,1.0,NameDatabase@35f983a6
128,128,Very Slowly,NAMEFINDER_ME,, exposing her back . Very slowly and quietly he steps out,0.7604609530953476,NameDatabase@35f983a6
128,128,Gumb,NAMEFINDER_ME,one FLASH from Mr . Gumb , and one two three,0.9969991840850253,NameDatabase@35f983a6
128,128,Gumb,NAMEFINDER_ME,it bumps against Mr . Gumb ' s shoulder . He,0.9923648754527689,NameDatabase@35f983a6
128,128,Chest A,NAMEFINDER_ME,lying on his back , chest a bloody mess . She slides,0.8103940761787207,NameDatabase@35f983a6
128,128,Slowly Upwards,NAMEFINDER_ME,cannot . One hand reaches slowly upwards , the fingers twitching ,,0.7320544694889439,NameDatabase@35f983a6
128,128,Ghastly Groan,NAMEFINDER_ME,... Then a final , ghastly groan , his hand drops ,,0.7110712884601753,NameDatabase@35f983a6
128,128,an exquisite moment,PERSON_NOUN,suit of human skins. This is an exquisite moment for him - a,0.7,null
128,128,that,PERSON_NOUN,on their pillow. Then, as we PULL SLOWLY AWAY, we see that,0.7,null
129,129,CLARICE,SPEAKER_ABOVE_DIALOGUE,CLARICE/dazed, her face bandaged - comes out of the house, walking,0.7,NameDatabase@35f983a6
129,129,AN OHIO HIGHWAY PATROL CAR,SPEAKER_ABOVE_DIALOGUE,AN OHIO HIGHWAY PATROL CAR/pulls up, stops, and Crawford climbs out of the back seat.,1.0,NameDatabase@35f983a6
129,129,Catherine,NAMEFINDER_ME,house , walking protectively beside Catherine , who is wheeled on,1.0,NameDatabase@35f983a6
129,129,Catherine,NAMEFINDER_ME,with an extension ladder . Catherine , blinking in confusion ,,1.0,NameDatabase@35f983a6
129,129,Refuses To,NAMEFINDER_ME,the little dog , and refuses to give her up even as,1.0,NameDatabase@35f983a6
129,129,Burke,NAMEFINDER_ME,a long beat . DIRECTOR BURKE ( V . O .,0.8808087884629131,NameDatabase@35f983a6
130,130,CLARICE AND ARDELIA,SPEAKER_ABOVE_DIALOGUE,CLARICE AND ARDELIA/look at one another solemnly. Ardelia holds up both fists,,1.0,NameDatabase@35f983a6
130,130,CLARICE,SPEAKER_ABOVE_DIALOGUE,CLARICE/grins - more happy than we've ever seen her - then turns to,0.7,NameDatabase@35f983a6
131,131,ARDELIA,SPEAKER_ABOVE_DIALOGUE,ARDELIA/Agent Starling! Telephone!,0.7,NameDatabase@35f983a6
131,131,CLARICE,SPEAKER_ABOVE_DIALOGUE,CLARICE/(surprised),0.7,NameDatabase@35f983a6
132,132,CLARICE,SPEAKER_ABOVE_DIALOGUE,CLARICE/Starling.,0.7,NameDatabase@35f983a6
132,132,ARDELIA,SPEAKER_ABOVE_DIALOGUE,ARDELIA/who is just inside the rec room door, at the end of the hall,,0.7,NameDatabase@35f983a6
132,132,CLARICE,SPEAKER_ABOVE_DIALOGUE,CLARICE/turns back, gripping the phone more tightly.,0.7,NameDatabase@35f983a6
132,132,CLARICE,SPEAKER_ABOVE_DIALOGUE,CLARICE/Where are you, Dr. Lecter?,0.7,NameDatabase@35f983a6
132,132,Lecter,NAMEFINDER_ME,. Starling . DR . LECTER ( V . O .,0.9258501097923525,NameDatabase@35f983a6
132,132,Lecter,NAMEFINDER_ME,cheerfully back . DR . LECTER ( V . O .,0.9258501097923525,NameDatabase@35f983a6
133,133,CLARICE,SPEAKER_ABOVE_DIALOGUE,CLARICE/Dr. Lecter -,0.7,NameDatabase@35f983a6
133,133,Lecter,NAMEFINDER_ME,countless stars . DR . LECTER ( O . S .,0.7623415276674881,NameDatabase@35f983a6
133,133,Lecter,NAMEFINDER_ME,lights shimmering ... DR . LECTER ( O . S .,0.7623415276674881,NameDatabase@35f983a6
133,133,Tonight,NAMEFINDER_ME,) Orion is looking splendid tonight , and Arcturus , the,0.6970942927574632,NameDatabase@35f983a6
133,133,Lecter Smiles,NAMEFINDER_ME,his flock ... DR . LECTER smiles into his mobile phone .,1.0,NameDatabase@35f983a6
133,133,Lecter,NAMEFINDER_ME,as well . DR . LECTER ( into phone ) Your,0.6665689617903657,NameDatabase@35f983a6
133,133,Will Never End,NAMEFINDER_ME,you , and the plight will never end . Dr . Lecter -,1.0,NameDatabase@35f983a6
133,133,Lecter Goodbye,NAMEFINDER_ME,that promise . DR . LECTER Goodbye , Clarice ... ( and,0.9412530963467955,NameDatabase@35f983a6
133,133,a rolling lawn,PERSON_NOUN,we see a rolling lawn, a curving bay. Boats ride at anchor,,0.7,null
134,134,CLARICE,SPEAKER_ABOVE_DIALOGUE,CLARICE/Dr. Lecter... Dr. Lecter...!,0.7,NameDatabase@35f983a6
134,134,Lecter,NAMEFINDER_ME,sinking in . Dr . Lecter ... Dr . Lecter ...,0.7058823120625394,NameDatabase@35f983a6
134,134,Lecter,NAMEFINDER_ME,. Lecter ... Dr . Lecter ... ! But only a,0.7032688540303391,NameDatabase@35f983a6
135,135,Lecter Sighs,NAMEFINDER_ME,Dr . Lecter sighs , sets his phone down,0.9713785568697451,NameDatabase@35f983a6
136,136,Frederick Chilton,NAMEFINDER_ME,writhing figure of Dr . Frederick Chilton . The extreme intricacy of,1.0,NameDatabase@35f983a6
136,136,Lecter,NAMEFINDER_ME,his bindings recalls Dr . Lecter ' s own former restraints,0.9867246707124725,NameDatabase@35f983a6
136,136,Lecter,NAMEFINDER_ME,he stares at Dr . Lecter like a rabbit trapped in,0.9786646584944324,NameDatabase@35f983a6
136,136,Like A Rabbit Trapped,NAMEFINDER_ME,stares at Dr . Lecter like a rabbit trapped in headlights . DR .,1.0,NameDatabase@35f983a6
136,136,Lecter Considers,NAMEFINDER_ME,in headlights . DR . LECTER Considers him for a genial moment,0.8800858194090411,NameDatabase@35f983a6
136,136,Lecter Well,NAMEFINDER_ME,are twinkling . DR . LECTER Well , Dr . Chilton .,1.0,NameDatabase@35f983a6
